[04-Oct-2025 10:08:06 UTC] PHP Warning:  Trying to access array offset on value of type bool in C:\Users\Constant\Local Sites\cli\app\public\wp-content\themes\edumel\inc\edumel-functions.php on line 209
[04-Oct-2025 10:17:03 UTC] Quiz attempt migration completed!
[04-Oct-2025 10:17:03 UTC] WordPress database error Table 'local.wp_wc_orders_meta' doesn't exist for query 
			SELECT COUNT(te.earning_id) as total_count
			FROM wp_tutor_earnings te
			 INNER JOIN wp_wc_orders_meta wcom ON te.order_id = wcom.order_id 
			WHERE te.process_by = 'tutor' AND wcom.meta_key = '_is_tutor_order_for_course'
		 made by do_action_ref_array('process_by_wc_migrator'), WP_Hook->do_action, WP_Hook->apply_filters, Tutor\Migrations\BatchProcessor->process_batch, Tutor\Migrations\ProcessByWcMigrator->get_total_items, Tutor\Helpers\QueryHelper::get_joined_count
[04-Oct-2025 10:17:03 UTC] PHP Fatal error:  Uncaught Exception: Table 'local.wp_wc_orders_meta' doesn't exist in C:\Users\Constant\Local Sites\cli\app\public\wp-content\plugins\tutor\helpers\QueryHelper.php:1120
Stack trace:
#0 C:\Users\Constant\Local Sites\cli\app\public\wp-content\plugins\tutor\migrations\ProcessByWcMigrator.php(82): Tutor\Helpers\QueryHelper::get_joined_count('tutor_earnings ...', Array, Array, Array, 'te.earning_id')
#1 C:\Users\Constant\Local Sites\cli\app\public\wp-content\plugins\tutor\migrations\BatchProcessor.php(179): Tutor\Migrations\ProcessByWcMigrator->get_total_items()
#2 C:\Users\Constant\Local Sites\cli\app\public\wp-includes\class-wp-hook.php(324): Tutor\Migrations\BatchProcessor->process_batch()
#3 C:\Users\Constant\Local Sites\cli\app\public\wp-includes\class-wp-hook.php(348): WP_Hook->apply_filters('', Array)
#4 C:\Users\Constant\Local Sites\cli\app\public\wp-includes\plugin.php(565): WP_Hook->do_action(Array)
#5 C:\Users\Constant\Local Sites\cli\app\public\wp-cron.php(191): do_action_ref_array('process_by_wc_m...', Array)
#6 {main}
  thrown in C:\Users\Constant\Local Sites\cli\app\public\wp-content\plugins\tutor\helpers\QueryHelper.php on line 1120
[04-Oct-2025 10:18:28 UTC] WordPress database error Table 'local.wp_wc_orders_meta' doesn't exist for query 
			SELECT COUNT(te.earning_id) as total_count
			FROM wp_tutor_earnings te
			 INNER JOIN wp_wc_orders_meta wcom ON te.order_id = wcom.order_id 
			WHERE te.process_by = 'tutor' AND wcom.meta_key = '_is_tutor_order_for_course'
		 made by do_action_ref_array('process_by_wc_migrator'), WP_Hook->do_action, WP_Hook->apply_filters, Tutor\Migrations\BatchProcessor->process_batch, Tutor\Migrations\ProcessByWcMigrator->get_total_items, Tutor\Helpers\QueryHelper::get_joined_count
[04-Oct-2025 10:18:28 UTC] PHP Fatal error:  Uncaught Exception: Table 'local.wp_wc_orders_meta' doesn't exist in C:\Users\Constant\Local Sites\cli\app\public\wp-content\plugins\tutor\helpers\QueryHelper.php:1120
Stack trace:
#0 C:\Users\Constant\Local Sites\cli\app\public\wp-content\plugins\tutor\migrations\ProcessByWcMigrator.php(82): Tutor\Helpers\QueryHelper::get_joined_count('tutor_earnings ...', Array, Array, Array, 'te.earning_id')
#1 C:\Users\Constant\Local Sites\cli\app\public\wp-content\plugins\tutor\migrations\BatchProcessor.php(179): Tutor\Migrations\ProcessByWcMigrator->get_total_items()
#2 C:\Users\Constant\Local Sites\cli\app\public\wp-includes\class-wp-hook.php(324): Tutor\Migrations\BatchProcessor->process_batch()
#3 C:\Users\Constant\Local Sites\cli\app\public\wp-includes\class-wp-hook.php(348): WP_Hook->apply_filters('', Array)
#4 C:\Users\Constant\Local Sites\cli\app\public\wp-includes\plugin.php(565): WP_Hook->do_action(Array)
#5 C:\Users\Constant\Local Sites\cli\app\public\wp-cron.php(191): do_action_ref_array('process_by_wc_m...', Array)
#6 {main}
  thrown in C:\Users\Constant\Local Sites\cli\app\public\wp-content\plugins\tutor\helpers\QueryHelper.php on line 1120
[04-Oct-2025 10:19:50 UTC] WordPress database error Table 'local.wp_wc_orders_meta' doesn't exist for query 
			SELECT COUNT(te.earning_id) as total_count
			FROM wp_tutor_earnings te
			 INNER JOIN wp_wc_orders_meta wcom ON te.order_id = wcom.order_id 
			WHERE te.process_by = 'tutor' AND wcom.meta_key = '_is_tutor_order_for_course'
		 made by do_action_ref_array('process_by_wc_migrator'), WP_Hook->do_action, WP_Hook->apply_filters, Tutor\Migrations\BatchProcessor->process_batch, Tutor\Migrations\ProcessByWcMigrator->get_total_items, Tutor\Helpers\QueryHelper::get_joined_count
[04-Oct-2025 10:19:50 UTC] PHP Fatal error:  Uncaught Exception: Table 'local.wp_wc_orders_meta' doesn't exist in C:\Users\Constant\Local Sites\cli\app\public\wp-content\plugins\tutor\helpers\QueryHelper.php:1120
Stack trace:
#0 C:\Users\Constant\Local Sites\cli\app\public\wp-content\plugins\tutor\migrations\ProcessByWcMigrator.php(82): Tutor\Helpers\QueryHelper::get_joined_count('tutor_earnings ...', Array, Array, Array, 'te.earning_id')
#1 C:\Users\Constant\Local Sites\cli\app\public\wp-content\plugins\tutor\migrations\BatchProcessor.php(179): Tutor\Migrations\ProcessByWcMigrator->get_total_items()
#2 C:\Users\Constant\Local Sites\cli\app\public\wp-includes\class-wp-hook.php(324): Tutor\Migrations\BatchProcessor->process_batch()
#3 C:\Users\Constant\Local Sites\cli\app\public\wp-includes\class-wp-hook.php(348): WP_Hook->apply_filters('', Array)
#4 C:\Users\Constant\Local Sites\cli\app\public\wp-includes\plugin.php(565): WP_Hook->do_action(Array)
#5 C:\Users\Constant\Local Sites\cli\app\public\wp-cron.php(191): do_action_ref_array('process_by_wc_m...', Array)
#6 {main}
  thrown in C:\Users\Constant\Local Sites\cli\app\public\wp-content\plugins\tutor\helpers\QueryHelper.php on line 1120
[04-Oct-2025 10:20:56 UTC] WordPress database error Table 'local.wp_wc_orders_meta' doesn't exist for query 
			SELECT COUNT(te.earning_id) as total_count
			FROM wp_tutor_earnings te
			 INNER JOIN wp_wc_orders_meta wcom ON te.order_id = wcom.order_id 
			WHERE te.process_by = 'tutor' AND wcom.meta_key = '_is_tutor_order_for_course'
		 made by do_action_ref_array('process_by_wc_migrator'), WP_Hook->do_action, WP_Hook->apply_filters, Tutor\Migrations\BatchProcessor->process_batch, Tutor\Migrations\ProcessByWcMigrator->get_total_items, Tutor\Helpers\QueryHelper::get_joined_count
[04-Oct-2025 10:20:56 UTC] PHP Fatal error:  Uncaught Exception: Table 'local.wp_wc_orders_meta' doesn't exist in C:\Users\Constant\Local Sites\cli\app\public\wp-content\plugins\tutor\helpers\QueryHelper.php:1120
Stack trace:
#0 C:\Users\Constant\Local Sites\cli\app\public\wp-content\plugins\tutor\migrations\ProcessByWcMigrator.php(82): Tutor\Helpers\QueryHelper::get_joined_count('tutor_earnings ...', Array, Array, Array, 'te.earning_id')
#1 C:\Users\Constant\Local Sites\cli\app\public\wp-content\plugins\tutor\migrations\BatchProcessor.php(179): Tutor\Migrations\ProcessByWcMigrator->get_total_items()
#2 C:\Users\Constant\Local Sites\cli\app\public\wp-includes\class-wp-hook.php(324): Tutor\Migrations\BatchProcessor->process_batch()
#3 C:\Users\Constant\Local Sites\cli\app\public\wp-includes\class-wp-hook.php(348): WP_Hook->apply_filters('', Array)
#4 C:\Users\Constant\Local Sites\cli\app\public\wp-includes\plugin.php(565): WP_Hook->do_action(Array)
#5 C:\Users\Constant\Local Sites\cli\app\public\wp-cron.php(191): do_action_ref_array('process_by_wc_m...', Array)
#6 {main}
  thrown in C:\Users\Constant\Local Sites\cli\app\public\wp-content\plugins\tutor\helpers\QueryHelper.php on line 1120
[04-Oct-2025 10:22:04 UTC] WordPress database error Table 'local.wp_wc_orders_meta' doesn't exist for query 
			SELECT COUNT(te.earning_id) as total_count
			FROM wp_tutor_earnings te
			 INNER JOIN wp_wc_orders_meta wcom ON te.order_id = wcom.order_id 
			WHERE te.process_by = 'tutor' AND wcom.meta_key = '_is_tutor_order_for_course'
		 made by do_action_ref_array('process_by_wc_migrator'), WP_Hook->do_action, WP_Hook->apply_filters, Tutor\Migrations\BatchProcessor->process_batch, Tutor\Migrations\ProcessByWcMigrator->get_total_items, Tutor\Helpers\QueryHelper::get_joined_count
[04-Oct-2025 10:22:04 UTC] PHP Fatal error:  Uncaught Exception: Table 'local.wp_wc_orders_meta' doesn't exist in C:\Users\Constant\Local Sites\cli\app\public\wp-content\plugins\tutor\helpers\QueryHelper.php:1120
Stack trace:
#0 C:\Users\Constant\Local Sites\cli\app\public\wp-content\plugins\tutor\migrations\ProcessByWcMigrator.php(82): Tutor\Helpers\QueryHelper::get_joined_count('tutor_earnings ...', Array, Array, Array, 'te.earning_id')
#1 C:\Users\Constant\Local Sites\cli\app\public\wp-content\plugins\tutor\migrations\BatchProcessor.php(179): Tutor\Migrations\ProcessByWcMigrator->get_total_items()
#2 C:\Users\Constant\Local Sites\cli\app\public\wp-includes\class-wp-hook.php(324): Tutor\Migrations\BatchProcessor->process_batch()
#3 C:\Users\Constant\Local Sites\cli\app\public\wp-includes\class-wp-hook.php(348): WP_Hook->apply_filters('', Array)
#4 C:\Users\Constant\Local Sites\cli\app\public\wp-includes\plugin.php(565): WP_Hook->do_action(Array)
#5 C:\Users\Constant\Local Sites\cli\app\public\wp-cron.php(191): do_action_ref_array('process_by_wc_m...', Array)
#6 {main}
  thrown in C:\Users\Constant\Local Sites\cli\app\public\wp-content\plugins\tutor\helpers\QueryHelper.php on line 1120
[04-Oct-2025 10:23:43 UTC] WordPress database error Table 'local.wp_wc_orders_meta' doesn't exist for query 
			SELECT COUNT(te.earning_id) as total_count
			FROM wp_tutor_earnings te
			 INNER JOIN wp_wc_orders_meta wcom ON te.order_id = wcom.order_id 
			WHERE te.process_by = 'tutor' AND wcom.meta_key = '_is_tutor_order_for_course'
		 made by do_action_ref_array('process_by_wc_migrator'), WP_Hook->do_action, WP_Hook->apply_filters, Tutor\Migrations\BatchProcessor->process_batch, Tutor\Migrations\ProcessByWcMigrator->get_total_items, Tutor\Helpers\QueryHelper::get_joined_count
[04-Oct-2025 10:23:43 UTC] PHP Fatal error:  Uncaught Exception: Table 'local.wp_wc_orders_meta' doesn't exist in C:\Users\Constant\Local Sites\cli\app\public\wp-content\plugins\tutor\helpers\QueryHelper.php:1120
Stack trace:
#0 C:\Users\Constant\Local Sites\cli\app\public\wp-content\plugins\tutor\migrations\ProcessByWcMigrator.php(82): Tutor\Helpers\QueryHelper::get_joined_count('tutor_earnings ...', Array, Array, Array, 'te.earning_id')
#1 C:\Users\Constant\Local Sites\cli\app\public\wp-content\plugins\tutor\migrations\BatchProcessor.php(179): Tutor\Migrations\ProcessByWcMigrator->get_total_items()
#2 C:\Users\Constant\Local Sites\cli\app\public\wp-includes\class-wp-hook.php(324): Tutor\Migrations\BatchProcessor->process_batch()
#3 C:\Users\Constant\Local Sites\cli\app\public\wp-includes\class-wp-hook.php(348): WP_Hook->apply_filters('', Array)
#4 C:\Users\Constant\Local Sites\cli\app\public\wp-includes\plugin.php(565): WP_Hook->do_action(Array)
#5 C:\Users\Constant\Local Sites\cli\app\public\wp-cron.php(191): do_action_ref_array('process_by_wc_m...', Array)
#6 {main}
  thrown in C:\Users\Constant\Local Sites\cli\app\public\wp-content\plugins\tutor\helpers\QueryHelper.php on line 1120
[04-Oct-2025 10:25:52 UTC] WordPress database error Table 'local.wp_wc_orders_meta' doesn't exist for query 
			SELECT COUNT(te.earning_id) as total_count
			FROM wp_tutor_earnings te
			 INNER JOIN wp_wc_orders_meta wcom ON te.order_id = wcom.order_id 
			WHERE te.process_by = 'tutor' AND wcom.meta_key = '_is_tutor_order_for_course'
		 made by do_action_ref_array('process_by_wc_migrator'), WP_Hook->do_action, WP_Hook->apply_filters, Tutor\Migrations\BatchProcessor->process_batch, Tutor\Migrations\ProcessByWcMigrator->get_total_items, Tutor\Helpers\QueryHelper::get_joined_count
[04-Oct-2025 10:25:52 UTC] PHP Fatal error:  Uncaught Exception: Table 'local.wp_wc_orders_meta' doesn't exist in C:\Users\Constant\Local Sites\cli\app\public\wp-content\plugins\tutor\helpers\QueryHelper.php:1120
Stack trace:
#0 C:\Users\Constant\Local Sites\cli\app\public\wp-content\plugins\tutor\migrations\ProcessByWcMigrator.php(82): Tutor\Helpers\QueryHelper::get_joined_count('tutor_earnings ...', Array, Array, Array, 'te.earning_id')
#1 C:\Users\Constant\Local Sites\cli\app\public\wp-content\plugins\tutor\migrations\BatchProcessor.php(179): Tutor\Migrations\ProcessByWcMigrator->get_total_items()
#2 C:\Users\Constant\Local Sites\cli\app\public\wp-includes\class-wp-hook.php(324): Tutor\Migrations\BatchProcessor->process_batch()
#3 C:\Users\Constant\Local Sites\cli\app\public\wp-includes\class-wp-hook.php(348): WP_Hook->apply_filters('', Array)
#4 C:\Users\Constant\Local Sites\cli\app\public\wp-includes\plugin.php(565): WP_Hook->do_action(Array)
#5 C:\Users\Constant\Local Sites\cli\app\public\wp-cron.php(191): do_action_ref_array('process_by_wc_m...', Array)
#6 {main}
  thrown in C:\Users\Constant\Local Sites\cli\app\public\wp-content\plugins\tutor\helpers\QueryHelper.php on line 1120
[04-Oct-2025 10:29:34 UTC] WordPress database error Table 'local.wp_wc_orders_meta' doesn't exist for query 
			SELECT COUNT(te.earning_id) as total_count
			FROM wp_tutor_earnings te
			 INNER JOIN wp_wc_orders_meta wcom ON te.order_id = wcom.order_id 
			WHERE te.process_by = 'tutor' AND wcom.meta_key = '_is_tutor_order_for_course'
		 made by do_action_ref_array('process_by_wc_migrator'), WP_Hook->do_action, WP_Hook->apply_filters, Tutor\Migrations\BatchProcessor->process_batch, Tutor\Migrations\ProcessByWcMigrator->get_total_items, Tutor\Helpers\QueryHelper::get_joined_count
[04-Oct-2025 10:29:34 UTC] PHP Fatal error:  Uncaught Exception: Table 'local.wp_wc_orders_meta' doesn't exist in C:\Users\Constant\Local Sites\cli\app\public\wp-content\plugins\tutor\helpers\QueryHelper.php:1120
Stack trace:
#0 C:\Users\Constant\Local Sites\cli\app\public\wp-content\plugins\tutor\migrations\ProcessByWcMigrator.php(82): Tutor\Helpers\QueryHelper::get_joined_count('tutor_earnings ...', Array, Array, Array, 'te.earning_id')
#1 C:\Users\Constant\Local Sites\cli\app\public\wp-content\plugins\tutor\migrations\BatchProcessor.php(179): Tutor\Migrations\ProcessByWcMigrator->get_total_items()
#2 C:\Users\Constant\Local Sites\cli\app\public\wp-includes\class-wp-hook.php(324): Tutor\Migrations\BatchProcessor->process_batch()
#3 C:\Users\Constant\Local Sites\cli\app\public\wp-includes\class-wp-hook.php(348): WP_Hook->apply_filters('', Array)
#4 C:\Users\Constant\Local Sites\cli\app\public\wp-includes\plugin.php(565): WP_Hook->do_action(Array)
#5 C:\Users\Constant\Local Sites\cli\app\public\wp-cron.php(191): do_action_ref_array('process_by_wc_m...', Array)
#6 {main}
  thrown in C:\Users\Constant\Local Sites\cli\app\public\wp-content\plugins\tutor\helpers\QueryHelper.php on line 1120
[04-Oct-2025 10:30:38 UTC] WordPress database error Table 'local.wp_wc_orders_meta' doesn't exist for query 
			SELECT COUNT(te.earning_id) as total_count
			FROM wp_tutor_earnings te
			 INNER JOIN wp_wc_orders_meta wcom ON te.order_id = wcom.order_id 
			WHERE te.process_by = 'tutor' AND wcom.meta_key = '_is_tutor_order_for_course'
		 made by do_action_ref_array('process_by_wc_migrator'), WP_Hook->do_action, WP_Hook->apply_filters, Tutor\Migrations\BatchProcessor->process_batch, Tutor\Migrations\ProcessByWcMigrator->get_total_items, Tutor\Helpers\QueryHelper::get_joined_count
[04-Oct-2025 10:30:38 UTC] PHP Fatal error:  Uncaught Exception: Table 'local.wp_wc_orders_meta' doesn't exist in C:\Users\Constant\Local Sites\cli\app\public\wp-content\plugins\tutor\helpers\QueryHelper.php:1120
Stack trace:
#0 C:\Users\Constant\Local Sites\cli\app\public\wp-content\plugins\tutor\migrations\ProcessByWcMigrator.php(82): Tutor\Helpers\QueryHelper::get_joined_count('tutor_earnings ...', Array, Array, Array, 'te.earning_id')
#1 C:\Users\Constant\Local Sites\cli\app\public\wp-content\plugins\tutor\migrations\BatchProcessor.php(179): Tutor\Migrations\ProcessByWcMigrator->get_total_items()
#2 C:\Users\Constant\Local Sites\cli\app\public\wp-includes\class-wp-hook.php(324): Tutor\Migrations\BatchProcessor->process_batch()
#3 C:\Users\Constant\Local Sites\cli\app\public\wp-includes\class-wp-hook.php(348): WP_Hook->apply_filters('', Array)
#4 C:\Users\Constant\Local Sites\cli\app\public\wp-includes\plugin.php(565): WP_Hook->do_action(Array)
#5 C:\Users\Constant\Local Sites\cli\app\public\wp-cron.php(191): do_action_ref_array('process_by_wc_m...', Array)
#6 {main}
  thrown in C:\Users\Constant\Local Sites\cli\app\public\wp-content\plugins\tutor\helpers\QueryHelper.php on line 1120
[04-Oct-2025 10:31:36 UTC] WordPress database error Table 'local.wp_wc_orders_meta' doesn't exist for query 
			SELECT COUNT(te.earning_id) as total_count
			FROM wp_tutor_earnings te
			 INNER JOIN wp_wc_orders_meta wcom ON te.order_id = wcom.order_id 
			WHERE te.process_by = 'tutor' AND wcom.meta_key = '_is_tutor_order_for_course'
		 made by do_action_ref_array('process_by_wc_migrator'), WP_Hook->do_action, WP_Hook->apply_filters, Tutor\Migrations\BatchProcessor->process_batch, Tutor\Migrations\ProcessByWcMigrator->get_total_items, Tutor\Helpers\QueryHelper::get_joined_count
[04-Oct-2025 10:31:36 UTC] PHP Fatal error:  Uncaught Exception: Table 'local.wp_wc_orders_meta' doesn't exist in C:\Users\Constant\Local Sites\cli\app\public\wp-content\plugins\tutor\helpers\QueryHelper.php:1120
Stack trace:
#0 C:\Users\Constant\Local Sites\cli\app\public\wp-content\plugins\tutor\migrations\ProcessByWcMigrator.php(82): Tutor\Helpers\QueryHelper::get_joined_count('tutor_earnings ...', Array, Array, Array, 'te.earning_id')
#1 C:\Users\Constant\Local Sites\cli\app\public\wp-content\plugins\tutor\migrations\BatchProcessor.php(179): Tutor\Migrations\ProcessByWcMigrator->get_total_items()
#2 C:\Users\Constant\Local Sites\cli\app\public\wp-includes\class-wp-hook.php(324): Tutor\Migrations\BatchProcessor->process_batch()
#3 C:\Users\Constant\Local Sites\cli\app\public\wp-includes\class-wp-hook.php(348): WP_Hook->apply_filters('', Array)
#4 C:\Users\Constant\Local Sites\cli\app\public\wp-includes\plugin.php(565): WP_Hook->do_action(Array)
#5 C:\Users\Constant\Local Sites\cli\app\public\wp-cron.php(191): do_action_ref_array('process_by_wc_m...', Array)
#6 {main}
  thrown in C:\Users\Constant\Local Sites\cli\app\public\wp-content\plugins\tutor\helpers\QueryHelper.php on line 1120
[04-Oct-2025 10:33:00 UTC] WordPress database error Table 'local.wp_wc_orders_meta' doesn't exist for query 
			SELECT COUNT(te.earning_id) as total_count
			FROM wp_tutor_earnings te
			 INNER JOIN wp_wc_orders_meta wcom ON te.order_id = wcom.order_id 
			WHERE te.process_by = 'tutor' AND wcom.meta_key = '_is_tutor_order_for_course'
		 made by do_action_ref_array('process_by_wc_migrator'), WP_Hook->do_action, WP_Hook->apply_filters, Tutor\Migrations\BatchProcessor->process_batch, Tutor\Migrations\ProcessByWcMigrator->get_total_items, Tutor\Helpers\QueryHelper::get_joined_count
[04-Oct-2025 10:33:00 UTC] PHP Fatal error:  Uncaught Exception: Table 'local.wp_wc_orders_meta' doesn't exist in C:\Users\Constant\Local Sites\cli\app\public\wp-content\plugins\tutor\helpers\QueryHelper.php:1120
Stack trace:
#0 C:\Users\Constant\Local Sites\cli\app\public\wp-content\plugins\tutor\migrations\ProcessByWcMigrator.php(82): Tutor\Helpers\QueryHelper::get_joined_count('tutor_earnings ...', Array, Array, Array, 'te.earning_id')
#1 C:\Users\Constant\Local Sites\cli\app\public\wp-content\plugins\tutor\migrations\BatchProcessor.php(179): Tutor\Migrations\ProcessByWcMigrator->get_total_items()
#2 C:\Users\Constant\Local Sites\cli\app\public\wp-includes\class-wp-hook.php(324): Tutor\Migrations\BatchProcessor->process_batch()
#3 C:\Users\Constant\Local Sites\cli\app\public\wp-includes\class-wp-hook.php(348): WP_Hook->apply_filters('', Array)
#4 C:\Users\Constant\Local Sites\cli\app\public\wp-includes\plugin.php(565): WP_Hook->do_action(Array)
#5 C:\Users\Constant\Local Sites\cli\app\public\wp-cron.php(191): do_action_ref_array('process_by_wc_m...', Array)
#6 {main}
  thrown in C:\Users\Constant\Local Sites\cli\app\public\wp-content\plugins\tutor\helpers\QueryHelper.php on line 1120
[04-Oct-2025 10:34:01 UTC] WordPress database error Table 'local.wp_wc_orders_meta' doesn't exist for query 
			SELECT COUNT(te.earning_id) as total_count
			FROM wp_tutor_earnings te
			 INNER JOIN wp_wc_orders_meta wcom ON te.order_id = wcom.order_id 
			WHERE te.process_by = 'tutor' AND wcom.meta_key = '_is_tutor_order_for_course'
		 made by do_action_ref_array('process_by_wc_migrator'), WP_Hook->do_action, WP_Hook->apply_filters, Tutor\Migrations\BatchProcessor->process_batch, Tutor\Migrations\ProcessByWcMigrator->get_total_items, Tutor\Helpers\QueryHelper::get_joined_count
[04-Oct-2025 10:34:01 UTC] PHP Fatal error:  Uncaught Exception: Table 'local.wp_wc_orders_meta' doesn't exist in C:\Users\Constant\Local Sites\cli\app\public\wp-content\plugins\tutor\helpers\QueryHelper.php:1120
Stack trace:
#0 C:\Users\Constant\Local Sites\cli\app\public\wp-content\plugins\tutor\migrations\ProcessByWcMigrator.php(82): Tutor\Helpers\QueryHelper::get_joined_count('tutor_earnings ...', Array, Array, Array, 'te.earning_id')
#1 C:\Users\Constant\Local Sites\cli\app\public\wp-content\plugins\tutor\migrations\BatchProcessor.php(179): Tutor\Migrations\ProcessByWcMigrator->get_total_items()
#2 C:\Users\Constant\Local Sites\cli\app\public\wp-includes\class-wp-hook.php(324): Tutor\Migrations\BatchProcessor->process_batch()
#3 C:\Users\Constant\Local Sites\cli\app\public\wp-includes\class-wp-hook.php(348): WP_Hook->apply_filters('', Array)
#4 C:\Users\Constant\Local Sites\cli\app\public\wp-includes\plugin.php(565): WP_Hook->do_action(Array)
#5 C:\Users\Constant\Local Sites\cli\app\public\wp-cron.php(191): do_action_ref_array('process_by_wc_m...', Array)
#6 {main}
  thrown in C:\Users\Constant\Local Sites\cli\app\public\wp-content\plugins\tutor\helpers\QueryHelper.php on line 1120
[04-Oct-2025 10:34:27 UTC] PHP Warning:  Trying to access array offset on value of type bool in C:\Users\Constant\Local Sites\cli\app\public\wp-content\plugins\edumel-core\inc\elementor\category.php on line 232
[04-Oct-2025 10:35:11 UTC] WordPress database error Table 'local.wp_wc_orders_meta' doesn't exist for query 
			SELECT COUNT(te.earning_id) as total_count
			FROM wp_tutor_earnings te
			 INNER JOIN wp_wc_orders_meta wcom ON te.order_id = wcom.order_id 
			WHERE te.process_by = 'tutor' AND wcom.meta_key = '_is_tutor_order_for_course'
		 made by do_action_ref_array('process_by_wc_migrator'), WP_Hook->do_action, WP_Hook->apply_filters, Tutor\Migrations\BatchProcessor->process_batch, Tutor\Migrations\ProcessByWcMigrator->get_total_items, Tutor\Helpers\QueryHelper::get_joined_count
[04-Oct-2025 10:35:11 UTC] PHP Fatal error:  Uncaught Exception: Table 'local.wp_wc_orders_meta' doesn't exist in C:\Users\Constant\Local Sites\cli\app\public\wp-content\plugins\tutor\helpers\QueryHelper.php:1120
Stack trace:
#0 C:\Users\Constant\Local Sites\cli\app\public\wp-content\plugins\tutor\migrations\ProcessByWcMigrator.php(82): Tutor\Helpers\QueryHelper::get_joined_count('tutor_earnings ...', Array, Array, Array, 'te.earning_id')
#1 C:\Users\Constant\Local Sites\cli\app\public\wp-content\plugins\tutor\migrations\BatchProcessor.php(179): Tutor\Migrations\ProcessByWcMigrator->get_total_items()
#2 C:\Users\Constant\Local Sites\cli\app\public\wp-includes\class-wp-hook.php(324): Tutor\Migrations\BatchProcessor->process_batch()
#3 C:\Users\Constant\Local Sites\cli\app\public\wp-includes\class-wp-hook.php(348): WP_Hook->apply_filters('', Array)
#4 C:\Users\Constant\Local Sites\cli\app\public\wp-includes\plugin.php(565): WP_Hook->do_action(Array)
#5 C:\Users\Constant\Local Sites\cli\app\public\wp-cron.php(191): do_action_ref_array('process_by_wc_m...', Array)
#6 {main}
  thrown in C:\Users\Constant\Local Sites\cli\app\public\wp-content\plugins\tutor\helpers\QueryHelper.php on line 1120
[04-Oct-2025 10:36:29 UTC] WordPress database error Table 'local.wp_wc_orders_meta' doesn't exist for query 
			SELECT COUNT(te.earning_id) as total_count
			FROM wp_tutor_earnings te
			 INNER JOIN wp_wc_orders_meta wcom ON te.order_id = wcom.order_id 
			WHERE te.process_by = 'tutor' AND wcom.meta_key = '_is_tutor_order_for_course'
		 made by do_action_ref_array('process_by_wc_migrator'), WP_Hook->do_action, WP_Hook->apply_filters, Tutor\Migrations\BatchProcessor->process_batch, Tutor\Migrations\ProcessByWcMigrator->get_total_items, Tutor\Helpers\QueryHelper::get_joined_count
[04-Oct-2025 10:36:29 UTC] PHP Fatal error:  Uncaught Exception: Table 'local.wp_wc_orders_meta' doesn't exist in C:\Users\Constant\Local Sites\cli\app\public\wp-content\plugins\tutor\helpers\QueryHelper.php:1120
Stack trace:
#0 C:\Users\Constant\Local Sites\cli\app\public\wp-content\plugins\tutor\migrations\ProcessByWcMigrator.php(82): Tutor\Helpers\QueryHelper::get_joined_count('tutor_earnings ...', Array, Array, Array, 'te.earning_id')
#1 C:\Users\Constant\Local Sites\cli\app\public\wp-content\plugins\tutor\migrations\BatchProcessor.php(179): Tutor\Migrations\ProcessByWcMigrator->get_total_items()
#2 C:\Users\Constant\Local Sites\cli\app\public\wp-includes\class-wp-hook.php(324): Tutor\Migrations\BatchProcessor->process_batch()
#3 C:\Users\Constant\Local Sites\cli\app\public\wp-includes\class-wp-hook.php(348): WP_Hook->apply_filters('', Array)
#4 C:\Users\Constant\Local Sites\cli\app\public\wp-includes\plugin.php(565): WP_Hook->do_action(Array)
#5 C:\Users\Constant\Local Sites\cli\app\public\wp-cron.php(191): do_action_ref_array('process_by_wc_m...', Array)
#6 {main}
  thrown in C:\Users\Constant\Local Sites\cli\app\public\wp-content\plugins\tutor\helpers\QueryHelper.php on line 1120
[04-Oct-2025 10:37:42 UTC] WordPress database error Table 'local.wp_wc_orders_meta' doesn't exist for query 
			SELECT COUNT(te.earning_id) as total_count
			FROM wp_tutor_earnings te
			 INNER JOIN wp_wc_orders_meta wcom ON te.order_id = wcom.order_id 
			WHERE te.process_by = 'tutor' AND wcom.meta_key = '_is_tutor_order_for_course'
		 made by do_action_ref_array('process_by_wc_migrator'), WP_Hook->do_action, WP_Hook->apply_filters, Tutor\Migrations\BatchProcessor->process_batch, Tutor\Migrations\ProcessByWcMigrator->get_total_items, Tutor\Helpers\QueryHelper::get_joined_count
[04-Oct-2025 10:37:42 UTC] PHP Fatal error:  Uncaught Exception: Table 'local.wp_wc_orders_meta' doesn't exist in C:\Users\Constant\Local Sites\cli\app\public\wp-content\plugins\tutor\helpers\QueryHelper.php:1120
Stack trace:
#0 C:\Users\Constant\Local Sites\cli\app\public\wp-content\plugins\tutor\migrations\ProcessByWcMigrator.php(82): Tutor\Helpers\QueryHelper::get_joined_count('tutor_earnings ...', Array, Array, Array, 'te.earning_id')
#1 C:\Users\Constant\Local Sites\cli\app\public\wp-content\plugins\tutor\migrations\BatchProcessor.php(179): Tutor\Migrations\ProcessByWcMigrator->get_total_items()
#2 C:\Users\Constant\Local Sites\cli\app\public\wp-includes\class-wp-hook.php(324): Tutor\Migrations\BatchProcessor->process_batch()
#3 C:\Users\Constant\Local Sites\cli\app\public\wp-includes\class-wp-hook.php(348): WP_Hook->apply_filters('', Array)
#4 C:\Users\Constant\Local Sites\cli\app\public\wp-includes\plugin.php(565): WP_Hook->do_action(Array)
#5 C:\Users\Constant\Local Sites\cli\app\public\wp-cron.php(191): do_action_ref_array('process_by_wc_m...', Array)
#6 {main}
  thrown in C:\Users\Constant\Local Sites\cli\app\public\wp-content\plugins\tutor\helpers\QueryHelper.php on line 1120
[04-Oct-2025 10:39:13 UTC] WordPress database error Table 'local.wp_wc_orders_meta' doesn't exist for query 
			SELECT COUNT(te.earning_id) as total_count
			FROM wp_tutor_earnings te
			 INNER JOIN wp_wc_orders_meta wcom ON te.order_id = wcom.order_id 
			WHERE te.process_by = 'tutor' AND wcom.meta_key = '_is_tutor_order_for_course'
		 made by do_action_ref_array('process_by_wc_migrator'), WP_Hook->do_action, WP_Hook->apply_filters, Tutor\Migrations\BatchProcessor->process_batch, Tutor\Migrations\ProcessByWcMigrator->get_total_items, Tutor\Helpers\QueryHelper::get_joined_count
[04-Oct-2025 10:39:13 UTC] PHP Fatal error:  Uncaught Exception: Table 'local.wp_wc_orders_meta' doesn't exist in C:\Users\Constant\Local Sites\cli\app\public\wp-content\plugins\tutor\helpers\QueryHelper.php:1120
Stack trace:
#0 C:\Users\Constant\Local Sites\cli\app\public\wp-content\plugins\tutor\migrations\ProcessByWcMigrator.php(82): Tutor\Helpers\QueryHelper::get_joined_count('tutor_earnings ...', Array, Array, Array, 'te.earning_id')
#1 C:\Users\Constant\Local Sites\cli\app\public\wp-content\plugins\tutor\migrations\BatchProcessor.php(179): Tutor\Migrations\ProcessByWcMigrator->get_total_items()
#2 C:\Users\Constant\Local Sites\cli\app\public\wp-includes\class-wp-hook.php(324): Tutor\Migrations\BatchProcessor->process_batch()
#3 C:\Users\Constant\Local Sites\cli\app\public\wp-includes\class-wp-hook.php(348): WP_Hook->apply_filters('', Array)
#4 C:\Users\Constant\Local Sites\cli\app\public\wp-includes\plugin.php(565): WP_Hook->do_action(Array)
#5 C:\Users\Constant\Local Sites\cli\app\public\wp-cron.php(191): do_action_ref_array('process_by_wc_m...', Array)
#6 {main}
  thrown in C:\Users\Constant\Local Sites\cli\app\public\wp-content\plugins\tutor\helpers\QueryHelper.php on line 1120
[04-Oct-2025 10:40:15 UTC] WordPress database error Table 'local.wp_wc_orders_meta' doesn't exist for query 
			SELECT COUNT(te.earning_id) as total_count
			FROM wp_tutor_earnings te
			 INNER JOIN wp_wc_orders_meta wcom ON te.order_id = wcom.order_id 
			WHERE te.process_by = 'tutor' AND wcom.meta_key = '_is_tutor_order_for_course'
		 made by do_action_ref_array('process_by_wc_migrator'), WP_Hook->do_action, WP_Hook->apply_filters, Tutor\Migrations\BatchProcessor->process_batch, Tutor\Migrations\ProcessByWcMigrator->get_total_items, Tutor\Helpers\QueryHelper::get_joined_count
[04-Oct-2025 10:40:15 UTC] PHP Fatal error:  Uncaught Exception: Table 'local.wp_wc_orders_meta' doesn't exist in C:\Users\Constant\Local Sites\cli\app\public\wp-content\plugins\tutor\helpers\QueryHelper.php:1120
Stack trace:
#0 C:\Users\Constant\Local Sites\cli\app\public\wp-content\plugins\tutor\migrations\ProcessByWcMigrator.php(82): Tutor\Helpers\QueryHelper::get_joined_count('tutor_earnings ...', Array, Array, Array, 'te.earning_id')
#1 C:\Users\Constant\Local Sites\cli\app\public\wp-content\plugins\tutor\migrations\BatchProcessor.php(179): Tutor\Migrations\ProcessByWcMigrator->get_total_items()
#2 C:\Users\Constant\Local Sites\cli\app\public\wp-includes\class-wp-hook.php(324): Tutor\Migrations\BatchProcessor->process_batch()
#3 C:\Users\Constant\Local Sites\cli\app\public\wp-includes\class-wp-hook.php(348): WP_Hook->apply_filters('', Array)
#4 C:\Users\Constant\Local Sites\cli\app\public\wp-includes\plugin.php(565): WP_Hook->do_action(Array)
#5 C:\Users\Constant\Local Sites\cli\app\public\wp-cron.php(191): do_action_ref_array('process_by_wc_m...', Array)
#6 {main}
  thrown in C:\Users\Constant\Local Sites\cli\app\public\wp-content\plugins\tutor\helpers\QueryHelper.php on line 1120
[04-Oct-2025 10:41:14 UTC] WordPress database error Table 'local.wp_wc_orders_meta' doesn't exist for query 
			SELECT COUNT(te.earning_id) as total_count
			FROM wp_tutor_earnings te
			 INNER JOIN wp_wc_orders_meta wcom ON te.order_id = wcom.order_id 
			WHERE te.process_by = 'tutor' AND wcom.meta_key = '_is_tutor_order_for_course'
		 made by do_action_ref_array('process_by_wc_migrator'), WP_Hook->do_action, WP_Hook->apply_filters, Tutor\Migrations\BatchProcessor->process_batch, Tutor\Migrations\ProcessByWcMigrator->get_total_items, Tutor\Helpers\QueryHelper::get_joined_count
[04-Oct-2025 10:41:14 UTC] PHP Fatal error:  Uncaught Exception: Table 'local.wp_wc_orders_meta' doesn't exist in C:\Users\Constant\Local Sites\cli\app\public\wp-content\plugins\tutor\helpers\QueryHelper.php:1120
Stack trace:
#0 C:\Users\Constant\Local Sites\cli\app\public\wp-content\plugins\tutor\migrations\ProcessByWcMigrator.php(82): Tutor\Helpers\QueryHelper::get_joined_count('tutor_earnings ...', Array, Array, Array, 'te.earning_id')
#1 C:\Users\Constant\Local Sites\cli\app\public\wp-content\plugins\tutor\migrations\BatchProcessor.php(179): Tutor\Migrations\ProcessByWcMigrator->get_total_items()
#2 C:\Users\Constant\Local Sites\cli\app\public\wp-includes\class-wp-hook.php(324): Tutor\Migrations\BatchProcessor->process_batch()
#3 C:\Users\Constant\Local Sites\cli\app\public\wp-includes\class-wp-hook.php(348): WP_Hook->apply_filters('', Array)
#4 C:\Users\Constant\Local Sites\cli\app\public\wp-includes\plugin.php(565): WP_Hook->do_action(Array)
#5 C:\Users\Constant\Local Sites\cli\app\public\wp-cron.php(191): do_action_ref_array('process_by_wc_m...', Array)
#6 {main}
  thrown in C:\Users\Constant\Local Sites\cli\app\public\wp-content\plugins\tutor\helpers\QueryHelper.php on line 1120
[04-Oct-2025 10:42:23 UTC] WordPress database error Table 'local.wp_wc_orders_meta' doesn't exist for query 
			SELECT COUNT(te.earning_id) as total_count
			FROM wp_tutor_earnings te
			 INNER JOIN wp_wc_orders_meta wcom ON te.order_id = wcom.order_id 
			WHERE te.process_by = 'tutor' AND wcom.meta_key = '_is_tutor_order_for_course'
		 made by do_action_ref_array('process_by_wc_migrator'), WP_Hook->do_action, WP_Hook->apply_filters, Tutor\Migrations\BatchProcessor->process_batch, Tutor\Migrations\ProcessByWcMigrator->get_total_items, Tutor\Helpers\QueryHelper::get_joined_count
[04-Oct-2025 10:42:23 UTC] PHP Fatal error:  Uncaught Exception: Table 'local.wp_wc_orders_meta' doesn't exist in C:\Users\Constant\Local Sites\cli\app\public\wp-content\plugins\tutor\helpers\QueryHelper.php:1120
Stack trace:
#0 C:\Users\Constant\Local Sites\cli\app\public\wp-content\plugins\tutor\migrations\ProcessByWcMigrator.php(82): Tutor\Helpers\QueryHelper::get_joined_count('tutor_earnings ...', Array, Array, Array, 'te.earning_id')
#1 C:\Users\Constant\Local Sites\cli\app\public\wp-content\plugins\tutor\migrations\BatchProcessor.php(179): Tutor\Migrations\ProcessByWcMigrator->get_total_items()
#2 C:\Users\Constant\Local Sites\cli\app\public\wp-includes\class-wp-hook.php(324): Tutor\Migrations\BatchProcessor->process_batch()
#3 C:\Users\Constant\Local Sites\cli\app\public\wp-includes\class-wp-hook.php(348): WP_Hook->apply_filters('', Array)
#4 C:\Users\Constant\Local Sites\cli\app\public\wp-includes\plugin.php(565): WP_Hook->do_action(Array)
#5 C:\Users\Constant\Local Sites\cli\app\public\wp-cron.php(191): do_action_ref_array('process_by_wc_m...', Array)
#6 {main}
  thrown in C:\Users\Constant\Local Sites\cli\app\public\wp-content\plugins\tutor\helpers\QueryHelper.php on line 1120
[04-Oct-2025 10:44:23 UTC] WordPress database error Table 'local.wp_wc_orders_meta' doesn't exist for query 
			SELECT COUNT(te.earning_id) as total_count
			FROM wp_tutor_earnings te
			 INNER JOIN wp_wc_orders_meta wcom ON te.order_id = wcom.order_id 
			WHERE te.process_by = 'tutor' AND wcom.meta_key = '_is_tutor_order_for_course'
		 made by do_action_ref_array('process_by_wc_migrator'), WP_Hook->do_action, WP_Hook->apply_filters, Tutor\Migrations\BatchProcessor->process_batch, Tutor\Migrations\ProcessByWcMigrator->get_total_items, Tutor\Helpers\QueryHelper::get_joined_count
[04-Oct-2025 10:44:23 UTC] PHP Fatal error:  Uncaught Exception: Table 'local.wp_wc_orders_meta' doesn't exist in C:\Users\Constant\Local Sites\cli\app\public\wp-content\plugins\tutor\helpers\QueryHelper.php:1120
Stack trace:
#0 C:\Users\Constant\Local Sites\cli\app\public\wp-content\plugins\tutor\migrations\ProcessByWcMigrator.php(82): Tutor\Helpers\QueryHelper::get_joined_count('tutor_earnings ...', Array, Array, Array, 'te.earning_id')
#1 C:\Users\Constant\Local Sites\cli\app\public\wp-content\plugins\tutor\migrations\BatchProcessor.php(179): Tutor\Migrations\ProcessByWcMigrator->get_total_items()
#2 C:\Users\Constant\Local Sites\cli\app\public\wp-includes\class-wp-hook.php(324): Tutor\Migrations\BatchProcessor->process_batch()
#3 C:\Users\Constant\Local Sites\cli\app\public\wp-includes\class-wp-hook.php(348): WP_Hook->apply_filters('', Array)
#4 C:\Users\Constant\Local Sites\cli\app\public\wp-includes\plugin.php(565): WP_Hook->do_action(Array)
#5 C:\Users\Constant\Local Sites\cli\app\public\wp-cron.php(191): do_action_ref_array('process_by_wc_m...', Array)
#6 {main}
  thrown in C:\Users\Constant\Local Sites\cli\app\public\wp-content\plugins\tutor\helpers\QueryHelper.php on line 1120
[04-Oct-2025 10:46:19 UTC] WordPress database error Table 'local.wp_wc_orders_meta' doesn't exist for query 
			SELECT COUNT(te.earning_id) as total_count
			FROM wp_tutor_earnings te
			 INNER JOIN wp_wc_orders_meta wcom ON te.order_id = wcom.order_id 
			WHERE te.process_by = 'tutor' AND wcom.meta_key = '_is_tutor_order_for_course'
		 made by do_action_ref_array('process_by_wc_migrator'), WP_Hook->do_action, WP_Hook->apply_filters, Tutor\Migrations\BatchProcessor->process_batch, Tutor\Migrations\ProcessByWcMigrator->get_total_items, Tutor\Helpers\QueryHelper::get_joined_count
[04-Oct-2025 10:46:19 UTC] PHP Fatal error:  Uncaught Exception: Table 'local.wp_wc_orders_meta' doesn't exist in C:\Users\Constant\Local Sites\cli\app\public\wp-content\plugins\tutor\helpers\QueryHelper.php:1120
Stack trace:
#0 C:\Users\Constant\Local Sites\cli\app\public\wp-content\plugins\tutor\migrations\ProcessByWcMigrator.php(82): Tutor\Helpers\QueryHelper::get_joined_count('tutor_earnings ...', Array, Array, Array, 'te.earning_id')
#1 C:\Users\Constant\Local Sites\cli\app\public\wp-content\plugins\tutor\migrations\BatchProcessor.php(179): Tutor\Migrations\ProcessByWcMigrator->get_total_items()
#2 C:\Users\Constant\Local Sites\cli\app\public\wp-includes\class-wp-hook.php(324): Tutor\Migrations\BatchProcessor->process_batch()
#3 C:\Users\Constant\Local Sites\cli\app\public\wp-includes\class-wp-hook.php(348): WP_Hook->apply_filters('', Array)
#4 C:\Users\Constant\Local Sites\cli\app\public\wp-includes\plugin.php(565): WP_Hook->do_action(Array)
#5 C:\Users\Constant\Local Sites\cli\app\public\wp-cron.php(191): do_action_ref_array('process_by_wc_m...', Array)
#6 {main}
  thrown in C:\Users\Constant\Local Sites\cli\app\public\wp-content\plugins\tutor\helpers\QueryHelper.php on line 1120
[04-Oct-2025 10:47:28 UTC] WordPress database error Table 'local.wp_wc_orders_meta' doesn't exist for query 
			SELECT COUNT(te.earning_id) as total_count
			FROM wp_tutor_earnings te
			 INNER JOIN wp_wc_orders_meta wcom ON te.order_id = wcom.order_id 
			WHERE te.process_by = 'tutor' AND wcom.meta_key = '_is_tutor_order_for_course'
		 made by do_action_ref_array('process_by_wc_migrator'), WP_Hook->do_action, WP_Hook->apply_filters, Tutor\Migrations\BatchProcessor->process_batch, Tutor\Migrations\ProcessByWcMigrator->get_total_items, Tutor\Helpers\QueryHelper::get_joined_count
[04-Oct-2025 10:47:28 UTC] PHP Fatal error:  Uncaught Exception: Table 'local.wp_wc_orders_meta' doesn't exist in C:\Users\Constant\Local Sites\cli\app\public\wp-content\plugins\tutor\helpers\QueryHelper.php:1120
Stack trace:
#0 C:\Users\Constant\Local Sites\cli\app\public\wp-content\plugins\tutor\migrations\ProcessByWcMigrator.php(82): Tutor\Helpers\QueryHelper::get_joined_count('tutor_earnings ...', Array, Array, Array, 'te.earning_id')
#1 C:\Users\Constant\Local Sites\cli\app\public\wp-content\plugins\tutor\migrations\BatchProcessor.php(179): Tutor\Migrations\ProcessByWcMigrator->get_total_items()
#2 C:\Users\Constant\Local Sites\cli\app\public\wp-includes\class-wp-hook.php(324): Tutor\Migrations\BatchProcessor->process_batch()
#3 C:\Users\Constant\Local Sites\cli\app\public\wp-includes\class-wp-hook.php(348): WP_Hook->apply_filters('', Array)
#4 C:\Users\Constant\Local Sites\cli\app\public\wp-includes\plugin.php(565): WP_Hook->do_action(Array)
#5 C:\Users\Constant\Local Sites\cli\app\public\wp-cron.php(191): do_action_ref_array('process_by_wc_m...', Array)
#6 {main}
  thrown in C:\Users\Constant\Local Sites\cli\app\public\wp-content\plugins\tutor\helpers\QueryHelper.php on line 1120
[04-Oct-2025 10:48:33 UTC] WordPress database error Table 'local.wp_wc_orders_meta' doesn't exist for query 
			SELECT COUNT(te.earning_id) as total_count
			FROM wp_tutor_earnings te
			 INNER JOIN wp_wc_orders_meta wcom ON te.order_id = wcom.order_id 
			WHERE te.process_by = 'tutor' AND wcom.meta_key = '_is_tutor_order_for_course'
		 made by do_action_ref_array('process_by_wc_migrator'), WP_Hook->do_action, WP_Hook->apply_filters, Tutor\Migrations\BatchProcessor->process_batch, Tutor\Migrations\ProcessByWcMigrator->get_total_items, Tutor\Helpers\QueryHelper::get_joined_count
[04-Oct-2025 10:48:33 UTC] PHP Fatal error:  Uncaught Exception: Table 'local.wp_wc_orders_meta' doesn't exist in C:\Users\Constant\Local Sites\cli\app\public\wp-content\plugins\tutor\helpers\QueryHelper.php:1120
Stack trace:
#0 C:\Users\Constant\Local Sites\cli\app\public\wp-content\plugins\tutor\migrations\ProcessByWcMigrator.php(82): Tutor\Helpers\QueryHelper::get_joined_count('tutor_earnings ...', Array, Array, Array, 'te.earning_id')
#1 C:\Users\Constant\Local Sites\cli\app\public\wp-content\plugins\tutor\migrations\BatchProcessor.php(179): Tutor\Migrations\ProcessByWcMigrator->get_total_items()
#2 C:\Users\Constant\Local Sites\cli\app\public\wp-includes\class-wp-hook.php(324): Tutor\Migrations\BatchProcessor->process_batch()
#3 C:\Users\Constant\Local Sites\cli\app\public\wp-includes\class-wp-hook.php(348): WP_Hook->apply_filters('', Array)
#4 C:\Users\Constant\Local Sites\cli\app\public\wp-includes\plugin.php(565): WP_Hook->do_action(Array)
#5 C:\Users\Constant\Local Sites\cli\app\public\wp-cron.php(191): do_action_ref_array('process_by_wc_m...', Array)
#6 {main}
  thrown in C:\Users\Constant\Local Sites\cli\app\public\wp-content\plugins\tutor\helpers\QueryHelper.php on line 1120
[04-Oct-2025 10:49:58 UTC] WordPress database error Table 'local.wp_wc_orders_meta' doesn't exist for query 
			SELECT COUNT(te.earning_id) as total_count
			FROM wp_tutor_earnings te
			 INNER JOIN wp_wc_orders_meta wcom ON te.order_id = wcom.order_id 
			WHERE te.process_by = 'tutor' AND wcom.meta_key = '_is_tutor_order_for_course'
		 made by do_action_ref_array('process_by_wc_migrator'), WP_Hook->do_action, WP_Hook->apply_filters, Tutor\Migrations\BatchProcessor->process_batch, Tutor\Migrations\ProcessByWcMigrator->get_total_items, Tutor\Helpers\QueryHelper::get_joined_count
[04-Oct-2025 10:49:58 UTC] PHP Fatal error:  Uncaught Exception: Table 'local.wp_wc_orders_meta' doesn't exist in C:\Users\Constant\Local Sites\cli\app\public\wp-content\plugins\tutor\helpers\QueryHelper.php:1120
Stack trace:
#0 C:\Users\Constant\Local Sites\cli\app\public\wp-content\plugins\tutor\migrations\ProcessByWcMigrator.php(82): Tutor\Helpers\QueryHelper::get_joined_count('tutor_earnings ...', Array, Array, Array, 'te.earning_id')
#1 C:\Users\Constant\Local Sites\cli\app\public\wp-content\plugins\tutor\migrations\BatchProcessor.php(179): Tutor\Migrations\ProcessByWcMigrator->get_total_items()
#2 C:\Users\Constant\Local Sites\cli\app\public\wp-includes\class-wp-hook.php(324): Tutor\Migrations\BatchProcessor->process_batch()
#3 C:\Users\Constant\Local Sites\cli\app\public\wp-includes\class-wp-hook.php(348): WP_Hook->apply_filters('', Array)
#4 C:\Users\Constant\Local Sites\cli\app\public\wp-includes\plugin.php(565): WP_Hook->do_action(Array)
#5 C:\Users\Constant\Local Sites\cli\app\public\wp-cron.php(191): do_action_ref_array('process_by_wc_m...', Array)
#6 {main}
  thrown in C:\Users\Constant\Local Sites\cli\app\public\wp-content\plugins\tutor\helpers\QueryHelper.php on line 1120
[04-Oct-2025 10:51:20 UTC] WordPress database error Table 'local.wp_wc_orders_meta' doesn't exist for query 
			SELECT COUNT(te.earning_id) as total_count
			FROM wp_tutor_earnings te
			 INNER JOIN wp_wc_orders_meta wcom ON te.order_id = wcom.order_id 
			WHERE te.process_by = 'tutor' AND wcom.meta_key = '_is_tutor_order_for_course'
		 made by do_action_ref_array('process_by_wc_migrator'), WP_Hook->do_action, WP_Hook->apply_filters, Tutor\Migrations\BatchProcessor->process_batch, Tutor\Migrations\ProcessByWcMigrator->get_total_items, Tutor\Helpers\QueryHelper::get_joined_count
[04-Oct-2025 10:51:20 UTC] PHP Fatal error:  Uncaught Exception: Table 'local.wp_wc_orders_meta' doesn't exist in C:\Users\Constant\Local Sites\cli\app\public\wp-content\plugins\tutor\helpers\QueryHelper.php:1120
Stack trace:
#0 C:\Users\Constant\Local Sites\cli\app\public\wp-content\plugins\tutor\migrations\ProcessByWcMigrator.php(82): Tutor\Helpers\QueryHelper::get_joined_count('tutor_earnings ...', Array, Array, Array, 'te.earning_id')
#1 C:\Users\Constant\Local Sites\cli\app\public\wp-content\plugins\tutor\migrations\BatchProcessor.php(179): Tutor\Migrations\ProcessByWcMigrator->get_total_items()
#2 C:\Users\Constant\Local Sites\cli\app\public\wp-includes\class-wp-hook.php(324): Tutor\Migrations\BatchProcessor->process_batch()
#3 C:\Users\Constant\Local Sites\cli\app\public\wp-includes\class-wp-hook.php(348): WP_Hook->apply_filters('', Array)
#4 C:\Users\Constant\Local Sites\cli\app\public\wp-includes\plugin.php(565): WP_Hook->do_action(Array)
#5 C:\Users\Constant\Local Sites\cli\app\public\wp-cron.php(191): do_action_ref_array('process_by_wc_m...', Array)
#6 {main}
  thrown in C:\Users\Constant\Local Sites\cli\app\public\wp-content\plugins\tutor\helpers\QueryHelper.php on line 1120
[04-Oct-2025 10:53:00 UTC] WordPress database error Table 'local.wp_wc_orders_meta' doesn't exist for query 
			SELECT COUNT(te.earning_id) as total_count
			FROM wp_tutor_earnings te
			 INNER JOIN wp_wc_orders_meta wcom ON te.order_id = wcom.order_id 
			WHERE te.process_by = 'tutor' AND wcom.meta_key = '_is_tutor_order_for_course'
		 made by do_action_ref_array('process_by_wc_migrator'), WP_Hook->do_action, WP_Hook->apply_filters, Tutor\Migrations\BatchProcessor->process_batch, Tutor\Migrations\ProcessByWcMigrator->get_total_items, Tutor\Helpers\QueryHelper::get_joined_count
[04-Oct-2025 10:53:00 UTC] PHP Fatal error:  Uncaught Exception: Table 'local.wp_wc_orders_meta' doesn't exist in C:\Users\Constant\Local Sites\cli\app\public\wp-content\plugins\tutor\helpers\QueryHelper.php:1120
Stack trace:
#0 C:\Users\Constant\Local Sites\cli\app\public\wp-content\plugins\tutor\migrations\ProcessByWcMigrator.php(82): Tutor\Helpers\QueryHelper::get_joined_count('tutor_earnings ...', Array, Array, Array, 'te.earning_id')
#1 C:\Users\Constant\Local Sites\cli\app\public\wp-content\plugins\tutor\migrations\BatchProcessor.php(179): Tutor\Migrations\ProcessByWcMigrator->get_total_items()
#2 C:\Users\Constant\Local Sites\cli\app\public\wp-includes\class-wp-hook.php(324): Tutor\Migrations\BatchProcessor->process_batch()
#3 C:\Users\Constant\Local Sites\cli\app\public\wp-includes\class-wp-hook.php(348): WP_Hook->apply_filters('', Array)
#4 C:\Users\Constant\Local Sites\cli\app\public\wp-includes\plugin.php(565): WP_Hook->do_action(Array)
#5 C:\Users\Constant\Local Sites\cli\app\public\wp-cron.php(191): do_action_ref_array('process_by_wc_m...', Array)
#6 {main}
  thrown in C:\Users\Constant\Local Sites\cli\app\public\wp-content\plugins\tutor\helpers\QueryHelper.php on line 1120
[04-Oct-2025 10:54:02 UTC] WordPress database error Table 'local.wp_wc_orders_meta' doesn't exist for query 
			SELECT COUNT(te.earning_id) as total_count
			FROM wp_tutor_earnings te
			 INNER JOIN wp_wc_orders_meta wcom ON te.order_id = wcom.order_id 
			WHERE te.process_by = 'tutor' AND wcom.meta_key = '_is_tutor_order_for_course'
		 made by do_action_ref_array('process_by_wc_migrator'), WP_Hook->do_action, WP_Hook->apply_filters, Tutor\Migrations\BatchProcessor->process_batch, Tutor\Migrations\ProcessByWcMigrator->get_total_items, Tutor\Helpers\QueryHelper::get_joined_count
[04-Oct-2025 10:54:02 UTC] PHP Fatal error:  Uncaught Exception: Table 'local.wp_wc_orders_meta' doesn't exist in C:\Users\Constant\Local Sites\cli\app\public\wp-content\plugins\tutor\helpers\QueryHelper.php:1120
Stack trace:
#0 C:\Users\Constant\Local Sites\cli\app\public\wp-content\plugins\tutor\migrations\ProcessByWcMigrator.php(82): Tutor\Helpers\QueryHelper::get_joined_count('tutor_earnings ...', Array, Array, Array, 'te.earning_id')
#1 C:\Users\Constant\Local Sites\cli\app\public\wp-content\plugins\tutor\migrations\BatchProcessor.php(179): Tutor\Migrations\ProcessByWcMigrator->get_total_items()
#2 C:\Users\Constant\Local Sites\cli\app\public\wp-includes\class-wp-hook.php(324): Tutor\Migrations\BatchProcessor->process_batch()
#3 C:\Users\Constant\Local Sites\cli\app\public\wp-includes\class-wp-hook.php(348): WP_Hook->apply_filters('', Array)
#4 C:\Users\Constant\Local Sites\cli\app\public\wp-includes\plugin.php(565): WP_Hook->do_action(Array)
#5 C:\Users\Constant\Local Sites\cli\app\public\wp-cron.php(191): do_action_ref_array('process_by_wc_m...', Array)
#6 {main}
  thrown in C:\Users\Constant\Local Sites\cli\app\public\wp-content\plugins\tutor\helpers\QueryHelper.php on line 1120
[04-Oct-2025 10:55:07 UTC] WordPress database error Table 'local.wp_wc_orders_meta' doesn't exist for query 
			SELECT COUNT(te.earning_id) as total_count
			FROM wp_tutor_earnings te
			 INNER JOIN wp_wc_orders_meta wcom ON te.order_id = wcom.order_id 
			WHERE te.process_by = 'tutor' AND wcom.meta_key = '_is_tutor_order_for_course'
		 made by do_action_ref_array('process_by_wc_migrator'), WP_Hook->do_action, WP_Hook->apply_filters, Tutor\Migrations\BatchProcessor->process_batch, Tutor\Migrations\ProcessByWcMigrator->get_total_items, Tutor\Helpers\QueryHelper::get_joined_count
[04-Oct-2025 10:55:07 UTC] PHP Fatal error:  Uncaught Exception: Table 'local.wp_wc_orders_meta' doesn't exist in C:\Users\Constant\Local Sites\cli\app\public\wp-content\plugins\tutor\helpers\QueryHelper.php:1120
Stack trace:
#0 C:\Users\Constant\Local Sites\cli\app\public\wp-content\plugins\tutor\migrations\ProcessByWcMigrator.php(82): Tutor\Helpers\QueryHelper::get_joined_count('tutor_earnings ...', Array, Array, Array, 'te.earning_id')
#1 C:\Users\Constant\Local Sites\cli\app\public\wp-content\plugins\tutor\migrations\BatchProcessor.php(179): Tutor\Migrations\ProcessByWcMigrator->get_total_items()
#2 C:\Users\Constant\Local Sites\cli\app\public\wp-includes\class-wp-hook.php(324): Tutor\Migrations\BatchProcessor->process_batch()
#3 C:\Users\Constant\Local Sites\cli\app\public\wp-includes\class-wp-hook.php(348): WP_Hook->apply_filters('', Array)
#4 C:\Users\Constant\Local Sites\cli\app\public\wp-includes\plugin.php(565): WP_Hook->do_action(Array)
#5 C:\Users\Constant\Local Sites\cli\app\public\wp-cron.php(191): do_action_ref_array('process_by_wc_m...', Array)
#6 {main}
  thrown in C:\Users\Constant\Local Sites\cli\app\public\wp-content\plugins\tutor\helpers\QueryHelper.php on line 1120
[04-Oct-2025 10:56:57 UTC] WordPress database error Table 'local.wp_wc_orders_meta' doesn't exist for query 
			SELECT COUNT(te.earning_id) as total_count
			FROM wp_tutor_earnings te
			 INNER JOIN wp_wc_orders_meta wcom ON te.order_id = wcom.order_id 
			WHERE te.process_by = 'tutor' AND wcom.meta_key = '_is_tutor_order_for_course'
		 made by do_action_ref_array('process_by_wc_migrator'), WP_Hook->do_action, WP_Hook->apply_filters, Tutor\Migrations\BatchProcessor->process_batch, Tutor\Migrations\ProcessByWcMigrator->get_total_items, Tutor\Helpers\QueryHelper::get_joined_count
[04-Oct-2025 10:56:57 UTC] PHP Fatal error:  Uncaught Exception: Table 'local.wp_wc_orders_meta' doesn't exist in C:\Users\Constant\Local Sites\cli\app\public\wp-content\plugins\tutor\helpers\QueryHelper.php:1120
Stack trace:
#0 C:\Users\Constant\Local Sites\cli\app\public\wp-content\plugins\tutor\migrations\ProcessByWcMigrator.php(82): Tutor\Helpers\QueryHelper::get_joined_count('tutor_earnings ...', Array, Array, Array, 'te.earning_id')
#1 C:\Users\Constant\Local Sites\cli\app\public\wp-content\plugins\tutor\migrations\BatchProcessor.php(179): Tutor\Migrations\ProcessByWcMigrator->get_total_items()
#2 C:\Users\Constant\Local Sites\cli\app\public\wp-includes\class-wp-hook.php(324): Tutor\Migrations\BatchProcessor->process_batch()
#3 C:\Users\Constant\Local Sites\cli\app\public\wp-includes\class-wp-hook.php(348): WP_Hook->apply_filters('', Array)
#4 C:\Users\Constant\Local Sites\cli\app\public\wp-includes\plugin.php(565): WP_Hook->do_action(Array)
#5 C:\Users\Constant\Local Sites\cli\app\public\wp-cron.php(191): do_action_ref_array('process_by_wc_m...', Array)
#6 {main}
  thrown in C:\Users\Constant\Local Sites\cli\app\public\wp-content\plugins\tutor\helpers\QueryHelper.php on line 1120
[04-Oct-2025 10:58:26 UTC] WordPress database error Table 'local.wp_wc_orders_meta' doesn't exist for query 
			SELECT COUNT(te.earning_id) as total_count
			FROM wp_tutor_earnings te
			 INNER JOIN wp_wc_orders_meta wcom ON te.order_id = wcom.order_id 
			WHERE te.process_by = 'tutor' AND wcom.meta_key = '_is_tutor_order_for_course'
		 made by do_action_ref_array('process_by_wc_migrator'), WP_Hook->do_action, WP_Hook->apply_filters, Tutor\Migrations\BatchProcessor->process_batch, Tutor\Migrations\ProcessByWcMigrator->get_total_items, Tutor\Helpers\QueryHelper::get_joined_count
[04-Oct-2025 10:58:26 UTC] PHP Fatal error:  Uncaught Exception: Table 'local.wp_wc_orders_meta' doesn't exist in C:\Users\Constant\Local Sites\cli\app\public\wp-content\plugins\tutor\helpers\QueryHelper.php:1120
Stack trace:
#0 C:\Users\Constant\Local Sites\cli\app\public\wp-content\plugins\tutor\migrations\ProcessByWcMigrator.php(82): Tutor\Helpers\QueryHelper::get_joined_count('tutor_earnings ...', Array, Array, Array, 'te.earning_id')
#1 C:\Users\Constant\Local Sites\cli\app\public\wp-content\plugins\tutor\migrations\BatchProcessor.php(179): Tutor\Migrations\ProcessByWcMigrator->get_total_items()
#2 C:\Users\Constant\Local Sites\cli\app\public\wp-includes\class-wp-hook.php(324): Tutor\Migrations\BatchProcessor->process_batch()
#3 C:\Users\Constant\Local Sites\cli\app\public\wp-includes\class-wp-hook.php(348): WP_Hook->apply_filters('', Array)
#4 C:\Users\Constant\Local Sites\cli\app\public\wp-includes\plugin.php(565): WP_Hook->do_action(Array)
#5 C:\Users\Constant\Local Sites\cli\app\public\wp-cron.php(191): do_action_ref_array('process_by_wc_m...', Array)
#6 {main}
  thrown in C:\Users\Constant\Local Sites\cli\app\public\wp-content\plugins\tutor\helpers\QueryHelper.php on line 1120
[04-Oct-2025 11:00:10 UTC] WordPress database error Table 'local.wp_wc_orders_meta' doesn't exist for query 
			SELECT COUNT(te.earning_id) as total_count
			FROM wp_tutor_earnings te
			 INNER JOIN wp_wc_orders_meta wcom ON te.order_id = wcom.order_id 
			WHERE te.process_by = 'tutor' AND wcom.meta_key = '_is_tutor_order_for_course'
		 made by do_action_ref_array('process_by_wc_migrator'), WP_Hook->do_action, WP_Hook->apply_filters, Tutor\Migrations\BatchProcessor->process_batch, Tutor\Migrations\ProcessByWcMigrator->get_total_items, Tutor\Helpers\QueryHelper::get_joined_count
[04-Oct-2025 11:00:10 UTC] PHP Fatal error:  Uncaught Exception: Table 'local.wp_wc_orders_meta' doesn't exist in C:\Users\Constant\Local Sites\cli\app\public\wp-content\plugins\tutor\helpers\QueryHelper.php:1120
Stack trace:
#0 C:\Users\Constant\Local Sites\cli\app\public\wp-content\plugins\tutor\migrations\ProcessByWcMigrator.php(82): Tutor\Helpers\QueryHelper::get_joined_count('tutor_earnings ...', Array, Array, Array, 'te.earning_id')
#1 C:\Users\Constant\Local Sites\cli\app\public\wp-content\plugins\tutor\migrations\BatchProcessor.php(179): Tutor\Migrations\ProcessByWcMigrator->get_total_items()
#2 C:\Users\Constant\Local Sites\cli\app\public\wp-includes\class-wp-hook.php(324): Tutor\Migrations\BatchProcessor->process_batch()
#3 C:\Users\Constant\Local Sites\cli\app\public\wp-includes\class-wp-hook.php(348): WP_Hook->apply_filters('', Array)
#4 C:\Users\Constant\Local Sites\cli\app\public\wp-includes\plugin.php(565): WP_Hook->do_action(Array)
#5 C:\Users\Constant\Local Sites\cli\app\public\wp-cron.php(191): do_action_ref_array('process_by_wc_m...', Array)
#6 {main}
  thrown in C:\Users\Constant\Local Sites\cli\app\public\wp-content\plugins\tutor\helpers\QueryHelper.php on line 1120
[04-Oct-2025 11:01:17 UTC] WordPress database error Table 'local.wp_wc_orders_meta' doesn't exist for query 
			SELECT COUNT(te.earning_id) as total_count
			FROM wp_tutor_earnings te
			 INNER JOIN wp_wc_orders_meta wcom ON te.order_id = wcom.order_id 
			WHERE te.process_by = 'tutor' AND wcom.meta_key = '_is_tutor_order_for_course'
		 made by do_action_ref_array('process_by_wc_migrator'), WP_Hook->do_action, WP_Hook->apply_filters, Tutor\Migrations\BatchProcessor->process_batch, Tutor\Migrations\ProcessByWcMigrator->get_total_items, Tutor\Helpers\QueryHelper::get_joined_count
[04-Oct-2025 11:01:17 UTC] PHP Fatal error:  Uncaught Exception: Table 'local.wp_wc_orders_meta' doesn't exist in C:\Users\Constant\Local Sites\cli\app\public\wp-content\plugins\tutor\helpers\QueryHelper.php:1120
Stack trace:
#0 C:\Users\Constant\Local Sites\cli\app\public\wp-content\plugins\tutor\migrations\ProcessByWcMigrator.php(82): Tutor\Helpers\QueryHelper::get_joined_count('tutor_earnings ...', Array, Array, Array, 'te.earning_id')
#1 C:\Users\Constant\Local Sites\cli\app\public\wp-content\plugins\tutor\migrations\BatchProcessor.php(179): Tutor\Migrations\ProcessByWcMigrator->get_total_items()
#2 C:\Users\Constant\Local Sites\cli\app\public\wp-includes\class-wp-hook.php(324): Tutor\Migrations\BatchProcessor->process_batch()
#3 C:\Users\Constant\Local Sites\cli\app\public\wp-includes\class-wp-hook.php(348): WP_Hook->apply_filters('', Array)
#4 C:\Users\Constant\Local Sites\cli\app\public\wp-includes\plugin.php(565): WP_Hook->do_action(Array)
#5 C:\Users\Constant\Local Sites\cli\app\public\wp-cron.php(191): do_action_ref_array('process_by_wc_m...', Array)
#6 {main}
  thrown in C:\Users\Constant\Local Sites\cli\app\public\wp-content\plugins\tutor\helpers\QueryHelper.php on line 1120
[04-Oct-2025 11:03:54 UTC] WordPress database error Table 'local.wp_wc_orders_meta' doesn't exist for query 
			SELECT COUNT(te.earning_id) as total_count
			FROM wp_tutor_earnings te
			 INNER JOIN wp_wc_orders_meta wcom ON te.order_id = wcom.order_id 
			WHERE te.process_by = 'tutor' AND wcom.meta_key = '_is_tutor_order_for_course'
		 made by do_action_ref_array('process_by_wc_migrator'), WP_Hook->do_action, WP_Hook->apply_filters, Tutor\Migrations\BatchProcessor->process_batch, Tutor\Migrations\ProcessByWcMigrator->get_total_items, Tutor\Helpers\QueryHelper::get_joined_count
[04-Oct-2025 11:03:54 UTC] PHP Fatal error:  Uncaught Exception: Table 'local.wp_wc_orders_meta' doesn't exist in C:\Users\Constant\Local Sites\cli\app\public\wp-content\plugins\tutor\helpers\QueryHelper.php:1120
Stack trace:
#0 C:\Users\Constant\Local Sites\cli\app\public\wp-content\plugins\tutor\migrations\ProcessByWcMigrator.php(82): Tutor\Helpers\QueryHelper::get_joined_count('tutor_earnings ...', Array, Array, Array, 'te.earning_id')
#1 C:\Users\Constant\Local Sites\cli\app\public\wp-content\plugins\tutor\migrations\BatchProcessor.php(179): Tutor\Migrations\ProcessByWcMigrator->get_total_items()
#2 C:\Users\Constant\Local Sites\cli\app\public\wp-includes\class-wp-hook.php(324): Tutor\Migrations\BatchProcessor->process_batch()
#3 C:\Users\Constant\Local Sites\cli\app\public\wp-includes\class-wp-hook.php(348): WP_Hook->apply_filters('', Array)
#4 C:\Users\Constant\Local Sites\cli\app\public\wp-includes\plugin.php(565): WP_Hook->do_action(Array)
#5 C:\Users\Constant\Local Sites\cli\app\public\wp-cron.php(191): do_action_ref_array('process_by_wc_m...', Array)
#6 {main}
  thrown in C:\Users\Constant\Local Sites\cli\app\public\wp-content\plugins\tutor\helpers\QueryHelper.php on line 1120
[04-Oct-2025 11:05:01 UTC] WordPress database error Table 'local.wp_wc_orders_meta' doesn't exist for query 
			SELECT COUNT(te.earning_id) as total_count
			FROM wp_tutor_earnings te
			 INNER JOIN wp_wc_orders_meta wcom ON te.order_id = wcom.order_id 
			WHERE te.process_by = 'tutor' AND wcom.meta_key = '_is_tutor_order_for_course'
		 made by do_action_ref_array('process_by_wc_migrator'), WP_Hook->do_action, WP_Hook->apply_filters, Tutor\Migrations\BatchProcessor->process_batch, Tutor\Migrations\ProcessByWcMigrator->get_total_items, Tutor\Helpers\QueryHelper::get_joined_count
[04-Oct-2025 11:05:01 UTC] PHP Fatal error:  Uncaught Exception: Table 'local.wp_wc_orders_meta' doesn't exist in C:\Users\Constant\Local Sites\cli\app\public\wp-content\plugins\tutor\helpers\QueryHelper.php:1120
Stack trace:
#0 C:\Users\Constant\Local Sites\cli\app\public\wp-content\plugins\tutor\migrations\ProcessByWcMigrator.php(82): Tutor\Helpers\QueryHelper::get_joined_count('tutor_earnings ...', Array, Array, Array, 'te.earning_id')
#1 C:\Users\Constant\Local Sites\cli\app\public\wp-content\plugins\tutor\migrations\BatchProcessor.php(179): Tutor\Migrations\ProcessByWcMigrator->get_total_items()
#2 C:\Users\Constant\Local Sites\cli\app\public\wp-includes\class-wp-hook.php(324): Tutor\Migrations\BatchProcessor->process_batch()
#3 C:\Users\Constant\Local Sites\cli\app\public\wp-includes\class-wp-hook.php(348): WP_Hook->apply_filters('', Array)
#4 C:\Users\Constant\Local Sites\cli\app\public\wp-includes\plugin.php(565): WP_Hook->do_action(Array)
#5 C:\Users\Constant\Local Sites\cli\app\public\wp-cron.php(191): do_action_ref_array('process_by_wc_m...', Array)
#6 {main}
  thrown in C:\Users\Constant\Local Sites\cli\app\public\wp-content\plugins\tutor\helpers\QueryHelper.php on line 1120
[04-Oct-2025 11:06:04 UTC] WordPress database error Table 'local.wp_wc_orders_meta' doesn't exist for query 
			SELECT COUNT(te.earning_id) as total_count
			FROM wp_tutor_earnings te
			 INNER JOIN wp_wc_orders_meta wcom ON te.order_id = wcom.order_id 
			WHERE te.process_by = 'tutor' AND wcom.meta_key = '_is_tutor_order_for_course'
		 made by do_action_ref_array('process_by_wc_migrator'), WP_Hook->do_action, WP_Hook->apply_filters, Tutor\Migrations\BatchProcessor->process_batch, Tutor\Migrations\ProcessByWcMigrator->get_total_items, Tutor\Helpers\QueryHelper::get_joined_count
[04-Oct-2025 11:06:04 UTC] PHP Fatal error:  Uncaught Exception: Table 'local.wp_wc_orders_meta' doesn't exist in C:\Users\Constant\Local Sites\cli\app\public\wp-content\plugins\tutor\helpers\QueryHelper.php:1120
Stack trace:
#0 C:\Users\Constant\Local Sites\cli\app\public\wp-content\plugins\tutor\migrations\ProcessByWcMigrator.php(82): Tutor\Helpers\QueryHelper::get_joined_count('tutor_earnings ...', Array, Array, Array, 'te.earning_id')
#1 C:\Users\Constant\Local Sites\cli\app\public\wp-content\plugins\tutor\migrations\BatchProcessor.php(179): Tutor\Migrations\ProcessByWcMigrator->get_total_items()
#2 C:\Users\Constant\Local Sites\cli\app\public\wp-includes\class-wp-hook.php(324): Tutor\Migrations\BatchProcessor->process_batch()
#3 C:\Users\Constant\Local Sites\cli\app\public\wp-includes\class-wp-hook.php(348): WP_Hook->apply_filters('', Array)
#4 C:\Users\Constant\Local Sites\cli\app\public\wp-includes\plugin.php(565): WP_Hook->do_action(Array)
#5 C:\Users\Constant\Local Sites\cli\app\public\wp-cron.php(191): do_action_ref_array('process_by_wc_m...', Array)
#6 {main}
  thrown in C:\Users\Constant\Local Sites\cli\app\public\wp-content\plugins\tutor\helpers\QueryHelper.php on line 1120
[04-Oct-2025 11:07:05 UTC] WordPress database error Table 'local.wp_wc_orders_meta' doesn't exist for query 
			SELECT COUNT(te.earning_id) as total_count
			FROM wp_tutor_earnings te
			 INNER JOIN wp_wc_orders_meta wcom ON te.order_id = wcom.order_id 
			WHERE te.process_by = 'tutor' AND wcom.meta_key = '_is_tutor_order_for_course'
		 made by do_action_ref_array('process_by_wc_migrator'), WP_Hook->do_action, WP_Hook->apply_filters, Tutor\Migrations\BatchProcessor->process_batch, Tutor\Migrations\ProcessByWcMigrator->get_total_items, Tutor\Helpers\QueryHelper::get_joined_count
[04-Oct-2025 11:07:05 UTC] PHP Fatal error:  Uncaught Exception: Table 'local.wp_wc_orders_meta' doesn't exist in C:\Users\Constant\Local Sites\cli\app\public\wp-content\plugins\tutor\helpers\QueryHelper.php:1120
Stack trace:
#0 C:\Users\Constant\Local Sites\cli\app\public\wp-content\plugins\tutor\migrations\ProcessByWcMigrator.php(82): Tutor\Helpers\QueryHelper::get_joined_count('tutor_earnings ...', Array, Array, Array, 'te.earning_id')
#1 C:\Users\Constant\Local Sites\cli\app\public\wp-content\plugins\tutor\migrations\BatchProcessor.php(179): Tutor\Migrations\ProcessByWcMigrator->get_total_items()
#2 C:\Users\Constant\Local Sites\cli\app\public\wp-includes\class-wp-hook.php(324): Tutor\Migrations\BatchProcessor->process_batch()
#3 C:\Users\Constant\Local Sites\cli\app\public\wp-includes\class-wp-hook.php(348): WP_Hook->apply_filters('', Array)
#4 C:\Users\Constant\Local Sites\cli\app\public\wp-includes\plugin.php(565): WP_Hook->do_action(Array)
#5 C:\Users\Constant\Local Sites\cli\app\public\wp-cron.php(191): do_action_ref_array('process_by_wc_m...', Array)
#6 {main}
  thrown in C:\Users\Constant\Local Sites\cli\app\public\wp-content\plugins\tutor\helpers\QueryHelper.php on line 1120
[04-Oct-2025 11:08:05 UTC] WordPress database error Table 'local.wp_wc_orders_meta' doesn't exist for query 
			SELECT COUNT(te.earning_id) as total_count
			FROM wp_tutor_earnings te
			 INNER JOIN wp_wc_orders_meta wcom ON te.order_id = wcom.order_id 
			WHERE te.process_by = 'tutor' AND wcom.meta_key = '_is_tutor_order_for_course'
		 made by do_action_ref_array('process_by_wc_migrator'), WP_Hook->do_action, WP_Hook->apply_filters, Tutor\Migrations\BatchProcessor->process_batch, Tutor\Migrations\ProcessByWcMigrator->get_total_items, Tutor\Helpers\QueryHelper::get_joined_count
[04-Oct-2025 11:08:05 UTC] PHP Fatal error:  Uncaught Exception: Table 'local.wp_wc_orders_meta' doesn't exist in C:\Users\Constant\Local Sites\cli\app\public\wp-content\plugins\tutor\helpers\QueryHelper.php:1120
Stack trace:
#0 C:\Users\Constant\Local Sites\cli\app\public\wp-content\plugins\tutor\migrations\ProcessByWcMigrator.php(82): Tutor\Helpers\QueryHelper::get_joined_count('tutor_earnings ...', Array, Array, Array, 'te.earning_id')
#1 C:\Users\Constant\Local Sites\cli\app\public\wp-content\plugins\tutor\migrations\BatchProcessor.php(179): Tutor\Migrations\ProcessByWcMigrator->get_total_items()
#2 C:\Users\Constant\Local Sites\cli\app\public\wp-includes\class-wp-hook.php(324): Tutor\Migrations\BatchProcessor->process_batch()
#3 C:\Users\Constant\Local Sites\cli\app\public\wp-includes\class-wp-hook.php(348): WP_Hook->apply_filters('', Array)
#4 C:\Users\Constant\Local Sites\cli\app\public\wp-includes\plugin.php(565): WP_Hook->do_action(Array)
#5 C:\Users\Constant\Local Sites\cli\app\public\wp-cron.php(191): do_action_ref_array('process_by_wc_m...', Array)
#6 {main}
  thrown in C:\Users\Constant\Local Sites\cli\app\public\wp-content\plugins\tutor\helpers\QueryHelper.php on line 1120
[04-Oct-2025 11:09:05 UTC] WordPress database error Table 'local.wp_wc_orders_meta' doesn't exist for query 
			SELECT COUNT(te.earning_id) as total_count
			FROM wp_tutor_earnings te
			 INNER JOIN wp_wc_orders_meta wcom ON te.order_id = wcom.order_id 
			WHERE te.process_by = 'tutor' AND wcom.meta_key = '_is_tutor_order_for_course'
		 made by do_action_ref_array('process_by_wc_migrator'), WP_Hook->do_action, WP_Hook->apply_filters, Tutor\Migrations\BatchProcessor->process_batch, Tutor\Migrations\ProcessByWcMigrator->get_total_items, Tutor\Helpers\QueryHelper::get_joined_count
[04-Oct-2025 11:09:05 UTC] PHP Fatal error:  Uncaught Exception: Table 'local.wp_wc_orders_meta' doesn't exist in C:\Users\Constant\Local Sites\cli\app\public\wp-content\plugins\tutor\helpers\QueryHelper.php:1120
Stack trace:
#0 C:\Users\Constant\Local Sites\cli\app\public\wp-content\plugins\tutor\migrations\ProcessByWcMigrator.php(82): Tutor\Helpers\QueryHelper::get_joined_count('tutor_earnings ...', Array, Array, Array, 'te.earning_id')
#1 C:\Users\Constant\Local Sites\cli\app\public\wp-content\plugins\tutor\migrations\BatchProcessor.php(179): Tutor\Migrations\ProcessByWcMigrator->get_total_items()
#2 C:\Users\Constant\Local Sites\cli\app\public\wp-includes\class-wp-hook.php(324): Tutor\Migrations\BatchProcessor->process_batch()
#3 C:\Users\Constant\Local Sites\cli\app\public\wp-includes\class-wp-hook.php(348): WP_Hook->apply_filters('', Array)
#4 C:\Users\Constant\Local Sites\cli\app\public\wp-includes\plugin.php(565): WP_Hook->do_action(Array)
#5 C:\Users\Constant\Local Sites\cli\app\public\wp-cron.php(191): do_action_ref_array('process_by_wc_m...', Array)
#6 {main}
  thrown in C:\Users\Constant\Local Sites\cli\app\public\wp-content\plugins\tutor\helpers\QueryHelper.php on line 1120
[04-Oct-2025 11:10:05 UTC] WordPress database error Table 'local.wp_wc_orders_meta' doesn't exist for query 
			SELECT COUNT(te.earning_id) as total_count
			FROM wp_tutor_earnings te
			 INNER JOIN wp_wc_orders_meta wcom ON te.order_id = wcom.order_id 
			WHERE te.process_by = 'tutor' AND wcom.meta_key = '_is_tutor_order_for_course'
		 made by do_action_ref_array('process_by_wc_migrator'), WP_Hook->do_action, WP_Hook->apply_filters, Tutor\Migrations\BatchProcessor->process_batch, Tutor\Migrations\ProcessByWcMigrator->get_total_items, Tutor\Helpers\QueryHelper::get_joined_count
[04-Oct-2025 11:10:05 UTC] PHP Fatal error:  Uncaught Exception: Table 'local.wp_wc_orders_meta' doesn't exist in C:\Users\Constant\Local Sites\cli\app\public\wp-content\plugins\tutor\helpers\QueryHelper.php:1120
Stack trace:
#0 C:\Users\Constant\Local Sites\cli\app\public\wp-content\plugins\tutor\migrations\ProcessByWcMigrator.php(82): Tutor\Helpers\QueryHelper::get_joined_count('tutor_earnings ...', Array, Array, Array, 'te.earning_id')
#1 C:\Users\Constant\Local Sites\cli\app\public\wp-content\plugins\tutor\migrations\BatchProcessor.php(179): Tutor\Migrations\ProcessByWcMigrator->get_total_items()
#2 C:\Users\Constant\Local Sites\cli\app\public\wp-includes\class-wp-hook.php(324): Tutor\Migrations\BatchProcessor->process_batch()
#3 C:\Users\Constant\Local Sites\cli\app\public\wp-includes\class-wp-hook.php(348): WP_Hook->apply_filters('', Array)
#4 C:\Users\Constant\Local Sites\cli\app\public\wp-includes\plugin.php(565): WP_Hook->do_action(Array)
#5 C:\Users\Constant\Local Sites\cli\app\public\wp-cron.php(191): do_action_ref_array('process_by_wc_m...', Array)
#6 {main}
  thrown in C:\Users\Constant\Local Sites\cli\app\public\wp-content\plugins\tutor\helpers\QueryHelper.php on line 1120
[04-Oct-2025 11:11:05 UTC] WordPress database error Table 'local.wp_wc_orders_meta' doesn't exist for query 
			SELECT COUNT(te.earning_id) as total_count
			FROM wp_tutor_earnings te
			 INNER JOIN wp_wc_orders_meta wcom ON te.order_id = wcom.order_id 
			WHERE te.process_by = 'tutor' AND wcom.meta_key = '_is_tutor_order_for_course'
		 made by do_action_ref_array('process_by_wc_migrator'), WP_Hook->do_action, WP_Hook->apply_filters, Tutor\Migrations\BatchProcessor->process_batch, Tutor\Migrations\ProcessByWcMigrator->get_total_items, Tutor\Helpers\QueryHelper::get_joined_count
[04-Oct-2025 11:11:05 UTC] PHP Fatal error:  Uncaught Exception: Table 'local.wp_wc_orders_meta' doesn't exist in C:\Users\Constant\Local Sites\cli\app\public\wp-content\plugins\tutor\helpers\QueryHelper.php:1120
Stack trace:
#0 C:\Users\Constant\Local Sites\cli\app\public\wp-content\plugins\tutor\migrations\ProcessByWcMigrator.php(82): Tutor\Helpers\QueryHelper::get_joined_count('tutor_earnings ...', Array, Array, Array, 'te.earning_id')
#1 C:\Users\Constant\Local Sites\cli\app\public\wp-content\plugins\tutor\migrations\BatchProcessor.php(179): Tutor\Migrations\ProcessByWcMigrator->get_total_items()
#2 C:\Users\Constant\Local Sites\cli\app\public\wp-includes\class-wp-hook.php(324): Tutor\Migrations\BatchProcessor->process_batch()
#3 C:\Users\Constant\Local Sites\cli\app\public\wp-includes\class-wp-hook.php(348): WP_Hook->apply_filters('', Array)
#4 C:\Users\Constant\Local Sites\cli\app\public\wp-includes\plugin.php(565): WP_Hook->do_action(Array)
#5 C:\Users\Constant\Local Sites\cli\app\public\wp-cron.php(191): do_action_ref_array('process_by_wc_m...', Array)
#6 {main}
  thrown in C:\Users\Constant\Local Sites\cli\app\public\wp-content\plugins\tutor\helpers\QueryHelper.php on line 1120
[04-Oct-2025 11:12:15 UTC] WordPress database error Table 'local.wp_wc_orders_meta' doesn't exist for query 
			SELECT COUNT(te.earning_id) as total_count
			FROM wp_tutor_earnings te
			 INNER JOIN wp_wc_orders_meta wcom ON te.order_id = wcom.order_id 
			WHERE te.process_by = 'tutor' AND wcom.meta_key = '_is_tutor_order_for_course'
		 made by do_action_ref_array('process_by_wc_migrator'), WP_Hook->do_action, WP_Hook->apply_filters, Tutor\Migrations\BatchProcessor->process_batch, Tutor\Migrations\ProcessByWcMigrator->get_total_items, Tutor\Helpers\QueryHelper::get_joined_count
[04-Oct-2025 11:12:15 UTC] PHP Fatal error:  Uncaught Exception: Table 'local.wp_wc_orders_meta' doesn't exist in C:\Users\Constant\Local Sites\cli\app\public\wp-content\plugins\tutor\helpers\QueryHelper.php:1120
Stack trace:
#0 C:\Users\Constant\Local Sites\cli\app\public\wp-content\plugins\tutor\migrations\ProcessByWcMigrator.php(82): Tutor\Helpers\QueryHelper::get_joined_count('tutor_earnings ...', Array, Array, Array, 'te.earning_id')
#1 C:\Users\Constant\Local Sites\cli\app\public\wp-content\plugins\tutor\migrations\BatchProcessor.php(179): Tutor\Migrations\ProcessByWcMigrator->get_total_items()
#2 C:\Users\Constant\Local Sites\cli\app\public\wp-includes\class-wp-hook.php(324): Tutor\Migrations\BatchProcessor->process_batch()
#3 C:\Users\Constant\Local Sites\cli\app\public\wp-includes\class-wp-hook.php(348): WP_Hook->apply_filters('', Array)
#4 C:\Users\Constant\Local Sites\cli\app\public\wp-includes\plugin.php(565): WP_Hook->do_action(Array)
#5 C:\Users\Constant\Local Sites\cli\app\public\wp-cron.php(191): do_action_ref_array('process_by_wc_m...', Array)
#6 {main}
  thrown in C:\Users\Constant\Local Sites\cli\app\public\wp-content\plugins\tutor\helpers\QueryHelper.php on line 1120
[04-Oct-2025 11:13:15 UTC] WordPress database error Table 'local.wp_wc_orders_meta' doesn't exist for query 
			SELECT COUNT(te.earning_id) as total_count
			FROM wp_tutor_earnings te
			 INNER JOIN wp_wc_orders_meta wcom ON te.order_id = wcom.order_id 
			WHERE te.process_by = 'tutor' AND wcom.meta_key = '_is_tutor_order_for_course'
		 made by do_action_ref_array('process_by_wc_migrator'), WP_Hook->do_action, WP_Hook->apply_filters, Tutor\Migrations\BatchProcessor->process_batch, Tutor\Migrations\ProcessByWcMigrator->get_total_items, Tutor\Helpers\QueryHelper::get_joined_count
[04-Oct-2025 11:13:15 UTC] PHP Fatal error:  Uncaught Exception: Table 'local.wp_wc_orders_meta' doesn't exist in C:\Users\Constant\Local Sites\cli\app\public\wp-content\plugins\tutor\helpers\QueryHelper.php:1120
Stack trace:
#0 C:\Users\Constant\Local Sites\cli\app\public\wp-content\plugins\tutor\migrations\ProcessByWcMigrator.php(82): Tutor\Helpers\QueryHelper::get_joined_count('tutor_earnings ...', Array, Array, Array, 'te.earning_id')
#1 C:\Users\Constant\Local Sites\cli\app\public\wp-content\plugins\tutor\migrations\BatchProcessor.php(179): Tutor\Migrations\ProcessByWcMigrator->get_total_items()
#2 C:\Users\Constant\Local Sites\cli\app\public\wp-includes\class-wp-hook.php(324): Tutor\Migrations\BatchProcessor->process_batch()
#3 C:\Users\Constant\Local Sites\cli\app\public\wp-includes\class-wp-hook.php(348): WP_Hook->apply_filters('', Array)
#4 C:\Users\Constant\Local Sites\cli\app\public\wp-includes\plugin.php(565): WP_Hook->do_action(Array)
#5 C:\Users\Constant\Local Sites\cli\app\public\wp-cron.php(191): do_action_ref_array('process_by_wc_m...', Array)
#6 {main}
  thrown in C:\Users\Constant\Local Sites\cli\app\public\wp-content\plugins\tutor\helpers\QueryHelper.php on line 1120
[04-Oct-2025 11:14:15 UTC] WordPress database error Table 'local.wp_wc_orders_meta' doesn't exist for query 
			SELECT COUNT(te.earning_id) as total_count
			FROM wp_tutor_earnings te
			 INNER JOIN wp_wc_orders_meta wcom ON te.order_id = wcom.order_id 
			WHERE te.process_by = 'tutor' AND wcom.meta_key = '_is_tutor_order_for_course'
		 made by do_action_ref_array('process_by_wc_migrator'), WP_Hook->do_action, WP_Hook->apply_filters, Tutor\Migrations\BatchProcessor->process_batch, Tutor\Migrations\ProcessByWcMigrator->get_total_items, Tutor\Helpers\QueryHelper::get_joined_count
[04-Oct-2025 11:14:15 UTC] PHP Fatal error:  Uncaught Exception: Table 'local.wp_wc_orders_meta' doesn't exist in C:\Users\Constant\Local Sites\cli\app\public\wp-content\plugins\tutor\helpers\QueryHelper.php:1120
Stack trace:
#0 C:\Users\Constant\Local Sites\cli\app\public\wp-content\plugins\tutor\migrations\ProcessByWcMigrator.php(82): Tutor\Helpers\QueryHelper::get_joined_count('tutor_earnings ...', Array, Array, Array, 'te.earning_id')
#1 C:\Users\Constant\Local Sites\cli\app\public\wp-content\plugins\tutor\migrations\BatchProcessor.php(179): Tutor\Migrations\ProcessByWcMigrator->get_total_items()
#2 C:\Users\Constant\Local Sites\cli\app\public\wp-includes\class-wp-hook.php(324): Tutor\Migrations\BatchProcessor->process_batch()
#3 C:\Users\Constant\Local Sites\cli\app\public\wp-includes\class-wp-hook.php(348): WP_Hook->apply_filters('', Array)
#4 C:\Users\Constant\Local Sites\cli\app\public\wp-includes\plugin.php(565): WP_Hook->do_action(Array)
#5 C:\Users\Constant\Local Sites\cli\app\public\wp-cron.php(191): do_action_ref_array('process_by_wc_m...', Array)
#6 {main}
  thrown in C:\Users\Constant\Local Sites\cli\app\public\wp-content\plugins\tutor\helpers\QueryHelper.php on line 1120
[04-Oct-2025 11:15:15 UTC] WordPress database error Table 'local.wp_wc_orders_meta' doesn't exist for query 
			SELECT COUNT(te.earning_id) as total_count
			FROM wp_tutor_earnings te
			 INNER JOIN wp_wc_orders_meta wcom ON te.order_id = wcom.order_id 
			WHERE te.process_by = 'tutor' AND wcom.meta_key = '_is_tutor_order_for_course'
		 made by do_action_ref_array('process_by_wc_migrator'), WP_Hook->do_action, WP_Hook->apply_filters, Tutor\Migrations\BatchProcessor->process_batch, Tutor\Migrations\ProcessByWcMigrator->get_total_items, Tutor\Helpers\QueryHelper::get_joined_count
[04-Oct-2025 11:15:15 UTC] PHP Fatal error:  Uncaught Exception: Table 'local.wp_wc_orders_meta' doesn't exist in C:\Users\Constant\Local Sites\cli\app\public\wp-content\plugins\tutor\helpers\QueryHelper.php:1120
Stack trace:
#0 C:\Users\Constant\Local Sites\cli\app\public\wp-content\plugins\tutor\migrations\ProcessByWcMigrator.php(82): Tutor\Helpers\QueryHelper::get_joined_count('tutor_earnings ...', Array, Array, Array, 'te.earning_id')
#1 C:\Users\Constant\Local Sites\cli\app\public\wp-content\plugins\tutor\migrations\BatchProcessor.php(179): Tutor\Migrations\ProcessByWcMigrator->get_total_items()
#2 C:\Users\Constant\Local Sites\cli\app\public\wp-includes\class-wp-hook.php(324): Tutor\Migrations\BatchProcessor->process_batch()
#3 C:\Users\Constant\Local Sites\cli\app\public\wp-includes\class-wp-hook.php(348): WP_Hook->apply_filters('', Array)
#4 C:\Users\Constant\Local Sites\cli\app\public\wp-includes\plugin.php(565): WP_Hook->do_action(Array)
#5 C:\Users\Constant\Local Sites\cli\app\public\wp-cron.php(191): do_action_ref_array('process_by_wc_m...', Array)
#6 {main}
  thrown in C:\Users\Constant\Local Sites\cli\app\public\wp-content\plugins\tutor\helpers\QueryHelper.php on line 1120
[04-Oct-2025 11:16:15 UTC] WordPress database error Table 'local.wp_wc_orders_meta' doesn't exist for query 
			SELECT COUNT(te.earning_id) as total_count
			FROM wp_tutor_earnings te
			 INNER JOIN wp_wc_orders_meta wcom ON te.order_id = wcom.order_id 
			WHERE te.process_by = 'tutor' AND wcom.meta_key = '_is_tutor_order_for_course'
		 made by do_action_ref_array('process_by_wc_migrator'), WP_Hook->do_action, WP_Hook->apply_filters, Tutor\Migrations\BatchProcessor->process_batch, Tutor\Migrations\ProcessByWcMigrator->get_total_items, Tutor\Helpers\QueryHelper::get_joined_count
[04-Oct-2025 11:16:15 UTC] PHP Fatal error:  Uncaught Exception: Table 'local.wp_wc_orders_meta' doesn't exist in C:\Users\Constant\Local Sites\cli\app\public\wp-content\plugins\tutor\helpers\QueryHelper.php:1120
Stack trace:
#0 C:\Users\Constant\Local Sites\cli\app\public\wp-content\plugins\tutor\migrations\ProcessByWcMigrator.php(82): Tutor\Helpers\QueryHelper::get_joined_count('tutor_earnings ...', Array, Array, Array, 'te.earning_id')
#1 C:\Users\Constant\Local Sites\cli\app\public\wp-content\plugins\tutor\migrations\BatchProcessor.php(179): Tutor\Migrations\ProcessByWcMigrator->get_total_items()
#2 C:\Users\Constant\Local Sites\cli\app\public\wp-includes\class-wp-hook.php(324): Tutor\Migrations\BatchProcessor->process_batch()
#3 C:\Users\Constant\Local Sites\cli\app\public\wp-includes\class-wp-hook.php(348): WP_Hook->apply_filters('', Array)
#4 C:\Users\Constant\Local Sites\cli\app\public\wp-includes\plugin.php(565): WP_Hook->do_action(Array)
#5 C:\Users\Constant\Local Sites\cli\app\public\wp-cron.php(191): do_action_ref_array('process_by_wc_m...', Array)
#6 {main}
  thrown in C:\Users\Constant\Local Sites\cli\app\public\wp-content\plugins\tutor\helpers\QueryHelper.php on line 1120
[04-Oct-2025 11:17:15 UTC] WordPress database error Table 'local.wp_wc_orders_meta' doesn't exist for query 
			SELECT COUNT(te.earning_id) as total_count
			FROM wp_tutor_earnings te
			 INNER JOIN wp_wc_orders_meta wcom ON te.order_id = wcom.order_id 
			WHERE te.process_by = 'tutor' AND wcom.meta_key = '_is_tutor_order_for_course'
		 made by do_action_ref_array('process_by_wc_migrator'), WP_Hook->do_action, WP_Hook->apply_filters, Tutor\Migrations\BatchProcessor->process_batch, Tutor\Migrations\ProcessByWcMigrator->get_total_items, Tutor\Helpers\QueryHelper::get_joined_count
[04-Oct-2025 11:17:15 UTC] PHP Fatal error:  Uncaught Exception: Table 'local.wp_wc_orders_meta' doesn't exist in C:\Users\Constant\Local Sites\cli\app\public\wp-content\plugins\tutor\helpers\QueryHelper.php:1120
Stack trace:
#0 C:\Users\Constant\Local Sites\cli\app\public\wp-content\plugins\tutor\migrations\ProcessByWcMigrator.php(82): Tutor\Helpers\QueryHelper::get_joined_count('tutor_earnings ...', Array, Array, Array, 'te.earning_id')
#1 C:\Users\Constant\Local Sites\cli\app\public\wp-content\plugins\tutor\migrations\BatchProcessor.php(179): Tutor\Migrations\ProcessByWcMigrator->get_total_items()
#2 C:\Users\Constant\Local Sites\cli\app\public\wp-includes\class-wp-hook.php(324): Tutor\Migrations\BatchProcessor->process_batch()
#3 C:\Users\Constant\Local Sites\cli\app\public\wp-includes\class-wp-hook.php(348): WP_Hook->apply_filters('', Array)
#4 C:\Users\Constant\Local Sites\cli\app\public\wp-includes\plugin.php(565): WP_Hook->do_action(Array)
#5 C:\Users\Constant\Local Sites\cli\app\public\wp-cron.php(191): do_action_ref_array('process_by_wc_m...', Array)
#6 {main}
  thrown in C:\Users\Constant\Local Sites\cli\app\public\wp-content\plugins\tutor\helpers\QueryHelper.php on line 1120
[04-Oct-2025 11:18:15 UTC] WordPress database error Table 'local.wp_wc_orders_meta' doesn't exist for query 
			SELECT COUNT(te.earning_id) as total_count
			FROM wp_tutor_earnings te
			 INNER JOIN wp_wc_orders_meta wcom ON te.order_id = wcom.order_id 
			WHERE te.process_by = 'tutor' AND wcom.meta_key = '_is_tutor_order_for_course'
		 made by do_action_ref_array('process_by_wc_migrator'), WP_Hook->do_action, WP_Hook->apply_filters, Tutor\Migrations\BatchProcessor->process_batch, Tutor\Migrations\ProcessByWcMigrator->get_total_items, Tutor\Helpers\QueryHelper::get_joined_count
[04-Oct-2025 11:18:15 UTC] PHP Fatal error:  Uncaught Exception: Table 'local.wp_wc_orders_meta' doesn't exist in C:\Users\Constant\Local Sites\cli\app\public\wp-content\plugins\tutor\helpers\QueryHelper.php:1120
Stack trace:
#0 C:\Users\Constant\Local Sites\cli\app\public\wp-content\plugins\tutor\migrations\ProcessByWcMigrator.php(82): Tutor\Helpers\QueryHelper::get_joined_count('tutor_earnings ...', Array, Array, Array, 'te.earning_id')
#1 C:\Users\Constant\Local Sites\cli\app\public\wp-content\plugins\tutor\migrations\BatchProcessor.php(179): Tutor\Migrations\ProcessByWcMigrator->get_total_items()
#2 C:\Users\Constant\Local Sites\cli\app\public\wp-includes\class-wp-hook.php(324): Tutor\Migrations\BatchProcessor->process_batch()
#3 C:\Users\Constant\Local Sites\cli\app\public\wp-includes\class-wp-hook.php(348): WP_Hook->apply_filters('', Array)
#4 C:\Users\Constant\Local Sites\cli\app\public\wp-includes\plugin.php(565): WP_Hook->do_action(Array)
#5 C:\Users\Constant\Local Sites\cli\app\public\wp-cron.php(191): do_action_ref_array('process_by_wc_m...', Array)
#6 {main}
  thrown in C:\Users\Constant\Local Sites\cli\app\public\wp-content\plugins\tutor\helpers\QueryHelper.php on line 1120
[04-Oct-2025 11:19:15 UTC] WordPress database error Table 'local.wp_wc_orders_meta' doesn't exist for query 
			SELECT COUNT(te.earning_id) as total_count
			FROM wp_tutor_earnings te
			 INNER JOIN wp_wc_orders_meta wcom ON te.order_id = wcom.order_id 
			WHERE te.process_by = 'tutor' AND wcom.meta_key = '_is_tutor_order_for_course'
		 made by do_action_ref_array('process_by_wc_migrator'), WP_Hook->do_action, WP_Hook->apply_filters, Tutor\Migrations\BatchProcessor->process_batch, Tutor\Migrations\ProcessByWcMigrator->get_total_items, Tutor\Helpers\QueryHelper::get_joined_count
[04-Oct-2025 11:19:15 UTC] PHP Fatal error:  Uncaught Exception: Table 'local.wp_wc_orders_meta' doesn't exist in C:\Users\Constant\Local Sites\cli\app\public\wp-content\plugins\tutor\helpers\QueryHelper.php:1120
Stack trace:
#0 C:\Users\Constant\Local Sites\cli\app\public\wp-content\plugins\tutor\migrations\ProcessByWcMigrator.php(82): Tutor\Helpers\QueryHelper::get_joined_count('tutor_earnings ...', Array, Array, Array, 'te.earning_id')
#1 C:\Users\Constant\Local Sites\cli\app\public\wp-content\plugins\tutor\migrations\BatchProcessor.php(179): Tutor\Migrations\ProcessByWcMigrator->get_total_items()
#2 C:\Users\Constant\Local Sites\cli\app\public\wp-includes\class-wp-hook.php(324): Tutor\Migrations\BatchProcessor->process_batch()
#3 C:\Users\Constant\Local Sites\cli\app\public\wp-includes\class-wp-hook.php(348): WP_Hook->apply_filters('', Array)
#4 C:\Users\Constant\Local Sites\cli\app\public\wp-includes\plugin.php(565): WP_Hook->do_action(Array)
#5 C:\Users\Constant\Local Sites\cli\app\public\wp-cron.php(191): do_action_ref_array('process_by_wc_m...', Array)
#6 {main}
  thrown in C:\Users\Constant\Local Sites\cli\app\public\wp-content\plugins\tutor\helpers\QueryHelper.php on line 1120
[04-Oct-2025 11:20:15 UTC] WordPress database error Table 'local.wp_wc_orders_meta' doesn't exist for query 
			SELECT COUNT(te.earning_id) as total_count
			FROM wp_tutor_earnings te
			 INNER JOIN wp_wc_orders_meta wcom ON te.order_id = wcom.order_id 
			WHERE te.process_by = 'tutor' AND wcom.meta_key = '_is_tutor_order_for_course'
		 made by do_action_ref_array('process_by_wc_migrator'), WP_Hook->do_action, WP_Hook->apply_filters, Tutor\Migrations\BatchProcessor->process_batch, Tutor\Migrations\ProcessByWcMigrator->get_total_items, Tutor\Helpers\QueryHelper::get_joined_count
[04-Oct-2025 11:20:15 UTC] PHP Fatal error:  Uncaught Exception: Table 'local.wp_wc_orders_meta' doesn't exist in C:\Users\Constant\Local Sites\cli\app\public\wp-content\plugins\tutor\helpers\QueryHelper.php:1120
Stack trace:
#0 C:\Users\Constant\Local Sites\cli\app\public\wp-content\plugins\tutor\migrations\ProcessByWcMigrator.php(82): Tutor\Helpers\QueryHelper::get_joined_count('tutor_earnings ...', Array, Array, Array, 'te.earning_id')
#1 C:\Users\Constant\Local Sites\cli\app\public\wp-content\plugins\tutor\migrations\BatchProcessor.php(179): Tutor\Migrations\ProcessByWcMigrator->get_total_items()
#2 C:\Users\Constant\Local Sites\cli\app\public\wp-includes\class-wp-hook.php(324): Tutor\Migrations\BatchProcessor->process_batch()
#3 C:\Users\Constant\Local Sites\cli\app\public\wp-includes\class-wp-hook.php(348): WP_Hook->apply_filters('', Array)
#4 C:\Users\Constant\Local Sites\cli\app\public\wp-includes\plugin.php(565): WP_Hook->do_action(Array)
#5 C:\Users\Constant\Local Sites\cli\app\public\wp-cron.php(191): do_action_ref_array('process_by_wc_m...', Array)
#6 {main}
  thrown in C:\Users\Constant\Local Sites\cli\app\public\wp-content\plugins\tutor\helpers\QueryHelper.php on line 1120
[04-Oct-2025 11:21:15 UTC] WordPress database error Table 'local.wp_wc_orders_meta' doesn't exist for query 
			SELECT COUNT(te.earning_id) as total_count
			FROM wp_tutor_earnings te
			 INNER JOIN wp_wc_orders_meta wcom ON te.order_id = wcom.order_id 
			WHERE te.process_by = 'tutor' AND wcom.meta_key = '_is_tutor_order_for_course'
		 made by do_action_ref_array('process_by_wc_migrator'), WP_Hook->do_action, WP_Hook->apply_filters, Tutor\Migrations\BatchProcessor->process_batch, Tutor\Migrations\ProcessByWcMigrator->get_total_items, Tutor\Helpers\QueryHelper::get_joined_count
[04-Oct-2025 11:21:15 UTC] PHP Fatal error:  Uncaught Exception: Table 'local.wp_wc_orders_meta' doesn't exist in C:\Users\Constant\Local Sites\cli\app\public\wp-content\plugins\tutor\helpers\QueryHelper.php:1120
Stack trace:
#0 C:\Users\Constant\Local Sites\cli\app\public\wp-content\plugins\tutor\migrations\ProcessByWcMigrator.php(82): Tutor\Helpers\QueryHelper::get_joined_count('tutor_earnings ...', Array, Array, Array, 'te.earning_id')
#1 C:\Users\Constant\Local Sites\cli\app\public\wp-content\plugins\tutor\migrations\BatchProcessor.php(179): Tutor\Migrations\ProcessByWcMigrator->get_total_items()
#2 C:\Users\Constant\Local Sites\cli\app\public\wp-includes\class-wp-hook.php(324): Tutor\Migrations\BatchProcessor->process_batch()
#3 C:\Users\Constant\Local Sites\cli\app\public\wp-includes\class-wp-hook.php(348): WP_Hook->apply_filters('', Array)
#4 C:\Users\Constant\Local Sites\cli\app\public\wp-includes\plugin.php(565): WP_Hook->do_action(Array)
#5 C:\Users\Constant\Local Sites\cli\app\public\wp-cron.php(191): do_action_ref_array('process_by_wc_m...', Array)
#6 {main}
  thrown in C:\Users\Constant\Local Sites\cli\app\public\wp-content\plugins\tutor\helpers\QueryHelper.php on line 1120
[04-Oct-2025 11:22:15 UTC] WordPress database error Table 'local.wp_wc_orders_meta' doesn't exist for query 
			SELECT COUNT(te.earning_id) as total_count
			FROM wp_tutor_earnings te
			 INNER JOIN wp_wc_orders_meta wcom ON te.order_id = wcom.order_id 
			WHERE te.process_by = 'tutor' AND wcom.meta_key = '_is_tutor_order_for_course'
		 made by do_action_ref_array('process_by_wc_migrator'), WP_Hook->do_action, WP_Hook->apply_filters, Tutor\Migrations\BatchProcessor->process_batch, Tutor\Migrations\ProcessByWcMigrator->get_total_items, Tutor\Helpers\QueryHelper::get_joined_count
[04-Oct-2025 11:22:15 UTC] PHP Fatal error:  Uncaught Exception: Table 'local.wp_wc_orders_meta' doesn't exist in C:\Users\Constant\Local Sites\cli\app\public\wp-content\plugins\tutor\helpers\QueryHelper.php:1120
Stack trace:
#0 C:\Users\Constant\Local Sites\cli\app\public\wp-content\plugins\tutor\migrations\ProcessByWcMigrator.php(82): Tutor\Helpers\QueryHelper::get_joined_count('tutor_earnings ...', Array, Array, Array, 'te.earning_id')
#1 C:\Users\Constant\Local Sites\cli\app\public\wp-content\plugins\tutor\migrations\BatchProcessor.php(179): Tutor\Migrations\ProcessByWcMigrator->get_total_items()
#2 C:\Users\Constant\Local Sites\cli\app\public\wp-includes\class-wp-hook.php(324): Tutor\Migrations\BatchProcessor->process_batch()
#3 C:\Users\Constant\Local Sites\cli\app\public\wp-includes\class-wp-hook.php(348): WP_Hook->apply_filters('', Array)
#4 C:\Users\Constant\Local Sites\cli\app\public\wp-includes\plugin.php(565): WP_Hook->do_action(Array)
#5 C:\Users\Constant\Local Sites\cli\app\public\wp-cron.php(191): do_action_ref_array('process_by_wc_m...', Array)
#6 {main}
  thrown in C:\Users\Constant\Local Sites\cli\app\public\wp-content\plugins\tutor\helpers\QueryHelper.php on line 1120
[04-Oct-2025 11:23:15 UTC] WordPress database error Table 'local.wp_wc_orders_meta' doesn't exist for query 
			SELECT COUNT(te.earning_id) as total_count
			FROM wp_tutor_earnings te
			 INNER JOIN wp_wc_orders_meta wcom ON te.order_id = wcom.order_id 
			WHERE te.process_by = 'tutor' AND wcom.meta_key = '_is_tutor_order_for_course'
		 made by do_action_ref_array('process_by_wc_migrator'), WP_Hook->do_action, WP_Hook->apply_filters, Tutor\Migrations\BatchProcessor->process_batch, Tutor\Migrations\ProcessByWcMigrator->get_total_items, Tutor\Helpers\QueryHelper::get_joined_count
[04-Oct-2025 11:23:15 UTC] PHP Fatal error:  Uncaught Exception: Table 'local.wp_wc_orders_meta' doesn't exist in C:\Users\Constant\Local Sites\cli\app\public\wp-content\plugins\tutor\helpers\QueryHelper.php:1120
Stack trace:
#0 C:\Users\Constant\Local Sites\cli\app\public\wp-content\plugins\tutor\migrations\ProcessByWcMigrator.php(82): Tutor\Helpers\QueryHelper::get_joined_count('tutor_earnings ...', Array, Array, Array, 'te.earning_id')
#1 C:\Users\Constant\Local Sites\cli\app\public\wp-content\plugins\tutor\migrations\BatchProcessor.php(179): Tutor\Migrations\ProcessByWcMigrator->get_total_items()
#2 C:\Users\Constant\Local Sites\cli\app\public\wp-includes\class-wp-hook.php(324): Tutor\Migrations\BatchProcessor->process_batch()
#3 C:\Users\Constant\Local Sites\cli\app\public\wp-includes\class-wp-hook.php(348): WP_Hook->apply_filters('', Array)
#4 C:\Users\Constant\Local Sites\cli\app\public\wp-includes\plugin.php(565): WP_Hook->do_action(Array)
#5 C:\Users\Constant\Local Sites\cli\app\public\wp-cron.php(191): do_action_ref_array('process_by_wc_m...', Array)
#6 {main}
  thrown in C:\Users\Constant\Local Sites\cli\app\public\wp-content\plugins\tutor\helpers\QueryHelper.php on line 1120
[04-Oct-2025 11:24:15 UTC] WordPress database error Table 'local.wp_wc_orders_meta' doesn't exist for query 
			SELECT COUNT(te.earning_id) as total_count
			FROM wp_tutor_earnings te
			 INNER JOIN wp_wc_orders_meta wcom ON te.order_id = wcom.order_id 
			WHERE te.process_by = 'tutor' AND wcom.meta_key = '_is_tutor_order_for_course'
		 made by do_action_ref_array('process_by_wc_migrator'), WP_Hook->do_action, WP_Hook->apply_filters, Tutor\Migrations\BatchProcessor->process_batch, Tutor\Migrations\ProcessByWcMigrator->get_total_items, Tutor\Helpers\QueryHelper::get_joined_count
[04-Oct-2025 11:24:15 UTC] PHP Fatal error:  Uncaught Exception: Table 'local.wp_wc_orders_meta' doesn't exist in C:\Users\Constant\Local Sites\cli\app\public\wp-content\plugins\tutor\helpers\QueryHelper.php:1120
Stack trace:
#0 C:\Users\Constant\Local Sites\cli\app\public\wp-content\plugins\tutor\migrations\ProcessByWcMigrator.php(82): Tutor\Helpers\QueryHelper::get_joined_count('tutor_earnings ...', Array, Array, Array, 'te.earning_id')
#1 C:\Users\Constant\Local Sites\cli\app\public\wp-content\plugins\tutor\migrations\BatchProcessor.php(179): Tutor\Migrations\ProcessByWcMigrator->get_total_items()
#2 C:\Users\Constant\Local Sites\cli\app\public\wp-includes\class-wp-hook.php(324): Tutor\Migrations\BatchProcessor->process_batch()
#3 C:\Users\Constant\Local Sites\cli\app\public\wp-includes\class-wp-hook.php(348): WP_Hook->apply_filters('', Array)
#4 C:\Users\Constant\Local Sites\cli\app\public\wp-includes\plugin.php(565): WP_Hook->do_action(Array)
#5 C:\Users\Constant\Local Sites\cli\app\public\wp-cron.php(191): do_action_ref_array('process_by_wc_m...', Array)
#6 {main}
  thrown in C:\Users\Constant\Local Sites\cli\app\public\wp-content\plugins\tutor\helpers\QueryHelper.php on line 1120
[04-Oct-2025 11:25:15 UTC] WordPress database error Table 'local.wp_wc_orders_meta' doesn't exist for query 
			SELECT COUNT(te.earning_id) as total_count
			FROM wp_tutor_earnings te
			 INNER JOIN wp_wc_orders_meta wcom ON te.order_id = wcom.order_id 
			WHERE te.process_by = 'tutor' AND wcom.meta_key = '_is_tutor_order_for_course'
		 made by do_action_ref_array('process_by_wc_migrator'), WP_Hook->do_action, WP_Hook->apply_filters, Tutor\Migrations\BatchProcessor->process_batch, Tutor\Migrations\ProcessByWcMigrator->get_total_items, Tutor\Helpers\QueryHelper::get_joined_count
[04-Oct-2025 11:25:15 UTC] PHP Fatal error:  Uncaught Exception: Table 'local.wp_wc_orders_meta' doesn't exist in C:\Users\Constant\Local Sites\cli\app\public\wp-content\plugins\tutor\helpers\QueryHelper.php:1120
Stack trace:
#0 C:\Users\Constant\Local Sites\cli\app\public\wp-content\plugins\tutor\migrations\ProcessByWcMigrator.php(82): Tutor\Helpers\QueryHelper::get_joined_count('tutor_earnings ...', Array, Array, Array, 'te.earning_id')
#1 C:\Users\Constant\Local Sites\cli\app\public\wp-content\plugins\tutor\migrations\BatchProcessor.php(179): Tutor\Migrations\ProcessByWcMigrator->get_total_items()
#2 C:\Users\Constant\Local Sites\cli\app\public\wp-includes\class-wp-hook.php(324): Tutor\Migrations\BatchProcessor->process_batch()
#3 C:\Users\Constant\Local Sites\cli\app\public\wp-includes\class-wp-hook.php(348): WP_Hook->apply_filters('', Array)
#4 C:\Users\Constant\Local Sites\cli\app\public\wp-includes\plugin.php(565): WP_Hook->do_action(Array)
#5 C:\Users\Constant\Local Sites\cli\app\public\wp-cron.php(191): do_action_ref_array('process_by_wc_m...', Array)
#6 {main}
  thrown in C:\Users\Constant\Local Sites\cli\app\public\wp-content\plugins\tutor\helpers\QueryHelper.php on line 1120
[04-Oct-2025 11:26:16 UTC] WordPress database error Table 'local.wp_wc_orders_meta' doesn't exist for query 
			SELECT COUNT(te.earning_id) as total_count
			FROM wp_tutor_earnings te
			 INNER JOIN wp_wc_orders_meta wcom ON te.order_id = wcom.order_id 
			WHERE te.process_by = 'tutor' AND wcom.meta_key = '_is_tutor_order_for_course'
		 made by do_action_ref_array('process_by_wc_migrator'), WP_Hook->do_action, WP_Hook->apply_filters, Tutor\Migrations\BatchProcessor->process_batch, Tutor\Migrations\ProcessByWcMigrator->get_total_items, Tutor\Helpers\QueryHelper::get_joined_count
[04-Oct-2025 11:26:16 UTC] PHP Fatal error:  Uncaught Exception: Table 'local.wp_wc_orders_meta' doesn't exist in C:\Users\Constant\Local Sites\cli\app\public\wp-content\plugins\tutor\helpers\QueryHelper.php:1120
Stack trace:
#0 C:\Users\Constant\Local Sites\cli\app\public\wp-content\plugins\tutor\migrations\ProcessByWcMigrator.php(82): Tutor\Helpers\QueryHelper::get_joined_count('tutor_earnings ...', Array, Array, Array, 'te.earning_id')
#1 C:\Users\Constant\Local Sites\cli\app\public\wp-content\plugins\tutor\migrations\BatchProcessor.php(179): Tutor\Migrations\ProcessByWcMigrator->get_total_items()
#2 C:\Users\Constant\Local Sites\cli\app\public\wp-includes\class-wp-hook.php(324): Tutor\Migrations\BatchProcessor->process_batch()
#3 C:\Users\Constant\Local Sites\cli\app\public\wp-includes\class-wp-hook.php(348): WP_Hook->apply_filters('', Array)
#4 C:\Users\Constant\Local Sites\cli\app\public\wp-includes\plugin.php(565): WP_Hook->do_action(Array)
#5 C:\Users\Constant\Local Sites\cli\app\public\wp-cron.php(191): do_action_ref_array('process_by_wc_m...', Array)
#6 {main}
  thrown in C:\Users\Constant\Local Sites\cli\app\public\wp-content\plugins\tutor\helpers\QueryHelper.php on line 1120
[04-Oct-2025 11:27:16 UTC] WordPress database error Table 'local.wp_wc_orders_meta' doesn't exist for query 
			SELECT COUNT(te.earning_id) as total_count
			FROM wp_tutor_earnings te
			 INNER JOIN wp_wc_orders_meta wcom ON te.order_id = wcom.order_id 
			WHERE te.process_by = 'tutor' AND wcom.meta_key = '_is_tutor_order_for_course'
		 made by do_action_ref_array('process_by_wc_migrator'), WP_Hook->do_action, WP_Hook->apply_filters, Tutor\Migrations\BatchProcessor->process_batch, Tutor\Migrations\ProcessByWcMigrator->get_total_items, Tutor\Helpers\QueryHelper::get_joined_count
[04-Oct-2025 11:27:16 UTC] PHP Fatal error:  Uncaught Exception: Table 'local.wp_wc_orders_meta' doesn't exist in C:\Users\Constant\Local Sites\cli\app\public\wp-content\plugins\tutor\helpers\QueryHelper.php:1120
Stack trace:
#0 C:\Users\Constant\Local Sites\cli\app\public\wp-content\plugins\tutor\migrations\ProcessByWcMigrator.php(82): Tutor\Helpers\QueryHelper::get_joined_count('tutor_earnings ...', Array, Array, Array, 'te.earning_id')
#1 C:\Users\Constant\Local Sites\cli\app\public\wp-content\plugins\tutor\migrations\BatchProcessor.php(179): Tutor\Migrations\ProcessByWcMigrator->get_total_items()
#2 C:\Users\Constant\Local Sites\cli\app\public\wp-includes\class-wp-hook.php(324): Tutor\Migrations\BatchProcessor->process_batch()
#3 C:\Users\Constant\Local Sites\cli\app\public\wp-includes\class-wp-hook.php(348): WP_Hook->apply_filters('', Array)
#4 C:\Users\Constant\Local Sites\cli\app\public\wp-includes\plugin.php(565): WP_Hook->do_action(Array)
#5 C:\Users\Constant\Local Sites\cli\app\public\wp-cron.php(191): do_action_ref_array('process_by_wc_m...', Array)
#6 {main}
  thrown in C:\Users\Constant\Local Sites\cli\app\public\wp-content\plugins\tutor\helpers\QueryHelper.php on line 1120
[04-Oct-2025 11:28:16 UTC] WordPress database error Table 'local.wp_wc_orders_meta' doesn't exist for query 
			SELECT COUNT(te.earning_id) as total_count
			FROM wp_tutor_earnings te
			 INNER JOIN wp_wc_orders_meta wcom ON te.order_id = wcom.order_id 
			WHERE te.process_by = 'tutor' AND wcom.meta_key = '_is_tutor_order_for_course'
		 made by do_action_ref_array('process_by_wc_migrator'), WP_Hook->do_action, WP_Hook->apply_filters, Tutor\Migrations\BatchProcessor->process_batch, Tutor\Migrations\ProcessByWcMigrator->get_total_items, Tutor\Helpers\QueryHelper::get_joined_count
[04-Oct-2025 11:28:16 UTC] PHP Fatal error:  Uncaught Exception: Table 'local.wp_wc_orders_meta' doesn't exist in C:\Users\Constant\Local Sites\cli\app\public\wp-content\plugins\tutor\helpers\QueryHelper.php:1120
Stack trace:
#0 C:\Users\Constant\Local Sites\cli\app\public\wp-content\plugins\tutor\migrations\ProcessByWcMigrator.php(82): Tutor\Helpers\QueryHelper::get_joined_count('tutor_earnings ...', Array, Array, Array, 'te.earning_id')
#1 C:\Users\Constant\Local Sites\cli\app\public\wp-content\plugins\tutor\migrations\BatchProcessor.php(179): Tutor\Migrations\ProcessByWcMigrator->get_total_items()
#2 C:\Users\Constant\Local Sites\cli\app\public\wp-includes\class-wp-hook.php(324): Tutor\Migrations\BatchProcessor->process_batch()
#3 C:\Users\Constant\Local Sites\cli\app\public\wp-includes\class-wp-hook.php(348): WP_Hook->apply_filters('', Array)
#4 C:\Users\Constant\Local Sites\cli\app\public\wp-includes\plugin.php(565): WP_Hook->do_action(Array)
#5 C:\Users\Constant\Local Sites\cli\app\public\wp-cron.php(191): do_action_ref_array('process_by_wc_m...', Array)
#6 {main}
  thrown in C:\Users\Constant\Local Sites\cli\app\public\wp-content\plugins\tutor\helpers\QueryHelper.php on line 1120
[04-Oct-2025 11:29:16 UTC] WordPress database error Table 'local.wp_wc_orders_meta' doesn't exist for query 
			SELECT COUNT(te.earning_id) as total_count
			FROM wp_tutor_earnings te
			 INNER JOIN wp_wc_orders_meta wcom ON te.order_id = wcom.order_id 
			WHERE te.process_by = 'tutor' AND wcom.meta_key = '_is_tutor_order_for_course'
		 made by do_action_ref_array('process_by_wc_migrator'), WP_Hook->do_action, WP_Hook->apply_filters, Tutor\Migrations\BatchProcessor->process_batch, Tutor\Migrations\ProcessByWcMigrator->get_total_items, Tutor\Helpers\QueryHelper::get_joined_count
[04-Oct-2025 11:29:16 UTC] PHP Fatal error:  Uncaught Exception: Table 'local.wp_wc_orders_meta' doesn't exist in C:\Users\Constant\Local Sites\cli\app\public\wp-content\plugins\tutor\helpers\QueryHelper.php:1120
Stack trace:
#0 C:\Users\Constant\Local Sites\cli\app\public\wp-content\plugins\tutor\migrations\ProcessByWcMigrator.php(82): Tutor\Helpers\QueryHelper::get_joined_count('tutor_earnings ...', Array, Array, Array, 'te.earning_id')
#1 C:\Users\Constant\Local Sites\cli\app\public\wp-content\plugins\tutor\migrations\BatchProcessor.php(179): Tutor\Migrations\ProcessByWcMigrator->get_total_items()
#2 C:\Users\Constant\Local Sites\cli\app\public\wp-includes\class-wp-hook.php(324): Tutor\Migrations\BatchProcessor->process_batch()
#3 C:\Users\Constant\Local Sites\cli\app\public\wp-includes\class-wp-hook.php(348): WP_Hook->apply_filters('', Array)
#4 C:\Users\Constant\Local Sites\cli\app\public\wp-includes\plugin.php(565): WP_Hook->do_action(Array)
#5 C:\Users\Constant\Local Sites\cli\app\public\wp-cron.php(191): do_action_ref_array('process_by_wc_m...', Array)
#6 {main}
  thrown in C:\Users\Constant\Local Sites\cli\app\public\wp-content\plugins\tutor\helpers\QueryHelper.php on line 1120
[04-Oct-2025 11:30:16 UTC] WordPress database error Table 'local.wp_wc_orders_meta' doesn't exist for query 
			SELECT COUNT(te.earning_id) as total_count
			FROM wp_tutor_earnings te
			 INNER JOIN wp_wc_orders_meta wcom ON te.order_id = wcom.order_id 
			WHERE te.process_by = 'tutor' AND wcom.meta_key = '_is_tutor_order_for_course'
		 made by do_action_ref_array('process_by_wc_migrator'), WP_Hook->do_action, WP_Hook->apply_filters, Tutor\Migrations\BatchProcessor->process_batch, Tutor\Migrations\ProcessByWcMigrator->get_total_items, Tutor\Helpers\QueryHelper::get_joined_count
[04-Oct-2025 11:30:16 UTC] PHP Fatal error:  Uncaught Exception: Table 'local.wp_wc_orders_meta' doesn't exist in C:\Users\Constant\Local Sites\cli\app\public\wp-content\plugins\tutor\helpers\QueryHelper.php:1120
Stack trace:
#0 C:\Users\Constant\Local Sites\cli\app\public\wp-content\plugins\tutor\migrations\ProcessByWcMigrator.php(82): Tutor\Helpers\QueryHelper::get_joined_count('tutor_earnings ...', Array, Array, Array, 'te.earning_id')
#1 C:\Users\Constant\Local Sites\cli\app\public\wp-content\plugins\tutor\migrations\BatchProcessor.php(179): Tutor\Migrations\ProcessByWcMigrator->get_total_items()
#2 C:\Users\Constant\Local Sites\cli\app\public\wp-includes\class-wp-hook.php(324): Tutor\Migrations\BatchProcessor->process_batch()
#3 C:\Users\Constant\Local Sites\cli\app\public\wp-includes\class-wp-hook.php(348): WP_Hook->apply_filters('', Array)
#4 C:\Users\Constant\Local Sites\cli\app\public\wp-includes\plugin.php(565): WP_Hook->do_action(Array)
#5 C:\Users\Constant\Local Sites\cli\app\public\wp-cron.php(191): do_action_ref_array('process_by_wc_m...', Array)
#6 {main}
  thrown in C:\Users\Constant\Local Sites\cli\app\public\wp-content\plugins\tutor\helpers\QueryHelper.php on line 1120
[04-Oct-2025 11:31:16 UTC] WordPress database error Table 'local.wp_wc_orders_meta' doesn't exist for query 
			SELECT COUNT(te.earning_id) as total_count
			FROM wp_tutor_earnings te
			 INNER JOIN wp_wc_orders_meta wcom ON te.order_id = wcom.order_id 
			WHERE te.process_by = 'tutor' AND wcom.meta_key = '_is_tutor_order_for_course'
		 made by do_action_ref_array('process_by_wc_migrator'), WP_Hook->do_action, WP_Hook->apply_filters, Tutor\Migrations\BatchProcessor->process_batch, Tutor\Migrations\ProcessByWcMigrator->get_total_items, Tutor\Helpers\QueryHelper::get_joined_count
[04-Oct-2025 11:31:16 UTC] PHP Fatal error:  Uncaught Exception: Table 'local.wp_wc_orders_meta' doesn't exist in C:\Users\Constant\Local Sites\cli\app\public\wp-content\plugins\tutor\helpers\QueryHelper.php:1120
Stack trace:
#0 C:\Users\Constant\Local Sites\cli\app\public\wp-content\plugins\tutor\migrations\ProcessByWcMigrator.php(82): Tutor\Helpers\QueryHelper::get_joined_count('tutor_earnings ...', Array, Array, Array, 'te.earning_id')
#1 C:\Users\Constant\Local Sites\cli\app\public\wp-content\plugins\tutor\migrations\BatchProcessor.php(179): Tutor\Migrations\ProcessByWcMigrator->get_total_items()
#2 C:\Users\Constant\Local Sites\cli\app\public\wp-includes\class-wp-hook.php(324): Tutor\Migrations\BatchProcessor->process_batch()
#3 C:\Users\Constant\Local Sites\cli\app\public\wp-includes\class-wp-hook.php(348): WP_Hook->apply_filters('', Array)
#4 C:\Users\Constant\Local Sites\cli\app\public\wp-includes\plugin.php(565): WP_Hook->do_action(Array)
#5 C:\Users\Constant\Local Sites\cli\app\public\wp-cron.php(191): do_action_ref_array('process_by_wc_m...', Array)
#6 {main}
  thrown in C:\Users\Constant\Local Sites\cli\app\public\wp-content\plugins\tutor\helpers\QueryHelper.php on line 1120
[04-Oct-2025 11:32:16 UTC] WordPress database error Table 'local.wp_wc_orders_meta' doesn't exist for query 
			SELECT COUNT(te.earning_id) as total_count
			FROM wp_tutor_earnings te
			 INNER JOIN wp_wc_orders_meta wcom ON te.order_id = wcom.order_id 
			WHERE te.process_by = 'tutor' AND wcom.meta_key = '_is_tutor_order_for_course'
		 made by do_action_ref_array('process_by_wc_migrator'), WP_Hook->do_action, WP_Hook->apply_filters, Tutor\Migrations\BatchProcessor->process_batch, Tutor\Migrations\ProcessByWcMigrator->get_total_items, Tutor\Helpers\QueryHelper::get_joined_count
[04-Oct-2025 11:32:16 UTC] PHP Fatal error:  Uncaught Exception: Table 'local.wp_wc_orders_meta' doesn't exist in C:\Users\Constant\Local Sites\cli\app\public\wp-content\plugins\tutor\helpers\QueryHelper.php:1120
Stack trace:
#0 C:\Users\Constant\Local Sites\cli\app\public\wp-content\plugins\tutor\migrations\ProcessByWcMigrator.php(82): Tutor\Helpers\QueryHelper::get_joined_count('tutor_earnings ...', Array, Array, Array, 'te.earning_id')
#1 C:\Users\Constant\Local Sites\cli\app\public\wp-content\plugins\tutor\migrations\BatchProcessor.php(179): Tutor\Migrations\ProcessByWcMigrator->get_total_items()
#2 C:\Users\Constant\Local Sites\cli\app\public\wp-includes\class-wp-hook.php(324): Tutor\Migrations\BatchProcessor->process_batch()
#3 C:\Users\Constant\Local Sites\cli\app\public\wp-includes\class-wp-hook.php(348): WP_Hook->apply_filters('', Array)
#4 C:\Users\Constant\Local Sites\cli\app\public\wp-includes\plugin.php(565): WP_Hook->do_action(Array)
#5 C:\Users\Constant\Local Sites\cli\app\public\wp-cron.php(191): do_action_ref_array('process_by_wc_m...', Array)
#6 {main}
  thrown in C:\Users\Constant\Local Sites\cli\app\public\wp-content\plugins\tutor\helpers\QueryHelper.php on line 1120
[04-Oct-2025 11:33:16 UTC] WordPress database error Table 'local.wp_wc_orders_meta' doesn't exist for query 
			SELECT COUNT(te.earning_id) as total_count
			FROM wp_tutor_earnings te
			 INNER JOIN wp_wc_orders_meta wcom ON te.order_id = wcom.order_id 
			WHERE te.process_by = 'tutor' AND wcom.meta_key = '_is_tutor_order_for_course'
		 made by do_action_ref_array('process_by_wc_migrator'), WP_Hook->do_action, WP_Hook->apply_filters, Tutor\Migrations\BatchProcessor->process_batch, Tutor\Migrations\ProcessByWcMigrator->get_total_items, Tutor\Helpers\QueryHelper::get_joined_count
[04-Oct-2025 11:33:16 UTC] PHP Fatal error:  Uncaught Exception: Table 'local.wp_wc_orders_meta' doesn't exist in C:\Users\Constant\Local Sites\cli\app\public\wp-content\plugins\tutor\helpers\QueryHelper.php:1120
Stack trace:
#0 C:\Users\Constant\Local Sites\cli\app\public\wp-content\plugins\tutor\migrations\ProcessByWcMigrator.php(82): Tutor\Helpers\QueryHelper::get_joined_count('tutor_earnings ...', Array, Array, Array, 'te.earning_id')
#1 C:\Users\Constant\Local Sites\cli\app\public\wp-content\plugins\tutor\migrations\BatchProcessor.php(179): Tutor\Migrations\ProcessByWcMigrator->get_total_items()
#2 C:\Users\Constant\Local Sites\cli\app\public\wp-includes\class-wp-hook.php(324): Tutor\Migrations\BatchProcessor->process_batch()
#3 C:\Users\Constant\Local Sites\cli\app\public\wp-includes\class-wp-hook.php(348): WP_Hook->apply_filters('', Array)
#4 C:\Users\Constant\Local Sites\cli\app\public\wp-includes\plugin.php(565): WP_Hook->do_action(Array)
#5 C:\Users\Constant\Local Sites\cli\app\public\wp-cron.php(191): do_action_ref_array('process_by_wc_m...', Array)
#6 {main}
  thrown in C:\Users\Constant\Local Sites\cli\app\public\wp-content\plugins\tutor\helpers\QueryHelper.php on line 1120
[04-Oct-2025 11:34:16 UTC] WordPress database error Table 'local.wp_wc_orders_meta' doesn't exist for query 
			SELECT COUNT(te.earning_id) as total_count
			FROM wp_tutor_earnings te
			 INNER JOIN wp_wc_orders_meta wcom ON te.order_id = wcom.order_id 
			WHERE te.process_by = 'tutor' AND wcom.meta_key = '_is_tutor_order_for_course'
		 made by do_action_ref_array('process_by_wc_migrator'), WP_Hook->do_action, WP_Hook->apply_filters, Tutor\Migrations\BatchProcessor->process_batch, Tutor\Migrations\ProcessByWcMigrator->get_total_items, Tutor\Helpers\QueryHelper::get_joined_count
[04-Oct-2025 11:34:16 UTC] PHP Fatal error:  Uncaught Exception: Table 'local.wp_wc_orders_meta' doesn't exist in C:\Users\Constant\Local Sites\cli\app\public\wp-content\plugins\tutor\helpers\QueryHelper.php:1120
Stack trace:
#0 C:\Users\Constant\Local Sites\cli\app\public\wp-content\plugins\tutor\migrations\ProcessByWcMigrator.php(82): Tutor\Helpers\QueryHelper::get_joined_count('tutor_earnings ...', Array, Array, Array, 'te.earning_id')
#1 C:\Users\Constant\Local Sites\cli\app\public\wp-content\plugins\tutor\migrations\BatchProcessor.php(179): Tutor\Migrations\ProcessByWcMigrator->get_total_items()
#2 C:\Users\Constant\Local Sites\cli\app\public\wp-includes\class-wp-hook.php(324): Tutor\Migrations\BatchProcessor->process_batch()
#3 C:\Users\Constant\Local Sites\cli\app\public\wp-includes\class-wp-hook.php(348): WP_Hook->apply_filters('', Array)
#4 C:\Users\Constant\Local Sites\cli\app\public\wp-includes\plugin.php(565): WP_Hook->do_action(Array)
#5 C:\Users\Constant\Local Sites\cli\app\public\wp-cron.php(191): do_action_ref_array('process_by_wc_m...', Array)
#6 {main}
  thrown in C:\Users\Constant\Local Sites\cli\app\public\wp-content\plugins\tutor\helpers\QueryHelper.php on line 1120
[04-Oct-2025 11:35:16 UTC] WordPress database error Table 'local.wp_wc_orders_meta' doesn't exist for query 
			SELECT COUNT(te.earning_id) as total_count
			FROM wp_tutor_earnings te
			 INNER JOIN wp_wc_orders_meta wcom ON te.order_id = wcom.order_id 
			WHERE te.process_by = 'tutor' AND wcom.meta_key = '_is_tutor_order_for_course'
		 made by do_action_ref_array('process_by_wc_migrator'), WP_Hook->do_action, WP_Hook->apply_filters, Tutor\Migrations\BatchProcessor->process_batch, Tutor\Migrations\ProcessByWcMigrator->get_total_items, Tutor\Helpers\QueryHelper::get_joined_count
[04-Oct-2025 11:35:16 UTC] PHP Fatal error:  Uncaught Exception: Table 'local.wp_wc_orders_meta' doesn't exist in C:\Users\Constant\Local Sites\cli\app\public\wp-content\plugins\tutor\helpers\QueryHelper.php:1120
Stack trace:
#0 C:\Users\Constant\Local Sites\cli\app\public\wp-content\plugins\tutor\migrations\ProcessByWcMigrator.php(82): Tutor\Helpers\QueryHelper::get_joined_count('tutor_earnings ...', Array, Array, Array, 'te.earning_id')
#1 C:\Users\Constant\Local Sites\cli\app\public\wp-content\plugins\tutor\migrations\BatchProcessor.php(179): Tutor\Migrations\ProcessByWcMigrator->get_total_items()
#2 C:\Users\Constant\Local Sites\cli\app\public\wp-includes\class-wp-hook.php(324): Tutor\Migrations\BatchProcessor->process_batch()
#3 C:\Users\Constant\Local Sites\cli\app\public\wp-includes\class-wp-hook.php(348): WP_Hook->apply_filters('', Array)
#4 C:\Users\Constant\Local Sites\cli\app\public\wp-includes\plugin.php(565): WP_Hook->do_action(Array)
#5 C:\Users\Constant\Local Sites\cli\app\public\wp-cron.php(191): do_action_ref_array('process_by_wc_m...', Array)
#6 {main}
  thrown in C:\Users\Constant\Local Sites\cli\app\public\wp-content\plugins\tutor\helpers\QueryHelper.php on line 1120
[04-Oct-2025 11:36:16 UTC] WordPress database error Table 'local.wp_wc_orders_meta' doesn't exist for query 
			SELECT COUNT(te.earning_id) as total_count
			FROM wp_tutor_earnings te
			 INNER JOIN wp_wc_orders_meta wcom ON te.order_id = wcom.order_id 
			WHERE te.process_by = 'tutor' AND wcom.meta_key = '_is_tutor_order_for_course'
		 made by do_action_ref_array('process_by_wc_migrator'), WP_Hook->do_action, WP_Hook->apply_filters, Tutor\Migrations\BatchProcessor->process_batch, Tutor\Migrations\ProcessByWcMigrator->get_total_items, Tutor\Helpers\QueryHelper::get_joined_count
[04-Oct-2025 11:36:16 UTC] PHP Fatal error:  Uncaught Exception: Table 'local.wp_wc_orders_meta' doesn't exist in C:\Users\Constant\Local Sites\cli\app\public\wp-content\plugins\tutor\helpers\QueryHelper.php:1120
Stack trace:
#0 C:\Users\Constant\Local Sites\cli\app\public\wp-content\plugins\tutor\migrations\ProcessByWcMigrator.php(82): Tutor\Helpers\QueryHelper::get_joined_count('tutor_earnings ...', Array, Array, Array, 'te.earning_id')
#1 C:\Users\Constant\Local Sites\cli\app\public\wp-content\plugins\tutor\migrations\BatchProcessor.php(179): Tutor\Migrations\ProcessByWcMigrator->get_total_items()
#2 C:\Users\Constant\Local Sites\cli\app\public\wp-includes\class-wp-hook.php(324): Tutor\Migrations\BatchProcessor->process_batch()
#3 C:\Users\Constant\Local Sites\cli\app\public\wp-includes\class-wp-hook.php(348): WP_Hook->apply_filters('', Array)
#4 C:\Users\Constant\Local Sites\cli\app\public\wp-includes\plugin.php(565): WP_Hook->do_action(Array)
#5 C:\Users\Constant\Local Sites\cli\app\public\wp-cron.php(191): do_action_ref_array('process_by_wc_m...', Array)
#6 {main}
  thrown in C:\Users\Constant\Local Sites\cli\app\public\wp-content\plugins\tutor\helpers\QueryHelper.php on line 1120
[04-Oct-2025 11:37:17 UTC] WordPress database error Table 'local.wp_wc_orders_meta' doesn't exist for query 
			SELECT COUNT(te.earning_id) as total_count
			FROM wp_tutor_earnings te
			 INNER JOIN wp_wc_orders_meta wcom ON te.order_id = wcom.order_id 
			WHERE te.process_by = 'tutor' AND wcom.meta_key = '_is_tutor_order_for_course'
		 made by do_action_ref_array('process_by_wc_migrator'), WP_Hook->do_action, WP_Hook->apply_filters, Tutor\Migrations\BatchProcessor->process_batch, Tutor\Migrations\ProcessByWcMigrator->get_total_items, Tutor\Helpers\QueryHelper::get_joined_count
[04-Oct-2025 11:37:17 UTC] PHP Fatal error:  Uncaught Exception: Table 'local.wp_wc_orders_meta' doesn't exist in C:\Users\Constant\Local Sites\cli\app\public\wp-content\plugins\tutor\helpers\QueryHelper.php:1120
Stack trace:
#0 C:\Users\Constant\Local Sites\cli\app\public\wp-content\plugins\tutor\migrations\ProcessByWcMigrator.php(82): Tutor\Helpers\QueryHelper::get_joined_count('tutor_earnings ...', Array, Array, Array, 'te.earning_id')
#1 C:\Users\Constant\Local Sites\cli\app\public\wp-content\plugins\tutor\migrations\BatchProcessor.php(179): Tutor\Migrations\ProcessByWcMigrator->get_total_items()
#2 C:\Users\Constant\Local Sites\cli\app\public\wp-includes\class-wp-hook.php(324): Tutor\Migrations\BatchProcessor->process_batch()
#3 C:\Users\Constant\Local Sites\cli\app\public\wp-includes\class-wp-hook.php(348): WP_Hook->apply_filters('', Array)
#4 C:\Users\Constant\Local Sites\cli\app\public\wp-includes\plugin.php(565): WP_Hook->do_action(Array)
#5 C:\Users\Constant\Local Sites\cli\app\public\wp-cron.php(191): do_action_ref_array('process_by_wc_m...', Array)
#6 {main}
  thrown in C:\Users\Constant\Local Sites\cli\app\public\wp-content\plugins\tutor\helpers\QueryHelper.php on line 1120
[04-Oct-2025 11:38:17 UTC] WordPress database error Table 'local.wp_wc_orders_meta' doesn't exist for query 
			SELECT COUNT(te.earning_id) as total_count
			FROM wp_tutor_earnings te
			 INNER JOIN wp_wc_orders_meta wcom ON te.order_id = wcom.order_id 
			WHERE te.process_by = 'tutor' AND wcom.meta_key = '_is_tutor_order_for_course'
		 made by do_action_ref_array('process_by_wc_migrator'), WP_Hook->do_action, WP_Hook->apply_filters, Tutor\Migrations\BatchProcessor->process_batch, Tutor\Migrations\ProcessByWcMigrator->get_total_items, Tutor\Helpers\QueryHelper::get_joined_count
[04-Oct-2025 11:38:17 UTC] PHP Fatal error:  Uncaught Exception: Table 'local.wp_wc_orders_meta' doesn't exist in C:\Users\Constant\Local Sites\cli\app\public\wp-content\plugins\tutor\helpers\QueryHelper.php:1120
Stack trace:
#0 C:\Users\Constant\Local Sites\cli\app\public\wp-content\plugins\tutor\migrations\ProcessByWcMigrator.php(82): Tutor\Helpers\QueryHelper::get_joined_count('tutor_earnings ...', Array, Array, Array, 'te.earning_id')
#1 C:\Users\Constant\Local Sites\cli\app\public\wp-content\plugins\tutor\migrations\BatchProcessor.php(179): Tutor\Migrations\ProcessByWcMigrator->get_total_items()
#2 C:\Users\Constant\Local Sites\cli\app\public\wp-includes\class-wp-hook.php(324): Tutor\Migrations\BatchProcessor->process_batch()
#3 C:\Users\Constant\Local Sites\cli\app\public\wp-includes\class-wp-hook.php(348): WP_Hook->apply_filters('', Array)
#4 C:\Users\Constant\Local Sites\cli\app\public\wp-includes\plugin.php(565): WP_Hook->do_action(Array)
#5 C:\Users\Constant\Local Sites\cli\app\public\wp-cron.php(191): do_action_ref_array('process_by_wc_m...', Array)
#6 {main}
  thrown in C:\Users\Constant\Local Sites\cli\app\public\wp-content\plugins\tutor\helpers\QueryHelper.php on line 1120
[04-Oct-2025 11:39:17 UTC] WordPress database error Table 'local.wp_wc_orders_meta' doesn't exist for query 
			SELECT COUNT(te.earning_id) as total_count
			FROM wp_tutor_earnings te
			 INNER JOIN wp_wc_orders_meta wcom ON te.order_id = wcom.order_id 
			WHERE te.process_by = 'tutor' AND wcom.meta_key = '_is_tutor_order_for_course'
		 made by do_action_ref_array('process_by_wc_migrator'), WP_Hook->do_action, WP_Hook->apply_filters, Tutor\Migrations\BatchProcessor->process_batch, Tutor\Migrations\ProcessByWcMigrator->get_total_items, Tutor\Helpers\QueryHelper::get_joined_count
[04-Oct-2025 11:39:17 UTC] PHP Fatal error:  Uncaught Exception: Table 'local.wp_wc_orders_meta' doesn't exist in C:\Users\Constant\Local Sites\cli\app\public\wp-content\plugins\tutor\helpers\QueryHelper.php:1120
Stack trace:
#0 C:\Users\Constant\Local Sites\cli\app\public\wp-content\plugins\tutor\migrations\ProcessByWcMigrator.php(82): Tutor\Helpers\QueryHelper::get_joined_count('tutor_earnings ...', Array, Array, Array, 'te.earning_id')
#1 C:\Users\Constant\Local Sites\cli\app\public\wp-content\plugins\tutor\migrations\BatchProcessor.php(179): Tutor\Migrations\ProcessByWcMigrator->get_total_items()
#2 C:\Users\Constant\Local Sites\cli\app\public\wp-includes\class-wp-hook.php(324): Tutor\Migrations\BatchProcessor->process_batch()
#3 C:\Users\Constant\Local Sites\cli\app\public\wp-includes\class-wp-hook.php(348): WP_Hook->apply_filters('', Array)
#4 C:\Users\Constant\Local Sites\cli\app\public\wp-includes\plugin.php(565): WP_Hook->do_action(Array)
#5 C:\Users\Constant\Local Sites\cli\app\public\wp-cron.php(191): do_action_ref_array('process_by_wc_m...', Array)
#6 {main}
  thrown in C:\Users\Constant\Local Sites\cli\app\public\wp-content\plugins\tutor\helpers\QueryHelper.php on line 1120
[04-Oct-2025 11:40:17 UTC] WordPress database error Table 'local.wp_wc_orders_meta' doesn't exist for query 
			SELECT COUNT(te.earning_id) as total_count
			FROM wp_tutor_earnings te
			 INNER JOIN wp_wc_orders_meta wcom ON te.order_id = wcom.order_id 
			WHERE te.process_by = 'tutor' AND wcom.meta_key = '_is_tutor_order_for_course'
		 made by do_action_ref_array('process_by_wc_migrator'), WP_Hook->do_action, WP_Hook->apply_filters, Tutor\Migrations\BatchProcessor->process_batch, Tutor\Migrations\ProcessByWcMigrator->get_total_items, Tutor\Helpers\QueryHelper::get_joined_count
[04-Oct-2025 11:40:17 UTC] PHP Fatal error:  Uncaught Exception: Table 'local.wp_wc_orders_meta' doesn't exist in C:\Users\Constant\Local Sites\cli\app\public\wp-content\plugins\tutor\helpers\QueryHelper.php:1120
Stack trace:
#0 C:\Users\Constant\Local Sites\cli\app\public\wp-content\plugins\tutor\migrations\ProcessByWcMigrator.php(82): Tutor\Helpers\QueryHelper::get_joined_count('tutor_earnings ...', Array, Array, Array, 'te.earning_id')
#1 C:\Users\Constant\Local Sites\cli\app\public\wp-content\plugins\tutor\migrations\BatchProcessor.php(179): Tutor\Migrations\ProcessByWcMigrator->get_total_items()
#2 C:\Users\Constant\Local Sites\cli\app\public\wp-includes\class-wp-hook.php(324): Tutor\Migrations\BatchProcessor->process_batch()
#3 C:\Users\Constant\Local Sites\cli\app\public\wp-includes\class-wp-hook.php(348): WP_Hook->apply_filters('', Array)
#4 C:\Users\Constant\Local Sites\cli\app\public\wp-includes\plugin.php(565): WP_Hook->do_action(Array)
#5 C:\Users\Constant\Local Sites\cli\app\public\wp-cron.php(191): do_action_ref_array('process_by_wc_m...', Array)
#6 {main}
  thrown in C:\Users\Constant\Local Sites\cli\app\public\wp-content\plugins\tutor\helpers\QueryHelper.php on line 1120
[04-Oct-2025 11:41:17 UTC] WordPress database error Table 'local.wp_wc_orders_meta' doesn't exist for query 
			SELECT COUNT(te.earning_id) as total_count
			FROM wp_tutor_earnings te
			 INNER JOIN wp_wc_orders_meta wcom ON te.order_id = wcom.order_id 
			WHERE te.process_by = 'tutor' AND wcom.meta_key = '_is_tutor_order_for_course'
		 made by do_action_ref_array('process_by_wc_migrator'), WP_Hook->do_action, WP_Hook->apply_filters, Tutor\Migrations\BatchProcessor->process_batch, Tutor\Migrations\ProcessByWcMigrator->get_total_items, Tutor\Helpers\QueryHelper::get_joined_count
[04-Oct-2025 11:41:17 UTC] PHP Fatal error:  Uncaught Exception: Table 'local.wp_wc_orders_meta' doesn't exist in C:\Users\Constant\Local Sites\cli\app\public\wp-content\plugins\tutor\helpers\QueryHelper.php:1120
Stack trace:
#0 C:\Users\Constant\Local Sites\cli\app\public\wp-content\plugins\tutor\migrations\ProcessByWcMigrator.php(82): Tutor\Helpers\QueryHelper::get_joined_count('tutor_earnings ...', Array, Array, Array, 'te.earning_id')
#1 C:\Users\Constant\Local Sites\cli\app\public\wp-content\plugins\tutor\migrations\BatchProcessor.php(179): Tutor\Migrations\ProcessByWcMigrator->get_total_items()
#2 C:\Users\Constant\Local Sites\cli\app\public\wp-includes\class-wp-hook.php(324): Tutor\Migrations\BatchProcessor->process_batch()
#3 C:\Users\Constant\Local Sites\cli\app\public\wp-includes\class-wp-hook.php(348): WP_Hook->apply_filters('', Array)
#4 C:\Users\Constant\Local Sites\cli\app\public\wp-includes\plugin.php(565): WP_Hook->do_action(Array)
#5 C:\Users\Constant\Local Sites\cli\app\public\wp-cron.php(191): do_action_ref_array('process_by_wc_m...', Array)
#6 {main}
  thrown in C:\Users\Constant\Local Sites\cli\app\public\wp-content\plugins\tutor\helpers\QueryHelper.php on line 1120
[04-Oct-2025 11:42:17 UTC] WordPress database error Table 'local.wp_wc_orders_meta' doesn't exist for query 
			SELECT COUNT(te.earning_id) as total_count
			FROM wp_tutor_earnings te
			 INNER JOIN wp_wc_orders_meta wcom ON te.order_id = wcom.order_id 
			WHERE te.process_by = 'tutor' AND wcom.meta_key = '_is_tutor_order_for_course'
		 made by do_action_ref_array('process_by_wc_migrator'), WP_Hook->do_action, WP_Hook->apply_filters, Tutor\Migrations\BatchProcessor->process_batch, Tutor\Migrations\ProcessByWcMigrator->get_total_items, Tutor\Helpers\QueryHelper::get_joined_count
[04-Oct-2025 11:42:17 UTC] PHP Fatal error:  Uncaught Exception: Table 'local.wp_wc_orders_meta' doesn't exist in C:\Users\Constant\Local Sites\cli\app\public\wp-content\plugins\tutor\helpers\QueryHelper.php:1120
Stack trace:
#0 C:\Users\Constant\Local Sites\cli\app\public\wp-content\plugins\tutor\migrations\ProcessByWcMigrator.php(82): Tutor\Helpers\QueryHelper::get_joined_count('tutor_earnings ...', Array, Array, Array, 'te.earning_id')
#1 C:\Users\Constant\Local Sites\cli\app\public\wp-content\plugins\tutor\migrations\BatchProcessor.php(179): Tutor\Migrations\ProcessByWcMigrator->get_total_items()
#2 C:\Users\Constant\Local Sites\cli\app\public\wp-includes\class-wp-hook.php(324): Tutor\Migrations\BatchProcessor->process_batch()
#3 C:\Users\Constant\Local Sites\cli\app\public\wp-includes\class-wp-hook.php(348): WP_Hook->apply_filters('', Array)
#4 C:\Users\Constant\Local Sites\cli\app\public\wp-includes\plugin.php(565): WP_Hook->do_action(Array)
#5 C:\Users\Constant\Local Sites\cli\app\public\wp-cron.php(191): do_action_ref_array('process_by_wc_m...', Array)
#6 {main}
  thrown in C:\Users\Constant\Local Sites\cli\app\public\wp-content\plugins\tutor\helpers\QueryHelper.php on line 1120
[04-Oct-2025 11:43:17 UTC] WordPress database error Table 'local.wp_wc_orders_meta' doesn't exist for query 
			SELECT COUNT(te.earning_id) as total_count
			FROM wp_tutor_earnings te
			 INNER JOIN wp_wc_orders_meta wcom ON te.order_id = wcom.order_id 
			WHERE te.process_by = 'tutor' AND wcom.meta_key = '_is_tutor_order_for_course'
		 made by do_action_ref_array('process_by_wc_migrator'), WP_Hook->do_action, WP_Hook->apply_filters, Tutor\Migrations\BatchProcessor->process_batch, Tutor\Migrations\ProcessByWcMigrator->get_total_items, Tutor\Helpers\QueryHelper::get_joined_count
[04-Oct-2025 11:43:17 UTC] PHP Fatal error:  Uncaught Exception: Table 'local.wp_wc_orders_meta' doesn't exist in C:\Users\Constant\Local Sites\cli\app\public\wp-content\plugins\tutor\helpers\QueryHelper.php:1120
Stack trace:
#0 C:\Users\Constant\Local Sites\cli\app\public\wp-content\plugins\tutor\migrations\ProcessByWcMigrator.php(82): Tutor\Helpers\QueryHelper::get_joined_count('tutor_earnings ...', Array, Array, Array, 'te.earning_id')
#1 C:\Users\Constant\Local Sites\cli\app\public\wp-content\plugins\tutor\migrations\BatchProcessor.php(179): Tutor\Migrations\ProcessByWcMigrator->get_total_items()
#2 C:\Users\Constant\Local Sites\cli\app\public\wp-includes\class-wp-hook.php(324): Tutor\Migrations\BatchProcessor->process_batch()
#3 C:\Users\Constant\Local Sites\cli\app\public\wp-includes\class-wp-hook.php(348): WP_Hook->apply_filters('', Array)
#4 C:\Users\Constant\Local Sites\cli\app\public\wp-includes\plugin.php(565): WP_Hook->do_action(Array)
#5 C:\Users\Constant\Local Sites\cli\app\public\wp-cron.php(191): do_action_ref_array('process_by_wc_m...', Array)
#6 {main}
  thrown in C:\Users\Constant\Local Sites\cli\app\public\wp-content\plugins\tutor\helpers\QueryHelper.php on line 1120
[04-Oct-2025 11:44:17 UTC] WordPress database error Table 'local.wp_wc_orders_meta' doesn't exist for query 
			SELECT COUNT(te.earning_id) as total_count
			FROM wp_tutor_earnings te
			 INNER JOIN wp_wc_orders_meta wcom ON te.order_id = wcom.order_id 
			WHERE te.process_by = 'tutor' AND wcom.meta_key = '_is_tutor_order_for_course'
		 made by do_action_ref_array('process_by_wc_migrator'), WP_Hook->do_action, WP_Hook->apply_filters, Tutor\Migrations\BatchProcessor->process_batch, Tutor\Migrations\ProcessByWcMigrator->get_total_items, Tutor\Helpers\QueryHelper::get_joined_count
[04-Oct-2025 11:44:17 UTC] PHP Fatal error:  Uncaught Exception: Table 'local.wp_wc_orders_meta' doesn't exist in C:\Users\Constant\Local Sites\cli\app\public\wp-content\plugins\tutor\helpers\QueryHelper.php:1120
Stack trace:
#0 C:\Users\Constant\Local Sites\cli\app\public\wp-content\plugins\tutor\migrations\ProcessByWcMigrator.php(82): Tutor\Helpers\QueryHelper::get_joined_count('tutor_earnings ...', Array, Array, Array, 'te.earning_id')
#1 C:\Users\Constant\Local Sites\cli\app\public\wp-content\plugins\tutor\migrations\BatchProcessor.php(179): Tutor\Migrations\ProcessByWcMigrator->get_total_items()
#2 C:\Users\Constant\Local Sites\cli\app\public\wp-includes\class-wp-hook.php(324): Tutor\Migrations\BatchProcessor->process_batch()
#3 C:\Users\Constant\Local Sites\cli\app\public\wp-includes\class-wp-hook.php(348): WP_Hook->apply_filters('', Array)
#4 C:\Users\Constant\Local Sites\cli\app\public\wp-includes\plugin.php(565): WP_Hook->do_action(Array)
#5 C:\Users\Constant\Local Sites\cli\app\public\wp-cron.php(191): do_action_ref_array('process_by_wc_m...', Array)
#6 {main}
  thrown in C:\Users\Constant\Local Sites\cli\app\public\wp-content\plugins\tutor\helpers\QueryHelper.php on line 1120
[04-Oct-2025 11:45:17 UTC] WordPress database error Table 'local.wp_wc_orders_meta' doesn't exist for query 
			SELECT COUNT(te.earning_id) as total_count
			FROM wp_tutor_earnings te
			 INNER JOIN wp_wc_orders_meta wcom ON te.order_id = wcom.order_id 
			WHERE te.process_by = 'tutor' AND wcom.meta_key = '_is_tutor_order_for_course'
		 made by do_action_ref_array('process_by_wc_migrator'), WP_Hook->do_action, WP_Hook->apply_filters, Tutor\Migrations\BatchProcessor->process_batch, Tutor\Migrations\ProcessByWcMigrator->get_total_items, Tutor\Helpers\QueryHelper::get_joined_count
[04-Oct-2025 11:45:17 UTC] PHP Fatal error:  Uncaught Exception: Table 'local.wp_wc_orders_meta' doesn't exist in C:\Users\Constant\Local Sites\cli\app\public\wp-content\plugins\tutor\helpers\QueryHelper.php:1120
Stack trace:
#0 C:\Users\Constant\Local Sites\cli\app\public\wp-content\plugins\tutor\migrations\ProcessByWcMigrator.php(82): Tutor\Helpers\QueryHelper::get_joined_count('tutor_earnings ...', Array, Array, Array, 'te.earning_id')
#1 C:\Users\Constant\Local Sites\cli\app\public\wp-content\plugins\tutor\migrations\BatchProcessor.php(179): Tutor\Migrations\ProcessByWcMigrator->get_total_items()
#2 C:\Users\Constant\Local Sites\cli\app\public\wp-includes\class-wp-hook.php(324): Tutor\Migrations\BatchProcessor->process_batch()
#3 C:\Users\Constant\Local Sites\cli\app\public\wp-includes\class-wp-hook.php(348): WP_Hook->apply_filters('', Array)
#4 C:\Users\Constant\Local Sites\cli\app\public\wp-includes\plugin.php(565): WP_Hook->do_action(Array)
#5 C:\Users\Constant\Local Sites\cli\app\public\wp-cron.php(191): do_action_ref_array('process_by_wc_m...', Array)
#6 {main}
  thrown in C:\Users\Constant\Local Sites\cli\app\public\wp-content\plugins\tutor\helpers\QueryHelper.php on line 1120
[04-Oct-2025 11:46:17 UTC] WordPress database error Table 'local.wp_wc_orders_meta' doesn't exist for query 
			SELECT COUNT(te.earning_id) as total_count
			FROM wp_tutor_earnings te
			 INNER JOIN wp_wc_orders_meta wcom ON te.order_id = wcom.order_id 
			WHERE te.process_by = 'tutor' AND wcom.meta_key = '_is_tutor_order_for_course'
		 made by do_action_ref_array('process_by_wc_migrator'), WP_Hook->do_action, WP_Hook->apply_filters, Tutor\Migrations\BatchProcessor->process_batch, Tutor\Migrations\ProcessByWcMigrator->get_total_items, Tutor\Helpers\QueryHelper::get_joined_count
[04-Oct-2025 11:46:17 UTC] PHP Fatal error:  Uncaught Exception: Table 'local.wp_wc_orders_meta' doesn't exist in C:\Users\Constant\Local Sites\cli\app\public\wp-content\plugins\tutor\helpers\QueryHelper.php:1120
Stack trace:
#0 C:\Users\Constant\Local Sites\cli\app\public\wp-content\plugins\tutor\migrations\ProcessByWcMigrator.php(82): Tutor\Helpers\QueryHelper::get_joined_count('tutor_earnings ...', Array, Array, Array, 'te.earning_id')
#1 C:\Users\Constant\Local Sites\cli\app\public\wp-content\plugins\tutor\migrations\BatchProcessor.php(179): Tutor\Migrations\ProcessByWcMigrator->get_total_items()
#2 C:\Users\Constant\Local Sites\cli\app\public\wp-includes\class-wp-hook.php(324): Tutor\Migrations\BatchProcessor->process_batch()
#3 C:\Users\Constant\Local Sites\cli\app\public\wp-includes\class-wp-hook.php(348): WP_Hook->apply_filters('', Array)
#4 C:\Users\Constant\Local Sites\cli\app\public\wp-includes\plugin.php(565): WP_Hook->do_action(Array)
#5 C:\Users\Constant\Local Sites\cli\app\public\wp-cron.php(191): do_action_ref_array('process_by_wc_m...', Array)
#6 {main}
  thrown in C:\Users\Constant\Local Sites\cli\app\public\wp-content\plugins\tutor\helpers\QueryHelper.php on line 1120
[04-Oct-2025 11:47:17 UTC] WordPress database error Table 'local.wp_wc_orders_meta' doesn't exist for query 
			SELECT COUNT(te.earning_id) as total_count
			FROM wp_tutor_earnings te
			 INNER JOIN wp_wc_orders_meta wcom ON te.order_id = wcom.order_id 
			WHERE te.process_by = 'tutor' AND wcom.meta_key = '_is_tutor_order_for_course'
		 made by do_action_ref_array('process_by_wc_migrator'), WP_Hook->do_action, WP_Hook->apply_filters, Tutor\Migrations\BatchProcessor->process_batch, Tutor\Migrations\ProcessByWcMigrator->get_total_items, Tutor\Helpers\QueryHelper::get_joined_count
[04-Oct-2025 11:47:17 UTC] PHP Fatal error:  Uncaught Exception: Table 'local.wp_wc_orders_meta' doesn't exist in C:\Users\Constant\Local Sites\cli\app\public\wp-content\plugins\tutor\helpers\QueryHelper.php:1120
Stack trace:
#0 C:\Users\Constant\Local Sites\cli\app\public\wp-content\plugins\tutor\migrations\ProcessByWcMigrator.php(82): Tutor\Helpers\QueryHelper::get_joined_count('tutor_earnings ...', Array, Array, Array, 'te.earning_id')
#1 C:\Users\Constant\Local Sites\cli\app\public\wp-content\plugins\tutor\migrations\BatchProcessor.php(179): Tutor\Migrations\ProcessByWcMigrator->get_total_items()
#2 C:\Users\Constant\Local Sites\cli\app\public\wp-includes\class-wp-hook.php(324): Tutor\Migrations\BatchProcessor->process_batch()
#3 C:\Users\Constant\Local Sites\cli\app\public\wp-includes\class-wp-hook.php(348): WP_Hook->apply_filters('', Array)
#4 C:\Users\Constant\Local Sites\cli\app\public\wp-includes\plugin.php(565): WP_Hook->do_action(Array)
#5 C:\Users\Constant\Local Sites\cli\app\public\wp-cron.php(191): do_action_ref_array('process_by_wc_m...', Array)
#6 {main}
  thrown in C:\Users\Constant\Local Sites\cli\app\public\wp-content\plugins\tutor\helpers\QueryHelper.php on line 1120
[04-Oct-2025 11:48:17 UTC] WordPress database error Table 'local.wp_wc_orders_meta' doesn't exist for query 
			SELECT COUNT(te.earning_id) as total_count
			FROM wp_tutor_earnings te
			 INNER JOIN wp_wc_orders_meta wcom ON te.order_id = wcom.order_id 
			WHERE te.process_by = 'tutor' AND wcom.meta_key = '_is_tutor_order_for_course'
		 made by do_action_ref_array('process_by_wc_migrator'), WP_Hook->do_action, WP_Hook->apply_filters, Tutor\Migrations\BatchProcessor->process_batch, Tutor\Migrations\ProcessByWcMigrator->get_total_items, Tutor\Helpers\QueryHelper::get_joined_count
[04-Oct-2025 11:48:17 UTC] PHP Fatal error:  Uncaught Exception: Table 'local.wp_wc_orders_meta' doesn't exist in C:\Users\Constant\Local Sites\cli\app\public\wp-content\plugins\tutor\helpers\QueryHelper.php:1120
Stack trace:
#0 C:\Users\Constant\Local Sites\cli\app\public\wp-content\plugins\tutor\migrations\ProcessByWcMigrator.php(82): Tutor\Helpers\QueryHelper::get_joined_count('tutor_earnings ...', Array, Array, Array, 'te.earning_id')
#1 C:\Users\Constant\Local Sites\cli\app\public\wp-content\plugins\tutor\migrations\BatchProcessor.php(179): Tutor\Migrations\ProcessByWcMigrator->get_total_items()
#2 C:\Users\Constant\Local Sites\cli\app\public\wp-includes\class-wp-hook.php(324): Tutor\Migrations\BatchProcessor->process_batch()
#3 C:\Users\Constant\Local Sites\cli\app\public\wp-includes\class-wp-hook.php(348): WP_Hook->apply_filters('', Array)
#4 C:\Users\Constant\Local Sites\cli\app\public\wp-includes\plugin.php(565): WP_Hook->do_action(Array)
#5 C:\Users\Constant\Local Sites\cli\app\public\wp-cron.php(191): do_action_ref_array('process_by_wc_m...', Array)
#6 {main}
  thrown in C:\Users\Constant\Local Sites\cli\app\public\wp-content\plugins\tutor\helpers\QueryHelper.php on line 1120
[04-Oct-2025 11:49:17 UTC] WordPress database error Table 'local.wp_wc_orders_meta' doesn't exist for query 
			SELECT COUNT(te.earning_id) as total_count
			FROM wp_tutor_earnings te
			 INNER JOIN wp_wc_orders_meta wcom ON te.order_id = wcom.order_id 
			WHERE te.process_by = 'tutor' AND wcom.meta_key = '_is_tutor_order_for_course'
		 made by do_action_ref_array('process_by_wc_migrator'), WP_Hook->do_action, WP_Hook->apply_filters, Tutor\Migrations\BatchProcessor->process_batch, Tutor\Migrations\ProcessByWcMigrator->get_total_items, Tutor\Helpers\QueryHelper::get_joined_count
[04-Oct-2025 11:49:17 UTC] PHP Fatal error:  Uncaught Exception: Table 'local.wp_wc_orders_meta' doesn't exist in C:\Users\Constant\Local Sites\cli\app\public\wp-content\plugins\tutor\helpers\QueryHelper.php:1120
Stack trace:
#0 C:\Users\Constant\Local Sites\cli\app\public\wp-content\plugins\tutor\migrations\ProcessByWcMigrator.php(82): Tutor\Helpers\QueryHelper::get_joined_count('tutor_earnings ...', Array, Array, Array, 'te.earning_id')
#1 C:\Users\Constant\Local Sites\cli\app\public\wp-content\plugins\tutor\migrations\BatchProcessor.php(179): Tutor\Migrations\ProcessByWcMigrator->get_total_items()
#2 C:\Users\Constant\Local Sites\cli\app\public\wp-includes\class-wp-hook.php(324): Tutor\Migrations\BatchProcessor->process_batch()
#3 C:\Users\Constant\Local Sites\cli\app\public\wp-includes\class-wp-hook.php(348): WP_Hook->apply_filters('', Array)
#4 C:\Users\Constant\Local Sites\cli\app\public\wp-includes\plugin.php(565): WP_Hook->do_action(Array)
#5 C:\Users\Constant\Local Sites\cli\app\public\wp-cron.php(191): do_action_ref_array('process_by_wc_m...', Array)
#6 {main}
  thrown in C:\Users\Constant\Local Sites\cli\app\public\wp-content\plugins\tutor\helpers\QueryHelper.php on line 1120
[04-Oct-2025 11:50:17 UTC] WordPress database error Table 'local.wp_wc_orders_meta' doesn't exist for query 
			SELECT COUNT(te.earning_id) as total_count
			FROM wp_tutor_earnings te
			 INNER JOIN wp_wc_orders_meta wcom ON te.order_id = wcom.order_id 
			WHERE te.process_by = 'tutor' AND wcom.meta_key = '_is_tutor_order_for_course'
		 made by do_action_ref_array('process_by_wc_migrator'), WP_Hook->do_action, WP_Hook->apply_filters, Tutor\Migrations\BatchProcessor->process_batch, Tutor\Migrations\ProcessByWcMigrator->get_total_items, Tutor\Helpers\QueryHelper::get_joined_count
[04-Oct-2025 11:50:17 UTC] PHP Fatal error:  Uncaught Exception: Table 'local.wp_wc_orders_meta' doesn't exist in C:\Users\Constant\Local Sites\cli\app\public\wp-content\plugins\tutor\helpers\QueryHelper.php:1120
Stack trace:
#0 C:\Users\Constant\Local Sites\cli\app\public\wp-content\plugins\tutor\migrations\ProcessByWcMigrator.php(82): Tutor\Helpers\QueryHelper::get_joined_count('tutor_earnings ...', Array, Array, Array, 'te.earning_id')
#1 C:\Users\Constant\Local Sites\cli\app\public\wp-content\plugins\tutor\migrations\BatchProcessor.php(179): Tutor\Migrations\ProcessByWcMigrator->get_total_items()
#2 C:\Users\Constant\Local Sites\cli\app\public\wp-includes\class-wp-hook.php(324): Tutor\Migrations\BatchProcessor->process_batch()
#3 C:\Users\Constant\Local Sites\cli\app\public\wp-includes\class-wp-hook.php(348): WP_Hook->apply_filters('', Array)
#4 C:\Users\Constant\Local Sites\cli\app\public\wp-includes\plugin.php(565): WP_Hook->do_action(Array)
#5 C:\Users\Constant\Local Sites\cli\app\public\wp-cron.php(191): do_action_ref_array('process_by_wc_m...', Array)
#6 {main}
  thrown in C:\Users\Constant\Local Sites\cli\app\public\wp-content\plugins\tutor\helpers\QueryHelper.php on line 1120
[04-Oct-2025 11:51:17 UTC] WordPress database error Table 'local.wp_wc_orders_meta' doesn't exist for query 
			SELECT COUNT(te.earning_id) as total_count
			FROM wp_tutor_earnings te
			 INNER JOIN wp_wc_orders_meta wcom ON te.order_id = wcom.order_id 
			WHERE te.process_by = 'tutor' AND wcom.meta_key = '_is_tutor_order_for_course'
		 made by do_action_ref_array('process_by_wc_migrator'), WP_Hook->do_action, WP_Hook->apply_filters, Tutor\Migrations\BatchProcessor->process_batch, Tutor\Migrations\ProcessByWcMigrator->get_total_items, Tutor\Helpers\QueryHelper::get_joined_count
[04-Oct-2025 11:51:17 UTC] PHP Fatal error:  Uncaught Exception: Table 'local.wp_wc_orders_meta' doesn't exist in C:\Users\Constant\Local Sites\cli\app\public\wp-content\plugins\tutor\helpers\QueryHelper.php:1120
Stack trace:
#0 C:\Users\Constant\Local Sites\cli\app\public\wp-content\plugins\tutor\migrations\ProcessByWcMigrator.php(82): Tutor\Helpers\QueryHelper::get_joined_count('tutor_earnings ...', Array, Array, Array, 'te.earning_id')
#1 C:\Users\Constant\Local Sites\cli\app\public\wp-content\plugins\tutor\migrations\BatchProcessor.php(179): Tutor\Migrations\ProcessByWcMigrator->get_total_items()
#2 C:\Users\Constant\Local Sites\cli\app\public\wp-includes\class-wp-hook.php(324): Tutor\Migrations\BatchProcessor->process_batch()
#3 C:\Users\Constant\Local Sites\cli\app\public\wp-includes\class-wp-hook.php(348): WP_Hook->apply_filters('', Array)
#4 C:\Users\Constant\Local Sites\cli\app\public\wp-includes\plugin.php(565): WP_Hook->do_action(Array)
#5 C:\Users\Constant\Local Sites\cli\app\public\wp-cron.php(191): do_action_ref_array('process_by_wc_m...', Array)
#6 {main}
  thrown in C:\Users\Constant\Local Sites\cli\app\public\wp-content\plugins\tutor\helpers\QueryHelper.php on line 1120
[04-Oct-2025 11:52:17 UTC] WordPress database error Table 'local.wp_wc_orders_meta' doesn't exist for query 
			SELECT COUNT(te.earning_id) as total_count
			FROM wp_tutor_earnings te
			 INNER JOIN wp_wc_orders_meta wcom ON te.order_id = wcom.order_id 
			WHERE te.process_by = 'tutor' AND wcom.meta_key = '_is_tutor_order_for_course'
		 made by do_action_ref_array('process_by_wc_migrator'), WP_Hook->do_action, WP_Hook->apply_filters, Tutor\Migrations\BatchProcessor->process_batch, Tutor\Migrations\ProcessByWcMigrator->get_total_items, Tutor\Helpers\QueryHelper::get_joined_count
[04-Oct-2025 11:52:17 UTC] PHP Fatal error:  Uncaught Exception: Table 'local.wp_wc_orders_meta' doesn't exist in C:\Users\Constant\Local Sites\cli\app\public\wp-content\plugins\tutor\helpers\QueryHelper.php:1120
Stack trace:
#0 C:\Users\Constant\Local Sites\cli\app\public\wp-content\plugins\tutor\migrations\ProcessByWcMigrator.php(82): Tutor\Helpers\QueryHelper::get_joined_count('tutor_earnings ...', Array, Array, Array, 'te.earning_id')
#1 C:\Users\Constant\Local Sites\cli\app\public\wp-content\plugins\tutor\migrations\BatchProcessor.php(179): Tutor\Migrations\ProcessByWcMigrator->get_total_items()
#2 C:\Users\Constant\Local Sites\cli\app\public\wp-includes\class-wp-hook.php(324): Tutor\Migrations\BatchProcessor->process_batch()
#3 C:\Users\Constant\Local Sites\cli\app\public\wp-includes\class-wp-hook.php(348): WP_Hook->apply_filters('', Array)
#4 C:\Users\Constant\Local Sites\cli\app\public\wp-includes\plugin.php(565): WP_Hook->do_action(Array)
#5 C:\Users\Constant\Local Sites\cli\app\public\wp-cron.php(191): do_action_ref_array('process_by_wc_m...', Array)
#6 {main}
  thrown in C:\Users\Constant\Local Sites\cli\app\public\wp-content\plugins\tutor\helpers\QueryHelper.php on line 1120
[04-Oct-2025 11:53:17 UTC] WordPress database error Table 'local.wp_wc_orders_meta' doesn't exist for query 
			SELECT COUNT(te.earning_id) as total_count
			FROM wp_tutor_earnings te
			 INNER JOIN wp_wc_orders_meta wcom ON te.order_id = wcom.order_id 
			WHERE te.process_by = 'tutor' AND wcom.meta_key = '_is_tutor_order_for_course'
		 made by do_action_ref_array('process_by_wc_migrator'), WP_Hook->do_action, WP_Hook->apply_filters, Tutor\Migrations\BatchProcessor->process_batch, Tutor\Migrations\ProcessByWcMigrator->get_total_items, Tutor\Helpers\QueryHelper::get_joined_count
[04-Oct-2025 11:53:17 UTC] PHP Fatal error:  Uncaught Exception: Table 'local.wp_wc_orders_meta' doesn't exist in C:\Users\Constant\Local Sites\cli\app\public\wp-content\plugins\tutor\helpers\QueryHelper.php:1120
Stack trace:
#0 C:\Users\Constant\Local Sites\cli\app\public\wp-content\plugins\tutor\migrations\ProcessByWcMigrator.php(82): Tutor\Helpers\QueryHelper::get_joined_count('tutor_earnings ...', Array, Array, Array, 'te.earning_id')
#1 C:\Users\Constant\Local Sites\cli\app\public\wp-content\plugins\tutor\migrations\BatchProcessor.php(179): Tutor\Migrations\ProcessByWcMigrator->get_total_items()
#2 C:\Users\Constant\Local Sites\cli\app\public\wp-includes\class-wp-hook.php(324): Tutor\Migrations\BatchProcessor->process_batch()
#3 C:\Users\Constant\Local Sites\cli\app\public\wp-includes\class-wp-hook.php(348): WP_Hook->apply_filters('', Array)
#4 C:\Users\Constant\Local Sites\cli\app\public\wp-includes\plugin.php(565): WP_Hook->do_action(Array)
#5 C:\Users\Constant\Local Sites\cli\app\public\wp-cron.php(191): do_action_ref_array('process_by_wc_m...', Array)
#6 {main}
  thrown in C:\Users\Constant\Local Sites\cli\app\public\wp-content\plugins\tutor\helpers\QueryHelper.php on line 1120
[04-Oct-2025 11:54:17 UTC] WordPress database error Table 'local.wp_wc_orders_meta' doesn't exist for query 
			SELECT COUNT(te.earning_id) as total_count
			FROM wp_tutor_earnings te
			 INNER JOIN wp_wc_orders_meta wcom ON te.order_id = wcom.order_id 
			WHERE te.process_by = 'tutor' AND wcom.meta_key = '_is_tutor_order_for_course'
		 made by do_action_ref_array('process_by_wc_migrator'), WP_Hook->do_action, WP_Hook->apply_filters, Tutor\Migrations\BatchProcessor->process_batch, Tutor\Migrations\ProcessByWcMigrator->get_total_items, Tutor\Helpers\QueryHelper::get_joined_count
[04-Oct-2025 11:54:17 UTC] PHP Fatal error:  Uncaught Exception: Table 'local.wp_wc_orders_meta' doesn't exist in C:\Users\Constant\Local Sites\cli\app\public\wp-content\plugins\tutor\helpers\QueryHelper.php:1120
Stack trace:
#0 C:\Users\Constant\Local Sites\cli\app\public\wp-content\plugins\tutor\migrations\ProcessByWcMigrator.php(82): Tutor\Helpers\QueryHelper::get_joined_count('tutor_earnings ...', Array, Array, Array, 'te.earning_id')
#1 C:\Users\Constant\Local Sites\cli\app\public\wp-content\plugins\tutor\migrations\BatchProcessor.php(179): Tutor\Migrations\ProcessByWcMigrator->get_total_items()
#2 C:\Users\Constant\Local Sites\cli\app\public\wp-includes\class-wp-hook.php(324): Tutor\Migrations\BatchProcessor->process_batch()
#3 C:\Users\Constant\Local Sites\cli\app\public\wp-includes\class-wp-hook.php(348): WP_Hook->apply_filters('', Array)
#4 C:\Users\Constant\Local Sites\cli\app\public\wp-includes\plugin.php(565): WP_Hook->do_action(Array)
#5 C:\Users\Constant\Local Sites\cli\app\public\wp-cron.php(191): do_action_ref_array('process_by_wc_m...', Array)
#6 {main}
  thrown in C:\Users\Constant\Local Sites\cli\app\public\wp-content\plugins\tutor\helpers\QueryHelper.php on line 1120
[04-Oct-2025 11:55:18 UTC] WordPress database error Table 'local.wp_wc_orders_meta' doesn't exist for query 
			SELECT COUNT(te.earning_id) as total_count
			FROM wp_tutor_earnings te
			 INNER JOIN wp_wc_orders_meta wcom ON te.order_id = wcom.order_id 
			WHERE te.process_by = 'tutor' AND wcom.meta_key = '_is_tutor_order_for_course'
		 made by do_action_ref_array('process_by_wc_migrator'), WP_Hook->do_action, WP_Hook->apply_filters, Tutor\Migrations\BatchProcessor->process_batch, Tutor\Migrations\ProcessByWcMigrator->get_total_items, Tutor\Helpers\QueryHelper::get_joined_count
[04-Oct-2025 11:55:18 UTC] PHP Fatal error:  Uncaught Exception: Table 'local.wp_wc_orders_meta' doesn't exist in C:\Users\Constant\Local Sites\cli\app\public\wp-content\plugins\tutor\helpers\QueryHelper.php:1120
Stack trace:
#0 C:\Users\Constant\Local Sites\cli\app\public\wp-content\plugins\tutor\migrations\ProcessByWcMigrator.php(82): Tutor\Helpers\QueryHelper::get_joined_count('tutor_earnings ...', Array, Array, Array, 'te.earning_id')
#1 C:\Users\Constant\Local Sites\cli\app\public\wp-content\plugins\tutor\migrations\BatchProcessor.php(179): Tutor\Migrations\ProcessByWcMigrator->get_total_items()
#2 C:\Users\Constant\Local Sites\cli\app\public\wp-includes\class-wp-hook.php(324): Tutor\Migrations\BatchProcessor->process_batch()
#3 C:\Users\Constant\Local Sites\cli\app\public\wp-includes\class-wp-hook.php(348): WP_Hook->apply_filters('', Array)
#4 C:\Users\Constant\Local Sites\cli\app\public\wp-includes\plugin.php(565): WP_Hook->do_action(Array)
#5 C:\Users\Constant\Local Sites\cli\app\public\wp-cron.php(191): do_action_ref_array('process_by_wc_m...', Array)
#6 {main}
  thrown in C:\Users\Constant\Local Sites\cli\app\public\wp-content\plugins\tutor\helpers\QueryHelper.php on line 1120
[04-Oct-2025 11:56:18 UTC] WordPress database error Table 'local.wp_wc_orders_meta' doesn't exist for query 
			SELECT COUNT(te.earning_id) as total_count
			FROM wp_tutor_earnings te
			 INNER JOIN wp_wc_orders_meta wcom ON te.order_id = wcom.order_id 
			WHERE te.process_by = 'tutor' AND wcom.meta_key = '_is_tutor_order_for_course'
		 made by do_action_ref_array('process_by_wc_migrator'), WP_Hook->do_action, WP_Hook->apply_filters, Tutor\Migrations\BatchProcessor->process_batch, Tutor\Migrations\ProcessByWcMigrator->get_total_items, Tutor\Helpers\QueryHelper::get_joined_count
[04-Oct-2025 11:56:18 UTC] PHP Fatal error:  Uncaught Exception: Table 'local.wp_wc_orders_meta' doesn't exist in C:\Users\Constant\Local Sites\cli\app\public\wp-content\plugins\tutor\helpers\QueryHelper.php:1120
Stack trace:
#0 C:\Users\Constant\Local Sites\cli\app\public\wp-content\plugins\tutor\migrations\ProcessByWcMigrator.php(82): Tutor\Helpers\QueryHelper::get_joined_count('tutor_earnings ...', Array, Array, Array, 'te.earning_id')
#1 C:\Users\Constant\Local Sites\cli\app\public\wp-content\plugins\tutor\migrations\BatchProcessor.php(179): Tutor\Migrations\ProcessByWcMigrator->get_total_items()
#2 C:\Users\Constant\Local Sites\cli\app\public\wp-includes\class-wp-hook.php(324): Tutor\Migrations\BatchProcessor->process_batch()
#3 C:\Users\Constant\Local Sites\cli\app\public\wp-includes\class-wp-hook.php(348): WP_Hook->apply_filters('', Array)
#4 C:\Users\Constant\Local Sites\cli\app\public\wp-includes\plugin.php(565): WP_Hook->do_action(Array)
#5 C:\Users\Constant\Local Sites\cli\app\public\wp-cron.php(191): do_action_ref_array('process_by_wc_m...', Array)
#6 {main}
  thrown in C:\Users\Constant\Local Sites\cli\app\public\wp-content\plugins\tutor\helpers\QueryHelper.php on line 1120
[04-Oct-2025 11:57:18 UTC] WordPress database error Table 'local.wp_wc_orders_meta' doesn't exist for query 
			SELECT COUNT(te.earning_id) as total_count
			FROM wp_tutor_earnings te
			 INNER JOIN wp_wc_orders_meta wcom ON te.order_id = wcom.order_id 
			WHERE te.process_by = 'tutor' AND wcom.meta_key = '_is_tutor_order_for_course'
		 made by do_action_ref_array('process_by_wc_migrator'), WP_Hook->do_action, WP_Hook->apply_filters, Tutor\Migrations\BatchProcessor->process_batch, Tutor\Migrations\ProcessByWcMigrator->get_total_items, Tutor\Helpers\QueryHelper::get_joined_count
[04-Oct-2025 11:57:18 UTC] PHP Fatal error:  Uncaught Exception: Table 'local.wp_wc_orders_meta' doesn't exist in C:\Users\Constant\Local Sites\cli\app\public\wp-content\plugins\tutor\helpers\QueryHelper.php:1120
Stack trace:
#0 C:\Users\Constant\Local Sites\cli\app\public\wp-content\plugins\tutor\migrations\ProcessByWcMigrator.php(82): Tutor\Helpers\QueryHelper::get_joined_count('tutor_earnings ...', Array, Array, Array, 'te.earning_id')
#1 C:\Users\Constant\Local Sites\cli\app\public\wp-content\plugins\tutor\migrations\BatchProcessor.php(179): Tutor\Migrations\ProcessByWcMigrator->get_total_items()
#2 C:\Users\Constant\Local Sites\cli\app\public\wp-includes\class-wp-hook.php(324): Tutor\Migrations\BatchProcessor->process_batch()
#3 C:\Users\Constant\Local Sites\cli\app\public\wp-includes\class-wp-hook.php(348): WP_Hook->apply_filters('', Array)
#4 C:\Users\Constant\Local Sites\cli\app\public\wp-includes\plugin.php(565): WP_Hook->do_action(Array)
#5 C:\Users\Constant\Local Sites\cli\app\public\wp-cron.php(191): do_action_ref_array('process_by_wc_m...', Array)
#6 {main}
  thrown in C:\Users\Constant\Local Sites\cli\app\public\wp-content\plugins\tutor\helpers\QueryHelper.php on line 1120
[04-Oct-2025 11:58:18 UTC] WordPress database error Table 'local.wp_wc_orders_meta' doesn't exist for query 
			SELECT COUNT(te.earning_id) as total_count
			FROM wp_tutor_earnings te
			 INNER JOIN wp_wc_orders_meta wcom ON te.order_id = wcom.order_id 
			WHERE te.process_by = 'tutor' AND wcom.meta_key = '_is_tutor_order_for_course'
		 made by do_action_ref_array('process_by_wc_migrator'), WP_Hook->do_action, WP_Hook->apply_filters, Tutor\Migrations\BatchProcessor->process_batch, Tutor\Migrations\ProcessByWcMigrator->get_total_items, Tutor\Helpers\QueryHelper::get_joined_count
[04-Oct-2025 11:58:18 UTC] PHP Fatal error:  Uncaught Exception: Table 'local.wp_wc_orders_meta' doesn't exist in C:\Users\Constant\Local Sites\cli\app\public\wp-content\plugins\tutor\helpers\QueryHelper.php:1120
Stack trace:
#0 C:\Users\Constant\Local Sites\cli\app\public\wp-content\plugins\tutor\migrations\ProcessByWcMigrator.php(82): Tutor\Helpers\QueryHelper::get_joined_count('tutor_earnings ...', Array, Array, Array, 'te.earning_id')
#1 C:\Users\Constant\Local Sites\cli\app\public\wp-content\plugins\tutor\migrations\BatchProcessor.php(179): Tutor\Migrations\ProcessByWcMigrator->get_total_items()
#2 C:\Users\Constant\Local Sites\cli\app\public\wp-includes\class-wp-hook.php(324): Tutor\Migrations\BatchProcessor->process_batch()
#3 C:\Users\Constant\Local Sites\cli\app\public\wp-includes\class-wp-hook.php(348): WP_Hook->apply_filters('', Array)
#4 C:\Users\Constant\Local Sites\cli\app\public\wp-includes\plugin.php(565): WP_Hook->do_action(Array)
#5 C:\Users\Constant\Local Sites\cli\app\public\wp-cron.php(191): do_action_ref_array('process_by_wc_m...', Array)
#6 {main}
  thrown in C:\Users\Constant\Local Sites\cli\app\public\wp-content\plugins\tutor\helpers\QueryHelper.php on line 1120
[04-Oct-2025 11:59:18 UTC] WordPress database error Table 'local.wp_wc_orders_meta' doesn't exist for query 
			SELECT COUNT(te.earning_id) as total_count
			FROM wp_tutor_earnings te
			 INNER JOIN wp_wc_orders_meta wcom ON te.order_id = wcom.order_id 
			WHERE te.process_by = 'tutor' AND wcom.meta_key = '_is_tutor_order_for_course'
		 made by do_action_ref_array('process_by_wc_migrator'), WP_Hook->do_action, WP_Hook->apply_filters, Tutor\Migrations\BatchProcessor->process_batch, Tutor\Migrations\ProcessByWcMigrator->get_total_items, Tutor\Helpers\QueryHelper::get_joined_count
[04-Oct-2025 11:59:18 UTC] PHP Fatal error:  Uncaught Exception: Table 'local.wp_wc_orders_meta' doesn't exist in C:\Users\Constant\Local Sites\cli\app\public\wp-content\plugins\tutor\helpers\QueryHelper.php:1120
Stack trace:
#0 C:\Users\Constant\Local Sites\cli\app\public\wp-content\plugins\tutor\migrations\ProcessByWcMigrator.php(82): Tutor\Helpers\QueryHelper::get_joined_count('tutor_earnings ...', Array, Array, Array, 'te.earning_id')
#1 C:\Users\Constant\Local Sites\cli\app\public\wp-content\plugins\tutor\migrations\BatchProcessor.php(179): Tutor\Migrations\ProcessByWcMigrator->get_total_items()
#2 C:\Users\Constant\Local Sites\cli\app\public\wp-includes\class-wp-hook.php(324): Tutor\Migrations\BatchProcessor->process_batch()
#3 C:\Users\Constant\Local Sites\cli\app\public\wp-includes\class-wp-hook.php(348): WP_Hook->apply_filters('', Array)
#4 C:\Users\Constant\Local Sites\cli\app\public\wp-includes\plugin.php(565): WP_Hook->do_action(Array)
#5 C:\Users\Constant\Local Sites\cli\app\public\wp-cron.php(191): do_action_ref_array('process_by_wc_m...', Array)
#6 {main}
  thrown in C:\Users\Constant\Local Sites\cli\app\public\wp-content\plugins\tutor\helpers\QueryHelper.php on line 1120
[04-Oct-2025 12:00:18 UTC] WordPress database error Table 'local.wp_wc_orders_meta' doesn't exist for query 
			SELECT COUNT(te.earning_id) as total_count
			FROM wp_tutor_earnings te
			 INNER JOIN wp_wc_orders_meta wcom ON te.order_id = wcom.order_id 
			WHERE te.process_by = 'tutor' AND wcom.meta_key = '_is_tutor_order_for_course'
		 made by do_action_ref_array('process_by_wc_migrator'), WP_Hook->do_action, WP_Hook->apply_filters, Tutor\Migrations\BatchProcessor->process_batch, Tutor\Migrations\ProcessByWcMigrator->get_total_items, Tutor\Helpers\QueryHelper::get_joined_count
[04-Oct-2025 12:00:18 UTC] PHP Fatal error:  Uncaught Exception: Table 'local.wp_wc_orders_meta' doesn't exist in C:\Users\Constant\Local Sites\cli\app\public\wp-content\plugins\tutor\helpers\QueryHelper.php:1120
Stack trace:
#0 C:\Users\Constant\Local Sites\cli\app\public\wp-content\plugins\tutor\migrations\ProcessByWcMigrator.php(82): Tutor\Helpers\QueryHelper::get_joined_count('tutor_earnings ...', Array, Array, Array, 'te.earning_id')
#1 C:\Users\Constant\Local Sites\cli\app\public\wp-content\plugins\tutor\migrations\BatchProcessor.php(179): Tutor\Migrations\ProcessByWcMigrator->get_total_items()
#2 C:\Users\Constant\Local Sites\cli\app\public\wp-includes\class-wp-hook.php(324): Tutor\Migrations\BatchProcessor->process_batch()
#3 C:\Users\Constant\Local Sites\cli\app\public\wp-includes\class-wp-hook.php(348): WP_Hook->apply_filters('', Array)
#4 C:\Users\Constant\Local Sites\cli\app\public\wp-includes\plugin.php(565): WP_Hook->do_action(Array)
#5 C:\Users\Constant\Local Sites\cli\app\public\wp-cron.php(191): do_action_ref_array('process_by_wc_m...', Array)
#6 {main}
  thrown in C:\Users\Constant\Local Sites\cli\app\public\wp-content\plugins\tutor\helpers\QueryHelper.php on line 1120
[04-Oct-2025 12:02:48 UTC] WordPress database error Table 'local.wp_wc_orders_meta' doesn't exist for query 
			SELECT COUNT(te.earning_id) as total_count
			FROM wp_tutor_earnings te
			 INNER JOIN wp_wc_orders_meta wcom ON te.order_id = wcom.order_id 
			WHERE te.process_by = 'tutor' AND wcom.meta_key = '_is_tutor_order_for_course'
		 made by do_action_ref_array('process_by_wc_migrator'), WP_Hook->do_action, WP_Hook->apply_filters, Tutor\Migrations\BatchProcessor->process_batch, Tutor\Migrations\ProcessByWcMigrator->get_total_items, Tutor\Helpers\QueryHelper::get_joined_count
[04-Oct-2025 12:02:48 UTC] PHP Fatal error:  Uncaught Exception: Table 'local.wp_wc_orders_meta' doesn't exist in C:\Users\Constant\Local Sites\cli\app\public\wp-content\plugins\tutor\helpers\QueryHelper.php:1120
Stack trace:
#0 C:\Users\Constant\Local Sites\cli\app\public\wp-content\plugins\tutor\migrations\ProcessByWcMigrator.php(82): Tutor\Helpers\QueryHelper::get_joined_count('tutor_earnings ...', Array, Array, Array, 'te.earning_id')
#1 C:\Users\Constant\Local Sites\cli\app\public\wp-content\plugins\tutor\migrations\BatchProcessor.php(179): Tutor\Migrations\ProcessByWcMigrator->get_total_items()
#2 C:\Users\Constant\Local Sites\cli\app\public\wp-includes\class-wp-hook.php(324): Tutor\Migrations\BatchProcessor->process_batch()
#3 C:\Users\Constant\Local Sites\cli\app\public\wp-includes\class-wp-hook.php(348): WP_Hook->apply_filters('', Array)
#4 C:\Users\Constant\Local Sites\cli\app\public\wp-includes\plugin.php(565): WP_Hook->do_action(Array)
#5 C:\Users\Constant\Local Sites\cli\app\public\wp-cron.php(191): do_action_ref_array('process_by_wc_m...', Array)
#6 {main}
  thrown in C:\Users\Constant\Local Sites\cli\app\public\wp-content\plugins\tutor\helpers\QueryHelper.php on line 1120
[04-Oct-2025 12:06:48 UTC] WordPress database error Table 'local.wp_wc_orders_meta' doesn't exist for query 
			SELECT COUNT(te.earning_id) as total_count
			FROM wp_tutor_earnings te
			 INNER JOIN wp_wc_orders_meta wcom ON te.order_id = wcom.order_id 
			WHERE te.process_by = 'tutor' AND wcom.meta_key = '_is_tutor_order_for_course'
		 made by do_action_ref_array('process_by_wc_migrator'), WP_Hook->do_action, WP_Hook->apply_filters, Tutor\Migrations\BatchProcessor->process_batch, Tutor\Migrations\ProcessByWcMigrator->get_total_items, Tutor\Helpers\QueryHelper::get_joined_count
[04-Oct-2025 12:06:48 UTC] PHP Fatal error:  Uncaught Exception: Table 'local.wp_wc_orders_meta' doesn't exist in C:\Users\Constant\Local Sites\cli\app\public\wp-content\plugins\tutor\helpers\QueryHelper.php:1120
Stack trace:
#0 C:\Users\Constant\Local Sites\cli\app\public\wp-content\plugins\tutor\migrations\ProcessByWcMigrator.php(82): Tutor\Helpers\QueryHelper::get_joined_count('tutor_earnings ...', Array, Array, Array, 'te.earning_id')
#1 C:\Users\Constant\Local Sites\cli\app\public\wp-content\plugins\tutor\migrations\BatchProcessor.php(179): Tutor\Migrations\ProcessByWcMigrator->get_total_items()
#2 C:\Users\Constant\Local Sites\cli\app\public\wp-includes\class-wp-hook.php(324): Tutor\Migrations\BatchProcessor->process_batch()
#3 C:\Users\Constant\Local Sites\cli\app\public\wp-includes\class-wp-hook.php(348): WP_Hook->apply_filters('', Array)
#4 C:\Users\Constant\Local Sites\cli\app\public\wp-includes\plugin.php(565): WP_Hook->do_action(Array)
#5 C:\Users\Constant\Local Sites\cli\app\public\wp-cron.php(191): do_action_ref_array('process_by_wc_m...', Array)
#6 {main}
  thrown in C:\Users\Constant\Local Sites\cli\app\public\wp-content\plugins\tutor\helpers\QueryHelper.php on line 1120
[04-Oct-2025 12:10:48 UTC] WordPress database error Table 'local.wp_wc_orders_meta' doesn't exist for query 
			SELECT COUNT(te.earning_id) as total_count
			FROM wp_tutor_earnings te
			 INNER JOIN wp_wc_orders_meta wcom ON te.order_id = wcom.order_id 
			WHERE te.process_by = 'tutor' AND wcom.meta_key = '_is_tutor_order_for_course'
		 made by do_action_ref_array('process_by_wc_migrator'), WP_Hook->do_action, WP_Hook->apply_filters, Tutor\Migrations\BatchProcessor->process_batch, Tutor\Migrations\ProcessByWcMigrator->get_total_items, Tutor\Helpers\QueryHelper::get_joined_count
[04-Oct-2025 12:10:48 UTC] PHP Fatal error:  Uncaught Exception: Table 'local.wp_wc_orders_meta' doesn't exist in C:\Users\Constant\Local Sites\cli\app\public\wp-content\plugins\tutor\helpers\QueryHelper.php:1120
Stack trace:
#0 C:\Users\Constant\Local Sites\cli\app\public\wp-content\plugins\tutor\migrations\ProcessByWcMigrator.php(82): Tutor\Helpers\QueryHelper::get_joined_count('tutor_earnings ...', Array, Array, Array, 'te.earning_id')
#1 C:\Users\Constant\Local Sites\cli\app\public\wp-content\plugins\tutor\migrations\BatchProcessor.php(179): Tutor\Migrations\ProcessByWcMigrator->get_total_items()
#2 C:\Users\Constant\Local Sites\cli\app\public\wp-includes\class-wp-hook.php(324): Tutor\Migrations\BatchProcessor->process_batch()
#3 C:\Users\Constant\Local Sites\cli\app\public\wp-includes\class-wp-hook.php(348): WP_Hook->apply_filters('', Array)
#4 C:\Users\Constant\Local Sites\cli\app\public\wp-includes\plugin.php(565): WP_Hook->do_action(Array)
#5 C:\Users\Constant\Local Sites\cli\app\public\wp-cron.php(191): do_action_ref_array('process_by_wc_m...', Array)
#6 {main}
  thrown in C:\Users\Constant\Local Sites\cli\app\public\wp-content\plugins\tutor\helpers\QueryHelper.php on line 1120
[07-Oct-2025 08:25:43 UTC] WordPress database error Table 'local.wp_wc_orders_meta' doesn't exist for query 
			SELECT COUNT(te.earning_id) as total_count
			FROM wp_tutor_earnings te
			 INNER JOIN wp_wc_orders_meta wcom ON te.order_id = wcom.order_id 
			WHERE te.process_by = 'tutor' AND wcom.meta_key = '_is_tutor_order_for_course'
		 made by do_action_ref_array('process_by_wc_migrator'), WP_Hook->do_action, WP_Hook->apply_filters, Tutor\Migrations\BatchProcessor->process_batch, Tutor\Migrations\ProcessByWcMigrator->get_total_items, Tutor\Helpers\QueryHelper::get_joined_count
[07-Oct-2025 08:25:43 UTC] PHP Fatal error:  Uncaught Exception: Table 'local.wp_wc_orders_meta' doesn't exist in C:\Users\Constant\Local Sites\cli\app\public\wp-content\plugins\tutor\helpers\QueryHelper.php:1120
Stack trace:
#0 C:\Users\Constant\Local Sites\cli\app\public\wp-content\plugins\tutor\migrations\ProcessByWcMigrator.php(82): Tutor\Helpers\QueryHelper::get_joined_count('tutor_earnings ...', Array, Array, Array, 'te.earning_id')
#1 C:\Users\Constant\Local Sites\cli\app\public\wp-content\plugins\tutor\migrations\BatchProcessor.php(179): Tutor\Migrations\ProcessByWcMigrator->get_total_items()
#2 C:\Users\Constant\Local Sites\cli\app\public\wp-includes\class-wp-hook.php(324): Tutor\Migrations\BatchProcessor->process_batch()
#3 C:\Users\Constant\Local Sites\cli\app\public\wp-includes\class-wp-hook.php(348): WP_Hook->apply_filters('', Array)
#4 C:\Users\Constant\Local Sites\cli\app\public\wp-includes\plugin.php(565): WP_Hook->do_action(Array)
#5 C:\Users\Constant\Local Sites\cli\app\public\wp-cron.php(191): do_action_ref_array('process_by_wc_m...', Array)
#6 {main}
  thrown in C:\Users\Constant\Local Sites\cli\app\public\wp-content\plugins\tutor\helpers\QueryHelper.php on line 1120
[07-Oct-2025 08:27:00 UTC] WordPress database error Table 'local.wp_wc_orders_meta' doesn't exist for query 
			SELECT COUNT(te.earning_id) as total_count
			FROM wp_tutor_earnings te
			 INNER JOIN wp_wc_orders_meta wcom ON te.order_id = wcom.order_id 
			WHERE te.process_by = 'tutor' AND wcom.meta_key = '_is_tutor_order_for_course'
		 made by do_action_ref_array('process_by_wc_migrator'), WP_Hook->do_action, WP_Hook->apply_filters, Tutor\Migrations\BatchProcessor->process_batch, Tutor\Migrations\ProcessByWcMigrator->get_total_items, Tutor\Helpers\QueryHelper::get_joined_count
[07-Oct-2025 08:27:00 UTC] PHP Fatal error:  Uncaught Exception: Table 'local.wp_wc_orders_meta' doesn't exist in C:\Users\Constant\Local Sites\cli\app\public\wp-content\plugins\tutor\helpers\QueryHelper.php:1120
Stack trace:
#0 C:\Users\Constant\Local Sites\cli\app\public\wp-content\plugins\tutor\migrations\ProcessByWcMigrator.php(82): Tutor\Helpers\QueryHelper::get_joined_count('tutor_earnings ...', Array, Array, Array, 'te.earning_id')
#1 C:\Users\Constant\Local Sites\cli\app\public\wp-content\plugins\tutor\migrations\BatchProcessor.php(179): Tutor\Migrations\ProcessByWcMigrator->get_total_items()
#2 C:\Users\Constant\Local Sites\cli\app\public\wp-includes\class-wp-hook.php(324): Tutor\Migrations\BatchProcessor->process_batch()
#3 C:\Users\Constant\Local Sites\cli\app\public\wp-includes\class-wp-hook.php(348): WP_Hook->apply_filters('', Array)
#4 C:\Users\Constant\Local Sites\cli\app\public\wp-includes\plugin.php(565): WP_Hook->do_action(Array)
#5 C:\Users\Constant\Local Sites\cli\app\public\wp-cron.php(191): do_action_ref_array('process_by_wc_m...', Array)
#6 {main}
  thrown in C:\Users\Constant\Local Sites\cli\app\public\wp-content\plugins\tutor\helpers\QueryHelper.php on line 1120
[07-Oct-2025 08:28:15 UTC] WordPress database error Table 'local.wp_wc_orders_meta' doesn't exist for query 
			SELECT COUNT(te.earning_id) as total_count
			FROM wp_tutor_earnings te
			 INNER JOIN wp_wc_orders_meta wcom ON te.order_id = wcom.order_id 
			WHERE te.process_by = 'tutor' AND wcom.meta_key = '_is_tutor_order_for_course'
		 made by do_action_ref_array('process_by_wc_migrator'), WP_Hook->do_action, WP_Hook->apply_filters, Tutor\Migrations\BatchProcessor->process_batch, Tutor\Migrations\ProcessByWcMigrator->get_total_items, Tutor\Helpers\QueryHelper::get_joined_count
[07-Oct-2025 08:28:15 UTC] PHP Fatal error:  Uncaught Exception: Table 'local.wp_wc_orders_meta' doesn't exist in C:\Users\Constant\Local Sites\cli\app\public\wp-content\plugins\tutor\helpers\QueryHelper.php:1120
Stack trace:
#0 C:\Users\Constant\Local Sites\cli\app\public\wp-content\plugins\tutor\migrations\ProcessByWcMigrator.php(82): Tutor\Helpers\QueryHelper::get_joined_count('tutor_earnings ...', Array, Array, Array, 'te.earning_id')
#1 C:\Users\Constant\Local Sites\cli\app\public\wp-content\plugins\tutor\migrations\BatchProcessor.php(179): Tutor\Migrations\ProcessByWcMigrator->get_total_items()
#2 C:\Users\Constant\Local Sites\cli\app\public\wp-includes\class-wp-hook.php(324): Tutor\Migrations\BatchProcessor->process_batch()
#3 C:\Users\Constant\Local Sites\cli\app\public\wp-includes\class-wp-hook.php(348): WP_Hook->apply_filters('', Array)
#4 C:\Users\Constant\Local Sites\cli\app\public\wp-includes\plugin.php(565): WP_Hook->do_action(Array)
#5 C:\Users\Constant\Local Sites\cli\app\public\wp-cron.php(191): do_action_ref_array('process_by_wc_m...', Array)
#6 {main}
  thrown in C:\Users\Constant\Local Sites\cli\app\public\wp-content\plugins\tutor\helpers\QueryHelper.php on line 1120
[07-Oct-2025 08:29:22 UTC] WordPress database error Table 'local.wp_wc_orders_meta' doesn't exist for query 
			SELECT COUNT(te.earning_id) as total_count
			FROM wp_tutor_earnings te
			 INNER JOIN wp_wc_orders_meta wcom ON te.order_id = wcom.order_id 
			WHERE te.process_by = 'tutor' AND wcom.meta_key = '_is_tutor_order_for_course'
		 made by do_action_ref_array('process_by_wc_migrator'), WP_Hook->do_action, WP_Hook->apply_filters, Tutor\Migrations\BatchProcessor->process_batch, Tutor\Migrations\ProcessByWcMigrator->get_total_items, Tutor\Helpers\QueryHelper::get_joined_count
[07-Oct-2025 08:29:22 UTC] PHP Fatal error:  Uncaught Exception: Table 'local.wp_wc_orders_meta' doesn't exist in C:\Users\Constant\Local Sites\cli\app\public\wp-content\plugins\tutor\helpers\QueryHelper.php:1120
Stack trace:
#0 C:\Users\Constant\Local Sites\cli\app\public\wp-content\plugins\tutor\migrations\ProcessByWcMigrator.php(82): Tutor\Helpers\QueryHelper::get_joined_count('tutor_earnings ...', Array, Array, Array, 'te.earning_id')
#1 C:\Users\Constant\Local Sites\cli\app\public\wp-content\plugins\tutor\migrations\BatchProcessor.php(179): Tutor\Migrations\ProcessByWcMigrator->get_total_items()
#2 C:\Users\Constant\Local Sites\cli\app\public\wp-includes\class-wp-hook.php(324): Tutor\Migrations\BatchProcessor->process_batch()
#3 C:\Users\Constant\Local Sites\cli\app\public\wp-includes\class-wp-hook.php(348): WP_Hook->apply_filters('', Array)
#4 C:\Users\Constant\Local Sites\cli\app\public\wp-includes\plugin.php(565): WP_Hook->do_action(Array)
#5 C:\Users\Constant\Local Sites\cli\app\public\wp-cron.php(191): do_action_ref_array('process_by_wc_m...', Array)
#6 {main}
  thrown in C:\Users\Constant\Local Sites\cli\app\public\wp-content\plugins\tutor\helpers\QueryHelper.php on line 1120
[07-Oct-2025 08:30:36 UTC] WordPress database error Table 'local.wp_wc_orders_meta' doesn't exist for query 
			SELECT COUNT(te.earning_id) as total_count
			FROM wp_tutor_earnings te
			 INNER JOIN wp_wc_orders_meta wcom ON te.order_id = wcom.order_id 
			WHERE te.process_by = 'tutor' AND wcom.meta_key = '_is_tutor_order_for_course'
		 made by do_action_ref_array('process_by_wc_migrator'), WP_Hook->do_action, WP_Hook->apply_filters, Tutor\Migrations\BatchProcessor->process_batch, Tutor\Migrations\ProcessByWcMigrator->get_total_items, Tutor\Helpers\QueryHelper::get_joined_count
[07-Oct-2025 08:30:36 UTC] PHP Fatal error:  Uncaught Exception: Table 'local.wp_wc_orders_meta' doesn't exist in C:\Users\Constant\Local Sites\cli\app\public\wp-content\plugins\tutor\helpers\QueryHelper.php:1120
Stack trace:
#0 C:\Users\Constant\Local Sites\cli\app\public\wp-content\plugins\tutor\migrations\ProcessByWcMigrator.php(82): Tutor\Helpers\QueryHelper::get_joined_count('tutor_earnings ...', Array, Array, Array, 'te.earning_id')
#1 C:\Users\Constant\Local Sites\cli\app\public\wp-content\plugins\tutor\migrations\BatchProcessor.php(179): Tutor\Migrations\ProcessByWcMigrator->get_total_items()
#2 C:\Users\Constant\Local Sites\cli\app\public\wp-includes\class-wp-hook.php(324): Tutor\Migrations\BatchProcessor->process_batch()
#3 C:\Users\Constant\Local Sites\cli\app\public\wp-includes\class-wp-hook.php(348): WP_Hook->apply_filters('', Array)
#4 C:\Users\Constant\Local Sites\cli\app\public\wp-includes\plugin.php(565): WP_Hook->do_action(Array)
#5 C:\Users\Constant\Local Sites\cli\app\public\wp-cron.php(191): do_action_ref_array('process_by_wc_m...', Array)
#6 {main}
  thrown in C:\Users\Constant\Local Sites\cli\app\public\wp-content\plugins\tutor\helpers\QueryHelper.php on line 1120
[07-Oct-2025 08:31:43 UTC] WordPress database error Table 'local.wp_wc_orders_meta' doesn't exist for query 
			SELECT COUNT(te.earning_id) as total_count
			FROM wp_tutor_earnings te
			 INNER JOIN wp_wc_orders_meta wcom ON te.order_id = wcom.order_id 
			WHERE te.process_by = 'tutor' AND wcom.meta_key = '_is_tutor_order_for_course'
		 made by do_action_ref_array('process_by_wc_migrator'), WP_Hook->do_action, WP_Hook->apply_filters, Tutor\Migrations\BatchProcessor->process_batch, Tutor\Migrations\ProcessByWcMigrator->get_total_items, Tutor\Helpers\QueryHelper::get_joined_count
[07-Oct-2025 08:31:43 UTC] PHP Fatal error:  Uncaught Exception: Table 'local.wp_wc_orders_meta' doesn't exist in C:\Users\Constant\Local Sites\cli\app\public\wp-content\plugins\tutor\helpers\QueryHelper.php:1120
Stack trace:
#0 C:\Users\Constant\Local Sites\cli\app\public\wp-content\plugins\tutor\migrations\ProcessByWcMigrator.php(82): Tutor\Helpers\QueryHelper::get_joined_count('tutor_earnings ...', Array, Array, Array, 'te.earning_id')
#1 C:\Users\Constant\Local Sites\cli\app\public\wp-content\plugins\tutor\migrations\BatchProcessor.php(179): Tutor\Migrations\ProcessByWcMigrator->get_total_items()
#2 C:\Users\Constant\Local Sites\cli\app\public\wp-includes\class-wp-hook.php(324): Tutor\Migrations\BatchProcessor->process_batch()
#3 C:\Users\Constant\Local Sites\cli\app\public\wp-includes\class-wp-hook.php(348): WP_Hook->apply_filters('', Array)
#4 C:\Users\Constant\Local Sites\cli\app\public\wp-includes\plugin.php(565): WP_Hook->do_action(Array)
#5 C:\Users\Constant\Local Sites\cli\app\public\wp-cron.php(191): do_action_ref_array('process_by_wc_m...', Array)
#6 {main}
  thrown in C:\Users\Constant\Local Sites\cli\app\public\wp-content\plugins\tutor\helpers\QueryHelper.php on line 1120
[07-Oct-2025 08:32:46 UTC] WordPress database error Table 'local.wp_wc_orders_meta' doesn't exist for query 
			SELECT COUNT(te.earning_id) as total_count
			FROM wp_tutor_earnings te
			 INNER JOIN wp_wc_orders_meta wcom ON te.order_id = wcom.order_id 
			WHERE te.process_by = 'tutor' AND wcom.meta_key = '_is_tutor_order_for_course'
		 made by do_action_ref_array('process_by_wc_migrator'), WP_Hook->do_action, WP_Hook->apply_filters, Tutor\Migrations\BatchProcessor->process_batch, Tutor\Migrations\ProcessByWcMigrator->get_total_items, Tutor\Helpers\QueryHelper::get_joined_count
[07-Oct-2025 08:32:46 UTC] PHP Fatal error:  Uncaught Exception: Table 'local.wp_wc_orders_meta' doesn't exist in C:\Users\Constant\Local Sites\cli\app\public\wp-content\plugins\tutor\helpers\QueryHelper.php:1120
Stack trace:
#0 C:\Users\Constant\Local Sites\cli\app\public\wp-content\plugins\tutor\migrations\ProcessByWcMigrator.php(82): Tutor\Helpers\QueryHelper::get_joined_count('tutor_earnings ...', Array, Array, Array, 'te.earning_id')
#1 C:\Users\Constant\Local Sites\cli\app\public\wp-content\plugins\tutor\migrations\BatchProcessor.php(179): Tutor\Migrations\ProcessByWcMigrator->get_total_items()
#2 C:\Users\Constant\Local Sites\cli\app\public\wp-includes\class-wp-hook.php(324): Tutor\Migrations\BatchProcessor->process_batch()
#3 C:\Users\Constant\Local Sites\cli\app\public\wp-includes\class-wp-hook.php(348): WP_Hook->apply_filters('', Array)
#4 C:\Users\Constant\Local Sites\cli\app\public\wp-includes\plugin.php(565): WP_Hook->do_action(Array)
#5 C:\Users\Constant\Local Sites\cli\app\public\wp-cron.php(191): do_action_ref_array('process_by_wc_m...', Array)
#6 {main}
  thrown in C:\Users\Constant\Local Sites\cli\app\public\wp-content\plugins\tutor\helpers\QueryHelper.php on line 1120
[07-Oct-2025 08:44:19 UTC] WordPress database error Table 'local.wp_wc_orders_meta' doesn't exist for query 
			SELECT COUNT(te.earning_id) as total_count
			FROM wp_tutor_earnings te
			 INNER JOIN wp_wc_orders_meta wcom ON te.order_id = wcom.order_id 
			WHERE te.process_by = 'tutor' AND wcom.meta_key = '_is_tutor_order_for_course'
		 made by do_action_ref_array('process_by_wc_migrator'), WP_Hook->do_action, WP_Hook->apply_filters, Tutor\Migrations\BatchProcessor->process_batch, Tutor\Migrations\ProcessByWcMigrator->get_total_items, Tutor\Helpers\QueryHelper::get_joined_count
[07-Oct-2025 08:44:19 UTC] PHP Fatal error:  Uncaught Exception: Table 'local.wp_wc_orders_meta' doesn't exist in C:\Users\Constant\Local Sites\cli\app\public\wp-content\plugins\tutor\helpers\QueryHelper.php:1120
Stack trace:
#0 C:\Users\Constant\Local Sites\cli\app\public\wp-content\plugins\tutor\migrations\ProcessByWcMigrator.php(82): Tutor\Helpers\QueryHelper::get_joined_count('tutor_earnings ...', Array, Array, Array, 'te.earning_id')
#1 C:\Users\Constant\Local Sites\cli\app\public\wp-content\plugins\tutor\migrations\BatchProcessor.php(179): Tutor\Migrations\ProcessByWcMigrator->get_total_items()
#2 C:\Users\Constant\Local Sites\cli\app\public\wp-includes\class-wp-hook.php(324): Tutor\Migrations\BatchProcessor->process_batch()
#3 C:\Users\Constant\Local Sites\cli\app\public\wp-includes\class-wp-hook.php(348): WP_Hook->apply_filters('', Array)
#4 C:\Users\Constant\Local Sites\cli\app\public\wp-includes\plugin.php(565): WP_Hook->do_action(Array)
#5 C:\Users\Constant\Local Sites\cli\app\public\wp-cron.php(191): do_action_ref_array('process_by_wc_m...', Array)
#6 {main}
  thrown in C:\Users\Constant\Local Sites\cli\app\public\wp-content\plugins\tutor\helpers\QueryHelper.php on line 1120
[07-Oct-2025 08:45:25 UTC] WordPress database error Table 'local.wp_wc_orders_meta' doesn't exist for query 
			SELECT COUNT(te.earning_id) as total_count
			FROM wp_tutor_earnings te
			 INNER JOIN wp_wc_orders_meta wcom ON te.order_id = wcom.order_id 
			WHERE te.process_by = 'tutor' AND wcom.meta_key = '_is_tutor_order_for_course'
		 made by do_action_ref_array('process_by_wc_migrator'), WP_Hook->do_action, WP_Hook->apply_filters, Tutor\Migrations\BatchProcessor->process_batch, Tutor\Migrations\ProcessByWcMigrator->get_total_items, Tutor\Helpers\QueryHelper::get_joined_count
[07-Oct-2025 08:45:25 UTC] PHP Fatal error:  Uncaught Exception: Table 'local.wp_wc_orders_meta' doesn't exist in C:\Users\Constant\Local Sites\cli\app\public\wp-content\plugins\tutor\helpers\QueryHelper.php:1120
Stack trace:
#0 C:\Users\Constant\Local Sites\cli\app\public\wp-content\plugins\tutor\migrations\ProcessByWcMigrator.php(82): Tutor\Helpers\QueryHelper::get_joined_count('tutor_earnings ...', Array, Array, Array, 'te.earning_id')
#1 C:\Users\Constant\Local Sites\cli\app\public\wp-content\plugins\tutor\migrations\BatchProcessor.php(179): Tutor\Migrations\ProcessByWcMigrator->get_total_items()
#2 C:\Users\Constant\Local Sites\cli\app\public\wp-includes\class-wp-hook.php(324): Tutor\Migrations\BatchProcessor->process_batch()
#3 C:\Users\Constant\Local Sites\cli\app\public\wp-includes\class-wp-hook.php(348): WP_Hook->apply_filters('', Array)
#4 C:\Users\Constant\Local Sites\cli\app\public\wp-includes\plugin.php(565): WP_Hook->do_action(Array)
#5 C:\Users\Constant\Local Sites\cli\app\public\wp-cron.php(191): do_action_ref_array('process_by_wc_m...', Array)
#6 {main}
  thrown in C:\Users\Constant\Local Sites\cli\app\public\wp-content\plugins\tutor\helpers\QueryHelper.php on line 1120
[07-Oct-2025 08:47:25 UTC] WordPress database error Table 'local.wp_wc_orders_meta' doesn't exist for query 
			SELECT COUNT(te.earning_id) as total_count
			FROM wp_tutor_earnings te
			 INNER JOIN wp_wc_orders_meta wcom ON te.order_id = wcom.order_id 
			WHERE te.process_by = 'tutor' AND wcom.meta_key = '_is_tutor_order_for_course'
		 made by do_action_ref_array('process_by_wc_migrator'), WP_Hook->do_action, WP_Hook->apply_filters, Tutor\Migrations\BatchProcessor->process_batch, Tutor\Migrations\ProcessByWcMigrator->get_total_items, Tutor\Helpers\QueryHelper::get_joined_count
[07-Oct-2025 08:47:25 UTC] PHP Fatal error:  Uncaught Exception: Table 'local.wp_wc_orders_meta' doesn't exist in C:\Users\Constant\Local Sites\cli\app\public\wp-content\plugins\tutor\helpers\QueryHelper.php:1120
Stack trace:
#0 C:\Users\Constant\Local Sites\cli\app\public\wp-content\plugins\tutor\migrations\ProcessByWcMigrator.php(82): Tutor\Helpers\QueryHelper::get_joined_count('tutor_earnings ...', Array, Array, Array, 'te.earning_id')
#1 C:\Users\Constant\Local Sites\cli\app\public\wp-content\plugins\tutor\migrations\BatchProcessor.php(179): Tutor\Migrations\ProcessByWcMigrator->get_total_items()
#2 C:\Users\Constant\Local Sites\cli\app\public\wp-includes\class-wp-hook.php(324): Tutor\Migrations\BatchProcessor->process_batch()
#3 C:\Users\Constant\Local Sites\cli\app\public\wp-includes\class-wp-hook.php(348): WP_Hook->apply_filters('', Array)
#4 C:\Users\Constant\Local Sites\cli\app\public\wp-includes\plugin.php(565): WP_Hook->do_action(Array)
#5 C:\Users\Constant\Local Sites\cli\app\public\wp-cron.php(191): do_action_ref_array('process_by_wc_m...', Array)
#6 {main}
  thrown in C:\Users\Constant\Local Sites\cli\app\public\wp-content\plugins\tutor\helpers\QueryHelper.php on line 1120
[07-Oct-2025 08:48:32 UTC] WordPress database error Table 'local.wp_wc_orders_meta' doesn't exist for query 
			SELECT COUNT(te.earning_id) as total_count
			FROM wp_tutor_earnings te
			 INNER JOIN wp_wc_orders_meta wcom ON te.order_id = wcom.order_id 
			WHERE te.process_by = 'tutor' AND wcom.meta_key = '_is_tutor_order_for_course'
		 made by do_action_ref_array('process_by_wc_migrator'), WP_Hook->do_action, WP_Hook->apply_filters, Tutor\Migrations\BatchProcessor->process_batch, Tutor\Migrations\ProcessByWcMigrator->get_total_items, Tutor\Helpers\QueryHelper::get_joined_count
[07-Oct-2025 08:48:32 UTC] PHP Fatal error:  Uncaught Exception: Table 'local.wp_wc_orders_meta' doesn't exist in C:\Users\Constant\Local Sites\cli\app\public\wp-content\plugins\tutor\helpers\QueryHelper.php:1120
Stack trace:
#0 C:\Users\Constant\Local Sites\cli\app\public\wp-content\plugins\tutor\migrations\ProcessByWcMigrator.php(82): Tutor\Helpers\QueryHelper::get_joined_count('tutor_earnings ...', Array, Array, Array, 'te.earning_id')
#1 C:\Users\Constant\Local Sites\cli\app\public\wp-content\plugins\tutor\migrations\BatchProcessor.php(179): Tutor\Migrations\ProcessByWcMigrator->get_total_items()
#2 C:\Users\Constant\Local Sites\cli\app\public\wp-includes\class-wp-hook.php(324): Tutor\Migrations\BatchProcessor->process_batch()
#3 C:\Users\Constant\Local Sites\cli\app\public\wp-includes\class-wp-hook.php(348): WP_Hook->apply_filters('', Array)
#4 C:\Users\Constant\Local Sites\cli\app\public\wp-includes\plugin.php(565): WP_Hook->do_action(Array)
#5 C:\Users\Constant\Local Sites\cli\app\public\wp-cron.php(191): do_action_ref_array('process_by_wc_m...', Array)
#6 {main}
  thrown in C:\Users\Constant\Local Sites\cli\app\public\wp-content\plugins\tutor\helpers\QueryHelper.php on line 1120
[07-Oct-2025 09:00:47 UTC] WordPress database error Table 'local.wp_wc_orders_meta' doesn't exist for query 
			SELECT COUNT(te.earning_id) as total_count
			FROM wp_tutor_earnings te
			 INNER JOIN wp_wc_orders_meta wcom ON te.order_id = wcom.order_id 
			WHERE te.process_by = 'tutor' AND wcom.meta_key = '_is_tutor_order_for_course'
		 made by do_action_ref_array('process_by_wc_migrator'), WP_Hook->do_action, WP_Hook->apply_filters, Tutor\Migrations\BatchProcessor->process_batch, Tutor\Migrations\ProcessByWcMigrator->get_total_items, Tutor\Helpers\QueryHelper::get_joined_count
[07-Oct-2025 09:00:47 UTC] PHP Fatal error:  Uncaught Exception: Table 'local.wp_wc_orders_meta' doesn't exist in C:\Users\Constant\Local Sites\cli\app\public\wp-content\plugins\tutor\helpers\QueryHelper.php:1120
Stack trace:
#0 C:\Users\Constant\Local Sites\cli\app\public\wp-content\plugins\tutor\migrations\ProcessByWcMigrator.php(82): Tutor\Helpers\QueryHelper::get_joined_count('tutor_earnings ...', Array, Array, Array, 'te.earning_id')
#1 C:\Users\Constant\Local Sites\cli\app\public\wp-content\plugins\tutor\migrations\BatchProcessor.php(179): Tutor\Migrations\ProcessByWcMigrator->get_total_items()
#2 C:\Users\Constant\Local Sites\cli\app\public\wp-includes\class-wp-hook.php(324): Tutor\Migrations\BatchProcessor->process_batch()
#3 C:\Users\Constant\Local Sites\cli\app\public\wp-includes\class-wp-hook.php(348): WP_Hook->apply_filters('', Array)
#4 C:\Users\Constant\Local Sites\cli\app\public\wp-includes\plugin.php(565): WP_Hook->do_action(Array)
#5 C:\Users\Constant\Local Sites\cli\app\public\wp-cron.php(191): do_action_ref_array('process_by_wc_m...', Array)
#6 {main}
  thrown in C:\Users\Constant\Local Sites\cli\app\public\wp-content\plugins\tutor\helpers\QueryHelper.php on line 1120
[07-Oct-2025 09:03:39 UTC] WordPress database error Table 'local.wp_wc_orders_meta' doesn't exist for query 
			SELECT COUNT(te.earning_id) as total_count
			FROM wp_tutor_earnings te
			 INNER JOIN wp_wc_orders_meta wcom ON te.order_id = wcom.order_id 
			WHERE te.process_by = 'tutor' AND wcom.meta_key = '_is_tutor_order_for_course'
		 made by do_action_ref_array('process_by_wc_migrator'), WP_Hook->do_action, WP_Hook->apply_filters, Tutor\Migrations\BatchProcessor->process_batch, Tutor\Migrations\ProcessByWcMigrator->get_total_items, Tutor\Helpers\QueryHelper::get_joined_count
[07-Oct-2025 09:03:39 UTC] PHP Fatal error:  Uncaught Exception: Table 'local.wp_wc_orders_meta' doesn't exist in C:\Users\Constant\Local Sites\cli\app\public\wp-content\plugins\tutor\helpers\QueryHelper.php:1120
Stack trace:
#0 C:\Users\Constant\Local Sites\cli\app\public\wp-content\plugins\tutor\migrations\ProcessByWcMigrator.php(82): Tutor\Helpers\QueryHelper::get_joined_count('tutor_earnings ...', Array, Array, Array, 'te.earning_id')
#1 C:\Users\Constant\Local Sites\cli\app\public\wp-content\plugins\tutor\migrations\BatchProcessor.php(179): Tutor\Migrations\ProcessByWcMigrator->get_total_items()
#2 C:\Users\Constant\Local Sites\cli\app\public\wp-includes\class-wp-hook.php(324): Tutor\Migrations\BatchProcessor->process_batch()
#3 C:\Users\Constant\Local Sites\cli\app\public\wp-includes\class-wp-hook.php(348): WP_Hook->apply_filters('', Array)
#4 C:\Users\Constant\Local Sites\cli\app\public\wp-includes\plugin.php(565): WP_Hook->do_action(Array)
#5 C:\Users\Constant\Local Sites\cli\app\public\wp-cron.php(191): do_action_ref_array('process_by_wc_m...', Array)
#6 {main}
  thrown in C:\Users\Constant\Local Sites\cli\app\public\wp-content\plugins\tutor\helpers\QueryHelper.php on line 1120
[07-Oct-2025 09:05:33 UTC] WordPress database error Table 'local.wp_wc_orders_meta' doesn't exist for query 
			SELECT COUNT(te.earning_id) as total_count
			FROM wp_tutor_earnings te
			 INNER JOIN wp_wc_orders_meta wcom ON te.order_id = wcom.order_id 
			WHERE te.process_by = 'tutor' AND wcom.meta_key = '_is_tutor_order_for_course'
		 made by do_action_ref_array('process_by_wc_migrator'), WP_Hook->do_action, WP_Hook->apply_filters, Tutor\Migrations\BatchProcessor->process_batch, Tutor\Migrations\ProcessByWcMigrator->get_total_items, Tutor\Helpers\QueryHelper::get_joined_count
[07-Oct-2025 09:05:33 UTC] PHP Fatal error:  Uncaught Exception: Table 'local.wp_wc_orders_meta' doesn't exist in C:\Users\Constant\Local Sites\cli\app\public\wp-content\plugins\tutor\helpers\QueryHelper.php:1120
Stack trace:
#0 C:\Users\Constant\Local Sites\cli\app\public\wp-content\plugins\tutor\migrations\ProcessByWcMigrator.php(82): Tutor\Helpers\QueryHelper::get_joined_count('tutor_earnings ...', Array, Array, Array, 'te.earning_id')
#1 C:\Users\Constant\Local Sites\cli\app\public\wp-content\plugins\tutor\migrations\BatchProcessor.php(179): Tutor\Migrations\ProcessByWcMigrator->get_total_items()
#2 C:\Users\Constant\Local Sites\cli\app\public\wp-includes\class-wp-hook.php(324): Tutor\Migrations\BatchProcessor->process_batch()
#3 C:\Users\Constant\Local Sites\cli\app\public\wp-includes\class-wp-hook.php(348): WP_Hook->apply_filters('', Array)
#4 C:\Users\Constant\Local Sites\cli\app\public\wp-includes\plugin.php(565): WP_Hook->do_action(Array)
#5 C:\Users\Constant\Local Sites\cli\app\public\wp-cron.php(191): do_action_ref_array('process_by_wc_m...', Array)
#6 {main}
  thrown in C:\Users\Constant\Local Sites\cli\app\public\wp-content\plugins\tutor\helpers\QueryHelper.php on line 1120
[07-Oct-2025 09:05:33 UTC] PHP Warning:  Trying to access array offset on value of type bool in C:\Users\Constant\Local Sites\cli\app\public\wp-content\plugins\edumel-core\inc\elementor\category.php on line 232
[07-Oct-2025 09:10:17 UTC] WordPress database error Table 'local.wp_wc_orders_meta' doesn't exist for query 
			SELECT COUNT(te.earning_id) as total_count
			FROM wp_tutor_earnings te
			 INNER JOIN wp_wc_orders_meta wcom ON te.order_id = wcom.order_id 
			WHERE te.process_by = 'tutor' AND wcom.meta_key = '_is_tutor_order_for_course'
		 made by do_action_ref_array('process_by_wc_migrator'), WP_Hook->do_action, WP_Hook->apply_filters, Tutor\Migrations\BatchProcessor->process_batch, Tutor\Migrations\ProcessByWcMigrator->get_total_items, Tutor\Helpers\QueryHelper::get_joined_count
[07-Oct-2025 09:10:17 UTC] PHP Fatal error:  Uncaught Exception: Table 'local.wp_wc_orders_meta' doesn't exist in C:\Users\Constant\Local Sites\cli\app\public\wp-content\plugins\tutor\helpers\QueryHelper.php:1120
Stack trace:
#0 C:\Users\Constant\Local Sites\cli\app\public\wp-content\plugins\tutor\migrations\ProcessByWcMigrator.php(82): Tutor\Helpers\QueryHelper::get_joined_count('tutor_earnings ...', Array, Array, Array, 'te.earning_id')
#1 C:\Users\Constant\Local Sites\cli\app\public\wp-content\plugins\tutor\migrations\BatchProcessor.php(179): Tutor\Migrations\ProcessByWcMigrator->get_total_items()
#2 C:\Users\Constant\Local Sites\cli\app\public\wp-includes\class-wp-hook.php(324): Tutor\Migrations\BatchProcessor->process_batch()
#3 C:\Users\Constant\Local Sites\cli\app\public\wp-includes\class-wp-hook.php(348): WP_Hook->apply_filters('', Array)
#4 C:\Users\Constant\Local Sites\cli\app\public\wp-includes\plugin.php(565): WP_Hook->do_action(Array)
#5 C:\Users\Constant\Local Sites\cli\app\public\wp-cron.php(191): do_action_ref_array('process_by_wc_m...', Array)
#6 {main}
  thrown in C:\Users\Constant\Local Sites\cli\app\public\wp-content\plugins\tutor\helpers\QueryHelper.php on line 1120
[07-Oct-2025 09:26:56 UTC] WordPress database error Table 'local.wp_wc_orders_meta' doesn't exist for query 
			SELECT COUNT(te.earning_id) as total_count
			FROM wp_tutor_earnings te
			 INNER JOIN wp_wc_orders_meta wcom ON te.order_id = wcom.order_id 
			WHERE te.process_by = 'tutor' AND wcom.meta_key = '_is_tutor_order_for_course'
		 made by do_action_ref_array('process_by_wc_migrator'), WP_Hook->do_action, WP_Hook->apply_filters, Tutor\Migrations\BatchProcessor->process_batch, Tutor\Migrations\ProcessByWcMigrator->get_total_items, Tutor\Helpers\QueryHelper::get_joined_count
[07-Oct-2025 09:26:56 UTC] PHP Fatal error:  Uncaught Exception: Table 'local.wp_wc_orders_meta' doesn't exist in C:\Users\Constant\Local Sites\cli\app\public\wp-content\plugins\tutor\helpers\QueryHelper.php:1120
Stack trace:
#0 C:\Users\Constant\Local Sites\cli\app\public\wp-content\plugins\tutor\migrations\ProcessByWcMigrator.php(82): Tutor\Helpers\QueryHelper::get_joined_count('tutor_earnings ...', Array, Array, Array, 'te.earning_id')
#1 C:\Users\Constant\Local Sites\cli\app\public\wp-content\plugins\tutor\migrations\BatchProcessor.php(179): Tutor\Migrations\ProcessByWcMigrator->get_total_items()
#2 C:\Users\Constant\Local Sites\cli\app\public\wp-includes\class-wp-hook.php(324): Tutor\Migrations\BatchProcessor->process_batch()
#3 C:\Users\Constant\Local Sites\cli\app\public\wp-includes\class-wp-hook.php(348): WP_Hook->apply_filters('', Array)
#4 C:\Users\Constant\Local Sites\cli\app\public\wp-includes\plugin.php(565): WP_Hook->do_action(Array)
#5 C:\Users\Constant\Local Sites\cli\app\public\wp-cron.php(191): do_action_ref_array('process_by_wc_m...', Array)
#6 {main}
  thrown in C:\Users\Constant\Local Sites\cli\app\public\wp-content\plugins\tutor\helpers\QueryHelper.php on line 1120
[07-Oct-2025 09:27:20 UTC] PHP Warning:  Undefined array key "pro-free-trial-popup" in C:\Users\Constant\Local Sites\cli\app\public\wp-content\plugins\elementor\modules\pro-free-trial-popup\module.php on line 118
[07-Oct-2025 09:27:20 UTC] PHP Warning:  Trying to access array offset on value of type null in C:\Users\Constant\Local Sites\cli\app\public\wp-content\plugins\elementor\modules\pro-free-trial-popup\module.php on line 118
[07-Oct-2025 09:27:20 UTC] PHP Warning:  Trying to access array offset on value of type null in C:\Users\Constant\Local Sites\cli\app\public\wp-content\plugins\elementor\modules\pro-free-trial-popup\module.php on line 118
[07-Oct-2025 09:28:06 UTC] WordPress database error Table 'local.wp_wc_orders_meta' doesn't exist for query 
			SELECT COUNT(te.earning_id) as total_count
			FROM wp_tutor_earnings te
			 INNER JOIN wp_wc_orders_meta wcom ON te.order_id = wcom.order_id 
			WHERE te.process_by = 'tutor' AND wcom.meta_key = '_is_tutor_order_for_course'
		 made by do_action_ref_array('process_by_wc_migrator'), WP_Hook->do_action, WP_Hook->apply_filters, Tutor\Migrations\BatchProcessor->process_batch, Tutor\Migrations\ProcessByWcMigrator->get_total_items, Tutor\Helpers\QueryHelper::get_joined_count
[07-Oct-2025 09:28:06 UTC] PHP Fatal error:  Uncaught Exception: Table 'local.wp_wc_orders_meta' doesn't exist in C:\Users\Constant\Local Sites\cli\app\public\wp-content\plugins\tutor\helpers\QueryHelper.php:1120
Stack trace:
#0 C:\Users\Constant\Local Sites\cli\app\public\wp-content\plugins\tutor\migrations\ProcessByWcMigrator.php(82): Tutor\Helpers\QueryHelper::get_joined_count('tutor_earnings ...', Array, Array, Array, 'te.earning_id')
#1 C:\Users\Constant\Local Sites\cli\app\public\wp-content\plugins\tutor\migrations\BatchProcessor.php(179): Tutor\Migrations\ProcessByWcMigrator->get_total_items()
#2 C:\Users\Constant\Local Sites\cli\app\public\wp-includes\class-wp-hook.php(324): Tutor\Migrations\BatchProcessor->process_batch()
#3 C:\Users\Constant\Local Sites\cli\app\public\wp-includes\class-wp-hook.php(348): WP_Hook->apply_filters('', Array)
#4 C:\Users\Constant\Local Sites\cli\app\public\wp-includes\plugin.php(565): WP_Hook->do_action(Array)
#5 C:\Users\Constant\Local Sites\cli\app\public\wp-cron.php(191): do_action_ref_array('process_by_wc_m...', Array)
#6 {main}
  thrown in C:\Users\Constant\Local Sites\cli\app\public\wp-content\plugins\tutor\helpers\QueryHelper.php on line 1120
[07-Oct-2025 09:29:15 UTC] WordPress database error Table 'local.wp_wc_orders_meta' doesn't exist for query 
			SELECT COUNT(te.earning_id) as total_count
			FROM wp_tutor_earnings te
			 INNER JOIN wp_wc_orders_meta wcom ON te.order_id = wcom.order_id 
			WHERE te.process_by = 'tutor' AND wcom.meta_key = '_is_tutor_order_for_course'
		 made by do_action_ref_array('process_by_wc_migrator'), WP_Hook->do_action, WP_Hook->apply_filters, Tutor\Migrations\BatchProcessor->process_batch, Tutor\Migrations\ProcessByWcMigrator->get_total_items, Tutor\Helpers\QueryHelper::get_joined_count
[07-Oct-2025 09:29:15 UTC] PHP Fatal error:  Uncaught Exception: Table 'local.wp_wc_orders_meta' doesn't exist in C:\Users\Constant\Local Sites\cli\app\public\wp-content\plugins\tutor\helpers\QueryHelper.php:1120
Stack trace:
#0 C:\Users\Constant\Local Sites\cli\app\public\wp-content\plugins\tutor\migrations\ProcessByWcMigrator.php(82): Tutor\Helpers\QueryHelper::get_joined_count('tutor_earnings ...', Array, Array, Array, 'te.earning_id')
#1 C:\Users\Constant\Local Sites\cli\app\public\wp-content\plugins\tutor\migrations\BatchProcessor.php(179): Tutor\Migrations\ProcessByWcMigrator->get_total_items()
#2 C:\Users\Constant\Local Sites\cli\app\public\wp-includes\class-wp-hook.php(324): Tutor\Migrations\BatchProcessor->process_batch()
#3 C:\Users\Constant\Local Sites\cli\app\public\wp-includes\class-wp-hook.php(348): WP_Hook->apply_filters('', Array)
#4 C:\Users\Constant\Local Sites\cli\app\public\wp-includes\plugin.php(565): WP_Hook->do_action(Array)
#5 C:\Users\Constant\Local Sites\cli\app\public\wp-cron.php(191): do_action_ref_array('process_by_wc_m...', Array)
#6 {main}
  thrown in C:\Users\Constant\Local Sites\cli\app\public\wp-content\plugins\tutor\helpers\QueryHelper.php on line 1120
[07-Oct-2025 09:30:20 UTC] WordPress database error Table 'local.wp_wc_orders_meta' doesn't exist for query 
			SELECT COUNT(te.earning_id) as total_count
			FROM wp_tutor_earnings te
			 INNER JOIN wp_wc_orders_meta wcom ON te.order_id = wcom.order_id 
			WHERE te.process_by = 'tutor' AND wcom.meta_key = '_is_tutor_order_for_course'
		 made by do_action_ref_array('process_by_wc_migrator'), WP_Hook->do_action, WP_Hook->apply_filters, Tutor\Migrations\BatchProcessor->process_batch, Tutor\Migrations\ProcessByWcMigrator->get_total_items, Tutor\Helpers\QueryHelper::get_joined_count
[07-Oct-2025 09:30:20 UTC] PHP Fatal error:  Uncaught Exception: Table 'local.wp_wc_orders_meta' doesn't exist in C:\Users\Constant\Local Sites\cli\app\public\wp-content\plugins\tutor\helpers\QueryHelper.php:1120
Stack trace:
#0 C:\Users\Constant\Local Sites\cli\app\public\wp-content\plugins\tutor\migrations\ProcessByWcMigrator.php(82): Tutor\Helpers\QueryHelper::get_joined_count('tutor_earnings ...', Array, Array, Array, 'te.earning_id')
#1 C:\Users\Constant\Local Sites\cli\app\public\wp-content\plugins\tutor\migrations\BatchProcessor.php(179): Tutor\Migrations\ProcessByWcMigrator->get_total_items()
#2 C:\Users\Constant\Local Sites\cli\app\public\wp-includes\class-wp-hook.php(324): Tutor\Migrations\BatchProcessor->process_batch()
#3 C:\Users\Constant\Local Sites\cli\app\public\wp-includes\class-wp-hook.php(348): WP_Hook->apply_filters('', Array)
#4 C:\Users\Constant\Local Sites\cli\app\public\wp-includes\plugin.php(565): WP_Hook->do_action(Array)
#5 C:\Users\Constant\Local Sites\cli\app\public\wp-cron.php(191): do_action_ref_array('process_by_wc_m...', Array)
#6 {main}
  thrown in C:\Users\Constant\Local Sites\cli\app\public\wp-content\plugins\tutor\helpers\QueryHelper.php on line 1120
[07-Oct-2025 09:31:20 UTC] WordPress database error Table 'local.wp_wc_orders_meta' doesn't exist for query 
			SELECT COUNT(te.earning_id) as total_count
			FROM wp_tutor_earnings te
			 INNER JOIN wp_wc_orders_meta wcom ON te.order_id = wcom.order_id 
			WHERE te.process_by = 'tutor' AND wcom.meta_key = '_is_tutor_order_for_course'
		 made by do_action_ref_array('process_by_wc_migrator'), WP_Hook->do_action, WP_Hook->apply_filters, Tutor\Migrations\BatchProcessor->process_batch, Tutor\Migrations\ProcessByWcMigrator->get_total_items, Tutor\Helpers\QueryHelper::get_joined_count
[07-Oct-2025 09:31:20 UTC] PHP Fatal error:  Uncaught Exception: Table 'local.wp_wc_orders_meta' doesn't exist in C:\Users\Constant\Local Sites\cli\app\public\wp-content\plugins\tutor\helpers\QueryHelper.php:1120
Stack trace:
#0 C:\Users\Constant\Local Sites\cli\app\public\wp-content\plugins\tutor\migrations\ProcessByWcMigrator.php(82): Tutor\Helpers\QueryHelper::get_joined_count('tutor_earnings ...', Array, Array, Array, 'te.earning_id')
#1 C:\Users\Constant\Local Sites\cli\app\public\wp-content\plugins\tutor\migrations\BatchProcessor.php(179): Tutor\Migrations\ProcessByWcMigrator->get_total_items()
#2 C:\Users\Constant\Local Sites\cli\app\public\wp-includes\class-wp-hook.php(324): Tutor\Migrations\BatchProcessor->process_batch()
#3 C:\Users\Constant\Local Sites\cli\app\public\wp-includes\class-wp-hook.php(348): WP_Hook->apply_filters('', Array)
#4 C:\Users\Constant\Local Sites\cli\app\public\wp-includes\plugin.php(565): WP_Hook->do_action(Array)
#5 C:\Users\Constant\Local Sites\cli\app\public\wp-cron.php(191): do_action_ref_array('process_by_wc_m...', Array)
#6 {main}
  thrown in C:\Users\Constant\Local Sites\cli\app\public\wp-content\plugins\tutor\helpers\QueryHelper.php on line 1120
[07-Oct-2025 09:32:20 UTC] WordPress database error Table 'local.wp_wc_orders_meta' doesn't exist for query 
			SELECT COUNT(te.earning_id) as total_count
			FROM wp_tutor_earnings te
			 INNER JOIN wp_wc_orders_meta wcom ON te.order_id = wcom.order_id 
			WHERE te.process_by = 'tutor' AND wcom.meta_key = '_is_tutor_order_for_course'
		 made by do_action_ref_array('process_by_wc_migrator'), WP_Hook->do_action, WP_Hook->apply_filters, Tutor\Migrations\BatchProcessor->process_batch, Tutor\Migrations\ProcessByWcMigrator->get_total_items, Tutor\Helpers\QueryHelper::get_joined_count
[07-Oct-2025 09:32:20 UTC] PHP Fatal error:  Uncaught Exception: Table 'local.wp_wc_orders_meta' doesn't exist in C:\Users\Constant\Local Sites\cli\app\public\wp-content\plugins\tutor\helpers\QueryHelper.php:1120
Stack trace:
#0 C:\Users\Constant\Local Sites\cli\app\public\wp-content\plugins\tutor\migrations\ProcessByWcMigrator.php(82): Tutor\Helpers\QueryHelper::get_joined_count('tutor_earnings ...', Array, Array, Array, 'te.earning_id')
#1 C:\Users\Constant\Local Sites\cli\app\public\wp-content\plugins\tutor\migrations\BatchProcessor.php(179): Tutor\Migrations\ProcessByWcMigrator->get_total_items()
#2 C:\Users\Constant\Local Sites\cli\app\public\wp-includes\class-wp-hook.php(324): Tutor\Migrations\BatchProcessor->process_batch()
#3 C:\Users\Constant\Local Sites\cli\app\public\wp-includes\class-wp-hook.php(348): WP_Hook->apply_filters('', Array)
#4 C:\Users\Constant\Local Sites\cli\app\public\wp-includes\plugin.php(565): WP_Hook->do_action(Array)
#5 C:\Users\Constant\Local Sites\cli\app\public\wp-cron.php(191): do_action_ref_array('process_by_wc_m...', Array)
#6 {main}
  thrown in C:\Users\Constant\Local Sites\cli\app\public\wp-content\plugins\tutor\helpers\QueryHelper.php on line 1120
[07-Oct-2025 09:33:20 UTC] WordPress database error Table 'local.wp_wc_orders_meta' doesn't exist for query 
			SELECT COUNT(te.earning_id) as total_count
			FROM wp_tutor_earnings te
			 INNER JOIN wp_wc_orders_meta wcom ON te.order_id = wcom.order_id 
			WHERE te.process_by = 'tutor' AND wcom.meta_key = '_is_tutor_order_for_course'
		 made by do_action_ref_array('process_by_wc_migrator'), WP_Hook->do_action, WP_Hook->apply_filters, Tutor\Migrations\BatchProcessor->process_batch, Tutor\Migrations\ProcessByWcMigrator->get_total_items, Tutor\Helpers\QueryHelper::get_joined_count
[07-Oct-2025 09:33:20 UTC] PHP Fatal error:  Uncaught Exception: Table 'local.wp_wc_orders_meta' doesn't exist in C:\Users\Constant\Local Sites\cli\app\public\wp-content\plugins\tutor\helpers\QueryHelper.php:1120
Stack trace:
#0 C:\Users\Constant\Local Sites\cli\app\public\wp-content\plugins\tutor\migrations\ProcessByWcMigrator.php(82): Tutor\Helpers\QueryHelper::get_joined_count('tutor_earnings ...', Array, Array, Array, 'te.earning_id')
#1 C:\Users\Constant\Local Sites\cli\app\public\wp-content\plugins\tutor\migrations\BatchProcessor.php(179): Tutor\Migrations\ProcessByWcMigrator->get_total_items()
#2 C:\Users\Constant\Local Sites\cli\app\public\wp-includes\class-wp-hook.php(324): Tutor\Migrations\BatchProcessor->process_batch()
#3 C:\Users\Constant\Local Sites\cli\app\public\wp-includes\class-wp-hook.php(348): WP_Hook->apply_filters('', Array)
#4 C:\Users\Constant\Local Sites\cli\app\public\wp-includes\plugin.php(565): WP_Hook->do_action(Array)
#5 C:\Users\Constant\Local Sites\cli\app\public\wp-cron.php(191): do_action_ref_array('process_by_wc_m...', Array)
#6 {main}
  thrown in C:\Users\Constant\Local Sites\cli\app\public\wp-content\plugins\tutor\helpers\QueryHelper.php on line 1120
[07-Oct-2025 09:34:20 UTC] WordPress database error Table 'local.wp_wc_orders_meta' doesn't exist for query 
			SELECT COUNT(te.earning_id) as total_count
			FROM wp_tutor_earnings te
			 INNER JOIN wp_wc_orders_meta wcom ON te.order_id = wcom.order_id 
			WHERE te.process_by = 'tutor' AND wcom.meta_key = '_is_tutor_order_for_course'
		 made by do_action_ref_array('process_by_wc_migrator'), WP_Hook->do_action, WP_Hook->apply_filters, Tutor\Migrations\BatchProcessor->process_batch, Tutor\Migrations\ProcessByWcMigrator->get_total_items, Tutor\Helpers\QueryHelper::get_joined_count
[07-Oct-2025 09:34:20 UTC] PHP Fatal error:  Uncaught Exception: Table 'local.wp_wc_orders_meta' doesn't exist in C:\Users\Constant\Local Sites\cli\app\public\wp-content\plugins\tutor\helpers\QueryHelper.php:1120
Stack trace:
#0 C:\Users\Constant\Local Sites\cli\app\public\wp-content\plugins\tutor\migrations\ProcessByWcMigrator.php(82): Tutor\Helpers\QueryHelper::get_joined_count('tutor_earnings ...', Array, Array, Array, 'te.earning_id')
#1 C:\Users\Constant\Local Sites\cli\app\public\wp-content\plugins\tutor\migrations\BatchProcessor.php(179): Tutor\Migrations\ProcessByWcMigrator->get_total_items()
#2 C:\Users\Constant\Local Sites\cli\app\public\wp-includes\class-wp-hook.php(324): Tutor\Migrations\BatchProcessor->process_batch()
#3 C:\Users\Constant\Local Sites\cli\app\public\wp-includes\class-wp-hook.php(348): WP_Hook->apply_filters('', Array)
#4 C:\Users\Constant\Local Sites\cli\app\public\wp-includes\plugin.php(565): WP_Hook->do_action(Array)
#5 C:\Users\Constant\Local Sites\cli\app\public\wp-cron.php(191): do_action_ref_array('process_by_wc_m...', Array)
#6 {main}
  thrown in C:\Users\Constant\Local Sites\cli\app\public\wp-content\plugins\tutor\helpers\QueryHelper.php on line 1120
[07-Oct-2025 09:35:20 UTC] WordPress database error Table 'local.wp_wc_orders_meta' doesn't exist for query 
			SELECT COUNT(te.earning_id) as total_count
			FROM wp_tutor_earnings te
			 INNER JOIN wp_wc_orders_meta wcom ON te.order_id = wcom.order_id 
			WHERE te.process_by = 'tutor' AND wcom.meta_key = '_is_tutor_order_for_course'
		 made by do_action_ref_array('process_by_wc_migrator'), WP_Hook->do_action, WP_Hook->apply_filters, Tutor\Migrations\BatchProcessor->process_batch, Tutor\Migrations\ProcessByWcMigrator->get_total_items, Tutor\Helpers\QueryHelper::get_joined_count
[07-Oct-2025 09:35:20 UTC] PHP Fatal error:  Uncaught Exception: Table 'local.wp_wc_orders_meta' doesn't exist in C:\Users\Constant\Local Sites\cli\app\public\wp-content\plugins\tutor\helpers\QueryHelper.php:1120
Stack trace:
#0 C:\Users\Constant\Local Sites\cli\app\public\wp-content\plugins\tutor\migrations\ProcessByWcMigrator.php(82): Tutor\Helpers\QueryHelper::get_joined_count('tutor_earnings ...', Array, Array, Array, 'te.earning_id')
#1 C:\Users\Constant\Local Sites\cli\app\public\wp-content\plugins\tutor\migrations\BatchProcessor.php(179): Tutor\Migrations\ProcessByWcMigrator->get_total_items()
#2 C:\Users\Constant\Local Sites\cli\app\public\wp-includes\class-wp-hook.php(324): Tutor\Migrations\BatchProcessor->process_batch()
#3 C:\Users\Constant\Local Sites\cli\app\public\wp-includes\class-wp-hook.php(348): WP_Hook->apply_filters('', Array)
#4 C:\Users\Constant\Local Sites\cli\app\public\wp-includes\plugin.php(565): WP_Hook->do_action(Array)
#5 C:\Users\Constant\Local Sites\cli\app\public\wp-cron.php(191): do_action_ref_array('process_by_wc_m...', Array)
#6 {main}
  thrown in C:\Users\Constant\Local Sites\cli\app\public\wp-content\plugins\tutor\helpers\QueryHelper.php on line 1120
[07-Oct-2025 09:36:20 UTC] WordPress database error Table 'local.wp_wc_orders_meta' doesn't exist for query 
			SELECT COUNT(te.earning_id) as total_count
			FROM wp_tutor_earnings te
			 INNER JOIN wp_wc_orders_meta wcom ON te.order_id = wcom.order_id 
			WHERE te.process_by = 'tutor' AND wcom.meta_key = '_is_tutor_order_for_course'
		 made by do_action_ref_array('process_by_wc_migrator'), WP_Hook->do_action, WP_Hook->apply_filters, Tutor\Migrations\BatchProcessor->process_batch, Tutor\Migrations\ProcessByWcMigrator->get_total_items, Tutor\Helpers\QueryHelper::get_joined_count
[07-Oct-2025 09:36:20 UTC] PHP Fatal error:  Uncaught Exception: Table 'local.wp_wc_orders_meta' doesn't exist in C:\Users\Constant\Local Sites\cli\app\public\wp-content\plugins\tutor\helpers\QueryHelper.php:1120
Stack trace:
#0 C:\Users\Constant\Local Sites\cli\app\public\wp-content\plugins\tutor\migrations\ProcessByWcMigrator.php(82): Tutor\Helpers\QueryHelper::get_joined_count('tutor_earnings ...', Array, Array, Array, 'te.earning_id')
#1 C:\Users\Constant\Local Sites\cli\app\public\wp-content\plugins\tutor\migrations\BatchProcessor.php(179): Tutor\Migrations\ProcessByWcMigrator->get_total_items()
#2 C:\Users\Constant\Local Sites\cli\app\public\wp-includes\class-wp-hook.php(324): Tutor\Migrations\BatchProcessor->process_batch()
#3 C:\Users\Constant\Local Sites\cli\app\public\wp-includes\class-wp-hook.php(348): WP_Hook->apply_filters('', Array)
#4 C:\Users\Constant\Local Sites\cli\app\public\wp-includes\plugin.php(565): WP_Hook->do_action(Array)
#5 C:\Users\Constant\Local Sites\cli\app\public\wp-cron.php(191): do_action_ref_array('process_by_wc_m...', Array)
#6 {main}
  thrown in C:\Users\Constant\Local Sites\cli\app\public\wp-content\plugins\tutor\helpers\QueryHelper.php on line 1120
[07-Oct-2025 09:37:20 UTC] WordPress database error Table 'local.wp_wc_orders_meta' doesn't exist for query 
			SELECT COUNT(te.earning_id) as total_count
			FROM wp_tutor_earnings te
			 INNER JOIN wp_wc_orders_meta wcom ON te.order_id = wcom.order_id 
			WHERE te.process_by = 'tutor' AND wcom.meta_key = '_is_tutor_order_for_course'
		 made by do_action_ref_array('process_by_wc_migrator'), WP_Hook->do_action, WP_Hook->apply_filters, Tutor\Migrations\BatchProcessor->process_batch, Tutor\Migrations\ProcessByWcMigrator->get_total_items, Tutor\Helpers\QueryHelper::get_joined_count
[07-Oct-2025 09:37:20 UTC] PHP Fatal error:  Uncaught Exception: Table 'local.wp_wc_orders_meta' doesn't exist in C:\Users\Constant\Local Sites\cli\app\public\wp-content\plugins\tutor\helpers\QueryHelper.php:1120
Stack trace:
#0 C:\Users\Constant\Local Sites\cli\app\public\wp-content\plugins\tutor\migrations\ProcessByWcMigrator.php(82): Tutor\Helpers\QueryHelper::get_joined_count('tutor_earnings ...', Array, Array, Array, 'te.earning_id')
#1 C:\Users\Constant\Local Sites\cli\app\public\wp-content\plugins\tutor\migrations\BatchProcessor.php(179): Tutor\Migrations\ProcessByWcMigrator->get_total_items()
#2 C:\Users\Constant\Local Sites\cli\app\public\wp-includes\class-wp-hook.php(324): Tutor\Migrations\BatchProcessor->process_batch()
#3 C:\Users\Constant\Local Sites\cli\app\public\wp-includes\class-wp-hook.php(348): WP_Hook->apply_filters('', Array)
#4 C:\Users\Constant\Local Sites\cli\app\public\wp-includes\plugin.php(565): WP_Hook->do_action(Array)
#5 C:\Users\Constant\Local Sites\cli\app\public\wp-cron.php(191): do_action_ref_array('process_by_wc_m...', Array)
#6 {main}
  thrown in C:\Users\Constant\Local Sites\cli\app\public\wp-content\plugins\tutor\helpers\QueryHelper.php on line 1120
[07-Oct-2025 09:38:20 UTC] WordPress database error Table 'local.wp_wc_orders_meta' doesn't exist for query 
			SELECT COUNT(te.earning_id) as total_count
			FROM wp_tutor_earnings te
			 INNER JOIN wp_wc_orders_meta wcom ON te.order_id = wcom.order_id 
			WHERE te.process_by = 'tutor' AND wcom.meta_key = '_is_tutor_order_for_course'
		 made by do_action_ref_array('process_by_wc_migrator'), WP_Hook->do_action, WP_Hook->apply_filters, Tutor\Migrations\BatchProcessor->process_batch, Tutor\Migrations\ProcessByWcMigrator->get_total_items, Tutor\Helpers\QueryHelper::get_joined_count
[07-Oct-2025 09:38:20 UTC] PHP Fatal error:  Uncaught Exception: Table 'local.wp_wc_orders_meta' doesn't exist in C:\Users\Constant\Local Sites\cli\app\public\wp-content\plugins\tutor\helpers\QueryHelper.php:1120
Stack trace:
#0 C:\Users\Constant\Local Sites\cli\app\public\wp-content\plugins\tutor\migrations\ProcessByWcMigrator.php(82): Tutor\Helpers\QueryHelper::get_joined_count('tutor_earnings ...', Array, Array, Array, 'te.earning_id')
#1 C:\Users\Constant\Local Sites\cli\app\public\wp-content\plugins\tutor\migrations\BatchProcessor.php(179): Tutor\Migrations\ProcessByWcMigrator->get_total_items()
#2 C:\Users\Constant\Local Sites\cli\app\public\wp-includes\class-wp-hook.php(324): Tutor\Migrations\BatchProcessor->process_batch()
#3 C:\Users\Constant\Local Sites\cli\app\public\wp-includes\class-wp-hook.php(348): WP_Hook->apply_filters('', Array)
#4 C:\Users\Constant\Local Sites\cli\app\public\wp-includes\plugin.php(565): WP_Hook->do_action(Array)
#5 C:\Users\Constant\Local Sites\cli\app\public\wp-cron.php(191): do_action_ref_array('process_by_wc_m...', Array)
#6 {main}
  thrown in C:\Users\Constant\Local Sites\cli\app\public\wp-content\plugins\tutor\helpers\QueryHelper.php on line 1120
[07-Oct-2025 09:39:20 UTC] WordPress database error Table 'local.wp_wc_orders_meta' doesn't exist for query 
			SELECT COUNT(te.earning_id) as total_count
			FROM wp_tutor_earnings te
			 INNER JOIN wp_wc_orders_meta wcom ON te.order_id = wcom.order_id 
			WHERE te.process_by = 'tutor' AND wcom.meta_key = '_is_tutor_order_for_course'
		 made by do_action_ref_array('process_by_wc_migrator'), WP_Hook->do_action, WP_Hook->apply_filters, Tutor\Migrations\BatchProcessor->process_batch, Tutor\Migrations\ProcessByWcMigrator->get_total_items, Tutor\Helpers\QueryHelper::get_joined_count
[07-Oct-2025 09:39:20 UTC] PHP Fatal error:  Uncaught Exception: Table 'local.wp_wc_orders_meta' doesn't exist in C:\Users\Constant\Local Sites\cli\app\public\wp-content\plugins\tutor\helpers\QueryHelper.php:1120
Stack trace:
#0 C:\Users\Constant\Local Sites\cli\app\public\wp-content\plugins\tutor\migrations\ProcessByWcMigrator.php(82): Tutor\Helpers\QueryHelper::get_joined_count('tutor_earnings ...', Array, Array, Array, 'te.earning_id')
#1 C:\Users\Constant\Local Sites\cli\app\public\wp-content\plugins\tutor\migrations\BatchProcessor.php(179): Tutor\Migrations\ProcessByWcMigrator->get_total_items()
#2 C:\Users\Constant\Local Sites\cli\app\public\wp-includes\class-wp-hook.php(324): Tutor\Migrations\BatchProcessor->process_batch()
#3 C:\Users\Constant\Local Sites\cli\app\public\wp-includes\class-wp-hook.php(348): WP_Hook->apply_filters('', Array)
#4 C:\Users\Constant\Local Sites\cli\app\public\wp-includes\plugin.php(565): WP_Hook->do_action(Array)
#5 C:\Users\Constant\Local Sites\cli\app\public\wp-cron.php(191): do_action_ref_array('process_by_wc_m...', Array)
#6 {main}
  thrown in C:\Users\Constant\Local Sites\cli\app\public\wp-content\plugins\tutor\helpers\QueryHelper.php on line 1120
[07-Oct-2025 09:40:20 UTC] WordPress database error Table 'local.wp_wc_orders_meta' doesn't exist for query 
			SELECT COUNT(te.earning_id) as total_count
			FROM wp_tutor_earnings te
			 INNER JOIN wp_wc_orders_meta wcom ON te.order_id = wcom.order_id 
			WHERE te.process_by = 'tutor' AND wcom.meta_key = '_is_tutor_order_for_course'
		 made by do_action_ref_array('process_by_wc_migrator'), WP_Hook->do_action, WP_Hook->apply_filters, Tutor\Migrations\BatchProcessor->process_batch, Tutor\Migrations\ProcessByWcMigrator->get_total_items, Tutor\Helpers\QueryHelper::get_joined_count
[07-Oct-2025 09:40:20 UTC] PHP Fatal error:  Uncaught Exception: Table 'local.wp_wc_orders_meta' doesn't exist in C:\Users\Constant\Local Sites\cli\app\public\wp-content\plugins\tutor\helpers\QueryHelper.php:1120
Stack trace:
#0 C:\Users\Constant\Local Sites\cli\app\public\wp-content\plugins\tutor\migrations\ProcessByWcMigrator.php(82): Tutor\Helpers\QueryHelper::get_joined_count('tutor_earnings ...', Array, Array, Array, 'te.earning_id')
#1 C:\Users\Constant\Local Sites\cli\app\public\wp-content\plugins\tutor\migrations\BatchProcessor.php(179): Tutor\Migrations\ProcessByWcMigrator->get_total_items()
#2 C:\Users\Constant\Local Sites\cli\app\public\wp-includes\class-wp-hook.php(324): Tutor\Migrations\BatchProcessor->process_batch()
#3 C:\Users\Constant\Local Sites\cli\app\public\wp-includes\class-wp-hook.php(348): WP_Hook->apply_filters('', Array)
#4 C:\Users\Constant\Local Sites\cli\app\public\wp-includes\plugin.php(565): WP_Hook->do_action(Array)
#5 C:\Users\Constant\Local Sites\cli\app\public\wp-cron.php(191): do_action_ref_array('process_by_wc_m...', Array)
#6 {main}
  thrown in C:\Users\Constant\Local Sites\cli\app\public\wp-content\plugins\tutor\helpers\QueryHelper.php on line 1120
[07-Oct-2025 09:41:20 UTC] WordPress database error Table 'local.wp_wc_orders_meta' doesn't exist for query 
			SELECT COUNT(te.earning_id) as total_count
			FROM wp_tutor_earnings te
			 INNER JOIN wp_wc_orders_meta wcom ON te.order_id = wcom.order_id 
			WHERE te.process_by = 'tutor' AND wcom.meta_key = '_is_tutor_order_for_course'
		 made by do_action_ref_array('process_by_wc_migrator'), WP_Hook->do_action, WP_Hook->apply_filters, Tutor\Migrations\BatchProcessor->process_batch, Tutor\Migrations\ProcessByWcMigrator->get_total_items, Tutor\Helpers\QueryHelper::get_joined_count
[07-Oct-2025 09:41:20 UTC] PHP Fatal error:  Uncaught Exception: Table 'local.wp_wc_orders_meta' doesn't exist in C:\Users\Constant\Local Sites\cli\app\public\wp-content\plugins\tutor\helpers\QueryHelper.php:1120
Stack trace:
#0 C:\Users\Constant\Local Sites\cli\app\public\wp-content\plugins\tutor\migrations\ProcessByWcMigrator.php(82): Tutor\Helpers\QueryHelper::get_joined_count('tutor_earnings ...', Array, Array, Array, 'te.earning_id')
#1 C:\Users\Constant\Local Sites\cli\app\public\wp-content\plugins\tutor\migrations\BatchProcessor.php(179): Tutor\Migrations\ProcessByWcMigrator->get_total_items()
#2 C:\Users\Constant\Local Sites\cli\app\public\wp-includes\class-wp-hook.php(324): Tutor\Migrations\BatchProcessor->process_batch()
#3 C:\Users\Constant\Local Sites\cli\app\public\wp-includes\class-wp-hook.php(348): WP_Hook->apply_filters('', Array)
#4 C:\Users\Constant\Local Sites\cli\app\public\wp-includes\plugin.php(565): WP_Hook->do_action(Array)
#5 C:\Users\Constant\Local Sites\cli\app\public\wp-cron.php(191): do_action_ref_array('process_by_wc_m...', Array)
#6 {main}
  thrown in C:\Users\Constant\Local Sites\cli\app\public\wp-content\plugins\tutor\helpers\QueryHelper.php on line 1120
[07-Oct-2025 09:42:20 UTC] WordPress database error Table 'local.wp_wc_orders_meta' doesn't exist for query 
			SELECT COUNT(te.earning_id) as total_count
			FROM wp_tutor_earnings te
			 INNER JOIN wp_wc_orders_meta wcom ON te.order_id = wcom.order_id 
			WHERE te.process_by = 'tutor' AND wcom.meta_key = '_is_tutor_order_for_course'
		 made by do_action_ref_array('process_by_wc_migrator'), WP_Hook->do_action, WP_Hook->apply_filters, Tutor\Migrations\BatchProcessor->process_batch, Tutor\Migrations\ProcessByWcMigrator->get_total_items, Tutor\Helpers\QueryHelper::get_joined_count
[07-Oct-2025 09:42:20 UTC] PHP Fatal error:  Uncaught Exception: Table 'local.wp_wc_orders_meta' doesn't exist in C:\Users\Constant\Local Sites\cli\app\public\wp-content\plugins\tutor\helpers\QueryHelper.php:1120
Stack trace:
#0 C:\Users\Constant\Local Sites\cli\app\public\wp-content\plugins\tutor\migrations\ProcessByWcMigrator.php(82): Tutor\Helpers\QueryHelper::get_joined_count('tutor_earnings ...', Array, Array, Array, 'te.earning_id')
#1 C:\Users\Constant\Local Sites\cli\app\public\wp-content\plugins\tutor\migrations\BatchProcessor.php(179): Tutor\Migrations\ProcessByWcMigrator->get_total_items()
#2 C:\Users\Constant\Local Sites\cli\app\public\wp-includes\class-wp-hook.php(324): Tutor\Migrations\BatchProcessor->process_batch()
#3 C:\Users\Constant\Local Sites\cli\app\public\wp-includes\class-wp-hook.php(348): WP_Hook->apply_filters('', Array)
#4 C:\Users\Constant\Local Sites\cli\app\public\wp-includes\plugin.php(565): WP_Hook->do_action(Array)
#5 C:\Users\Constant\Local Sites\cli\app\public\wp-cron.php(191): do_action_ref_array('process_by_wc_m...', Array)
#6 {main}
  thrown in C:\Users\Constant\Local Sites\cli\app\public\wp-content\plugins\tutor\helpers\QueryHelper.php on line 1120
[07-Oct-2025 09:54:59 UTC] WordPress database error Table 'local.wp_wc_orders_meta' doesn't exist for query 
			SELECT COUNT(te.earning_id) as total_count
			FROM wp_tutor_earnings te
			 INNER JOIN wp_wc_orders_meta wcom ON te.order_id = wcom.order_id 
			WHERE te.process_by = 'tutor' AND wcom.meta_key = '_is_tutor_order_for_course'
		 made by do_action_ref_array('process_by_wc_migrator'), WP_Hook->do_action, WP_Hook->apply_filters, Tutor\Migrations\BatchProcessor->process_batch, Tutor\Migrations\ProcessByWcMigrator->get_total_items, Tutor\Helpers\QueryHelper::get_joined_count
[07-Oct-2025 09:54:59 UTC] PHP Fatal error:  Uncaught Exception: Table 'local.wp_wc_orders_meta' doesn't exist in C:\Users\Constant\Local Sites\cli\app\public\wp-content\plugins\tutor\helpers\QueryHelper.php:1120
Stack trace:
#0 C:\Users\Constant\Local Sites\cli\app\public\wp-content\plugins\tutor\migrations\ProcessByWcMigrator.php(82): Tutor\Helpers\QueryHelper::get_joined_count('tutor_earnings ...', Array, Array, Array, 'te.earning_id')
#1 C:\Users\Constant\Local Sites\cli\app\public\wp-content\plugins\tutor\migrations\BatchProcessor.php(179): Tutor\Migrations\ProcessByWcMigrator->get_total_items()
#2 C:\Users\Constant\Local Sites\cli\app\public\wp-includes\class-wp-hook.php(324): Tutor\Migrations\BatchProcessor->process_batch()
#3 C:\Users\Constant\Local Sites\cli\app\public\wp-includes\class-wp-hook.php(348): WP_Hook->apply_filters('', Array)
#4 C:\Users\Constant\Local Sites\cli\app\public\wp-includes\plugin.php(565): WP_Hook->do_action(Array)
#5 C:\Users\Constant\Local Sites\cli\app\public\wp-cron.php(191): do_action_ref_array('process_by_wc_m...', Array)
#6 {main}
  thrown in C:\Users\Constant\Local Sites\cli\app\public\wp-content\plugins\tutor\helpers\QueryHelper.php on line 1120
[07-Oct-2025 09:56:09 UTC] WordPress database error Table 'local.wp_wc_orders_meta' doesn't exist for query 
			SELECT COUNT(te.earning_id) as total_count
			FROM wp_tutor_earnings te
			 INNER JOIN wp_wc_orders_meta wcom ON te.order_id = wcom.order_id 
			WHERE te.process_by = 'tutor' AND wcom.meta_key = '_is_tutor_order_for_course'
		 made by do_action_ref_array('process_by_wc_migrator'), WP_Hook->do_action, WP_Hook->apply_filters, Tutor\Migrations\BatchProcessor->process_batch, Tutor\Migrations\ProcessByWcMigrator->get_total_items, Tutor\Helpers\QueryHelper::get_joined_count
[07-Oct-2025 09:56:09 UTC] PHP Fatal error:  Uncaught Exception: Table 'local.wp_wc_orders_meta' doesn't exist in C:\Users\Constant\Local Sites\cli\app\public\wp-content\plugins\tutor\helpers\QueryHelper.php:1120
Stack trace:
#0 C:\Users\Constant\Local Sites\cli\app\public\wp-content\plugins\tutor\migrations\ProcessByWcMigrator.php(82): Tutor\Helpers\QueryHelper::get_joined_count('tutor_earnings ...', Array, Array, Array, 'te.earning_id')
#1 C:\Users\Constant\Local Sites\cli\app\public\wp-content\plugins\tutor\migrations\BatchProcessor.php(179): Tutor\Migrations\ProcessByWcMigrator->get_total_items()
#2 C:\Users\Constant\Local Sites\cli\app\public\wp-includes\class-wp-hook.php(324): Tutor\Migrations\BatchProcessor->process_batch()
#3 C:\Users\Constant\Local Sites\cli\app\public\wp-includes\class-wp-hook.php(348): WP_Hook->apply_filters('', Array)
#4 C:\Users\Constant\Local Sites\cli\app\public\wp-includes\plugin.php(565): WP_Hook->do_action(Array)
#5 C:\Users\Constant\Local Sites\cli\app\public\wp-cron.php(191): do_action_ref_array('process_by_wc_m...', Array)
#6 {main}
  thrown in C:\Users\Constant\Local Sites\cli\app\public\wp-content\plugins\tutor\helpers\QueryHelper.php on line 1120
[07-Oct-2025 09:57:39 UTC] WordPress database error Table 'local.wp_wc_orders_meta' doesn't exist for query 
			SELECT COUNT(te.earning_id) as total_count
			FROM wp_tutor_earnings te
			 INNER JOIN wp_wc_orders_meta wcom ON te.order_id = wcom.order_id 
			WHERE te.process_by = 'tutor' AND wcom.meta_key = '_is_tutor_order_for_course'
		 made by do_action_ref_array('process_by_wc_migrator'), WP_Hook->do_action, WP_Hook->apply_filters, Tutor\Migrations\BatchProcessor->process_batch, Tutor\Migrations\ProcessByWcMigrator->get_total_items, Tutor\Helpers\QueryHelper::get_joined_count
[07-Oct-2025 09:57:39 UTC] PHP Fatal error:  Uncaught Exception: Table 'local.wp_wc_orders_meta' doesn't exist in C:\Users\Constant\Local Sites\cli\app\public\wp-content\plugins\tutor\helpers\QueryHelper.php:1120
Stack trace:
#0 C:\Users\Constant\Local Sites\cli\app\public\wp-content\plugins\tutor\migrations\ProcessByWcMigrator.php(82): Tutor\Helpers\QueryHelper::get_joined_count('tutor_earnings ...', Array, Array, Array, 'te.earning_id')
#1 C:\Users\Constant\Local Sites\cli\app\public\wp-content\plugins\tutor\migrations\BatchProcessor.php(179): Tutor\Migrations\ProcessByWcMigrator->get_total_items()
#2 C:\Users\Constant\Local Sites\cli\app\public\wp-includes\class-wp-hook.php(324): Tutor\Migrations\BatchProcessor->process_batch()
#3 C:\Users\Constant\Local Sites\cli\app\public\wp-includes\class-wp-hook.php(348): WP_Hook->apply_filters('', Array)
#4 C:\Users\Constant\Local Sites\cli\app\public\wp-includes\plugin.php(565): WP_Hook->do_action(Array)
#5 C:\Users\Constant\Local Sites\cli\app\public\wp-cron.php(191): do_action_ref_array('process_by_wc_m...', Array)
#6 {main}
  thrown in C:\Users\Constant\Local Sites\cli\app\public\wp-content\plugins\tutor\helpers\QueryHelper.php on line 1120
[07-Oct-2025 09:58:47 UTC] WordPress database error Table 'local.wp_wc_orders_meta' doesn't exist for query 
			SELECT COUNT(te.earning_id) as total_count
			FROM wp_tutor_earnings te
			 INNER JOIN wp_wc_orders_meta wcom ON te.order_id = wcom.order_id 
			WHERE te.process_by = 'tutor' AND wcom.meta_key = '_is_tutor_order_for_course'
		 made by do_action_ref_array('process_by_wc_migrator'), WP_Hook->do_action, WP_Hook->apply_filters, Tutor\Migrations\BatchProcessor->process_batch, Tutor\Migrations\ProcessByWcMigrator->get_total_items, Tutor\Helpers\QueryHelper::get_joined_count
[07-Oct-2025 09:58:47 UTC] PHP Fatal error:  Uncaught Exception: Table 'local.wp_wc_orders_meta' doesn't exist in C:\Users\Constant\Local Sites\cli\app\public\wp-content\plugins\tutor\helpers\QueryHelper.php:1120
Stack trace:
#0 C:\Users\Constant\Local Sites\cli\app\public\wp-content\plugins\tutor\migrations\ProcessByWcMigrator.php(82): Tutor\Helpers\QueryHelper::get_joined_count('tutor_earnings ...', Array, Array, Array, 'te.earning_id')
#1 C:\Users\Constant\Local Sites\cli\app\public\wp-content\plugins\tutor\migrations\BatchProcessor.php(179): Tutor\Migrations\ProcessByWcMigrator->get_total_items()
#2 C:\Users\Constant\Local Sites\cli\app\public\wp-includes\class-wp-hook.php(324): Tutor\Migrations\BatchProcessor->process_batch()
#3 C:\Users\Constant\Local Sites\cli\app\public\wp-includes\class-wp-hook.php(348): WP_Hook->apply_filters('', Array)
#4 C:\Users\Constant\Local Sites\cli\app\public\wp-includes\plugin.php(565): WP_Hook->do_action(Array)
#5 C:\Users\Constant\Local Sites\cli\app\public\wp-cron.php(191): do_action_ref_array('process_by_wc_m...', Array)
#6 {main}
  thrown in C:\Users\Constant\Local Sites\cli\app\public\wp-content\plugins\tutor\helpers\QueryHelper.php on line 1120
[07-Oct-2025 09:59:50 UTC] WordPress database error Table 'local.wp_wc_orders_meta' doesn't exist for query 
			SELECT COUNT(te.earning_id) as total_count
			FROM wp_tutor_earnings te
			 INNER JOIN wp_wc_orders_meta wcom ON te.order_id = wcom.order_id 
			WHERE te.process_by = 'tutor' AND wcom.meta_key = '_is_tutor_order_for_course'
		 made by do_action_ref_array('process_by_wc_migrator'), WP_Hook->do_action, WP_Hook->apply_filters, Tutor\Migrations\BatchProcessor->process_batch, Tutor\Migrations\ProcessByWcMigrator->get_total_items, Tutor\Helpers\QueryHelper::get_joined_count
[07-Oct-2025 09:59:50 UTC] PHP Fatal error:  Uncaught Exception: Table 'local.wp_wc_orders_meta' doesn't exist in C:\Users\Constant\Local Sites\cli\app\public\wp-content\plugins\tutor\helpers\QueryHelper.php:1120
Stack trace:
#0 C:\Users\Constant\Local Sites\cli\app\public\wp-content\plugins\tutor\migrations\ProcessByWcMigrator.php(82): Tutor\Helpers\QueryHelper::get_joined_count('tutor_earnings ...', Array, Array, Array, 'te.earning_id')
#1 C:\Users\Constant\Local Sites\cli\app\public\wp-content\plugins\tutor\migrations\BatchProcessor.php(179): Tutor\Migrations\ProcessByWcMigrator->get_total_items()
#2 C:\Users\Constant\Local Sites\cli\app\public\wp-includes\class-wp-hook.php(324): Tutor\Migrations\BatchProcessor->process_batch()
#3 C:\Users\Constant\Local Sites\cli\app\public\wp-includes\class-wp-hook.php(348): WP_Hook->apply_filters('', Array)
#4 C:\Users\Constant\Local Sites\cli\app\public\wp-includes\plugin.php(565): WP_Hook->do_action(Array)
#5 C:\Users\Constant\Local Sites\cli\app\public\wp-cron.php(191): do_action_ref_array('process_by_wc_m...', Array)
#6 {main}
  thrown in C:\Users\Constant\Local Sites\cli\app\public\wp-content\plugins\tutor\helpers\QueryHelper.php on line 1120
[07-Oct-2025 10:00:57 UTC] WordPress database error Table 'local.wp_wc_orders_meta' doesn't exist for query 
			SELECT COUNT(te.earning_id) as total_count
			FROM wp_tutor_earnings te
			 INNER JOIN wp_wc_orders_meta wcom ON te.order_id = wcom.order_id 
			WHERE te.process_by = 'tutor' AND wcom.meta_key = '_is_tutor_order_for_course'
		 made by do_action_ref_array('process_by_wc_migrator'), WP_Hook->do_action, WP_Hook->apply_filters, Tutor\Migrations\BatchProcessor->process_batch, Tutor\Migrations\ProcessByWcMigrator->get_total_items, Tutor\Helpers\QueryHelper::get_joined_count
[07-Oct-2025 10:00:57 UTC] PHP Fatal error:  Uncaught Exception: Table 'local.wp_wc_orders_meta' doesn't exist in C:\Users\Constant\Local Sites\cli\app\public\wp-content\plugins\tutor\helpers\QueryHelper.php:1120
Stack trace:
#0 C:\Users\Constant\Local Sites\cli\app\public\wp-content\plugins\tutor\migrations\ProcessByWcMigrator.php(82): Tutor\Helpers\QueryHelper::get_joined_count('tutor_earnings ...', Array, Array, Array, 'te.earning_id')
#1 C:\Users\Constant\Local Sites\cli\app\public\wp-content\plugins\tutor\migrations\BatchProcessor.php(179): Tutor\Migrations\ProcessByWcMigrator->get_total_items()
#2 C:\Users\Constant\Local Sites\cli\app\public\wp-includes\class-wp-hook.php(324): Tutor\Migrations\BatchProcessor->process_batch()
#3 C:\Users\Constant\Local Sites\cli\app\public\wp-includes\class-wp-hook.php(348): WP_Hook->apply_filters('', Array)
#4 C:\Users\Constant\Local Sites\cli\app\public\wp-includes\plugin.php(565): WP_Hook->do_action(Array)
#5 C:\Users\Constant\Local Sites\cli\app\public\wp-cron.php(191): do_action_ref_array('process_by_wc_m...', Array)
#6 {main}
  thrown in C:\Users\Constant\Local Sites\cli\app\public\wp-content\plugins\tutor\helpers\QueryHelper.php on line 1120
[07-Oct-2025 10:02:57 UTC] WordPress database error Table 'local.wp_wc_orders_meta' doesn't exist for query 
			SELECT COUNT(te.earning_id) as total_count
			FROM wp_tutor_earnings te
			 INNER JOIN wp_wc_orders_meta wcom ON te.order_id = wcom.order_id 
			WHERE te.process_by = 'tutor' AND wcom.meta_key = '_is_tutor_order_for_course'
		 made by do_action_ref_array('process_by_wc_migrator'), WP_Hook->do_action, WP_Hook->apply_filters, Tutor\Migrations\BatchProcessor->process_batch, Tutor\Migrations\ProcessByWcMigrator->get_total_items, Tutor\Helpers\QueryHelper::get_joined_count
[07-Oct-2025 10:02:57 UTC] PHP Fatal error:  Uncaught Exception: Table 'local.wp_wc_orders_meta' doesn't exist in C:\Users\Constant\Local Sites\cli\app\public\wp-content\plugins\tutor\helpers\QueryHelper.php:1120
Stack trace:
#0 C:\Users\Constant\Local Sites\cli\app\public\wp-content\plugins\tutor\migrations\ProcessByWcMigrator.php(82): Tutor\Helpers\QueryHelper::get_joined_count('tutor_earnings ...', Array, Array, Array, 'te.earning_id')
#1 C:\Users\Constant\Local Sites\cli\app\public\wp-content\plugins\tutor\migrations\BatchProcessor.php(179): Tutor\Migrations\ProcessByWcMigrator->get_total_items()
#2 C:\Users\Constant\Local Sites\cli\app\public\wp-includes\class-wp-hook.php(324): Tutor\Migrations\BatchProcessor->process_batch()
#3 C:\Users\Constant\Local Sites\cli\app\public\wp-includes\class-wp-hook.php(348): WP_Hook->apply_filters('', Array)
#4 C:\Users\Constant\Local Sites\cli\app\public\wp-includes\plugin.php(565): WP_Hook->do_action(Array)
#5 C:\Users\Constant\Local Sites\cli\app\public\wp-cron.php(191): do_action_ref_array('process_by_wc_m...', Array)
#6 {main}
  thrown in C:\Users\Constant\Local Sites\cli\app\public\wp-content\plugins\tutor\helpers\QueryHelper.php on line 1120
[07-Oct-2025 10:04:57 UTC] WordPress database error Table 'local.wp_wc_orders_meta' doesn't exist for query 
			SELECT COUNT(te.earning_id) as total_count
			FROM wp_tutor_earnings te
			 INNER JOIN wp_wc_orders_meta wcom ON te.order_id = wcom.order_id 
			WHERE te.process_by = 'tutor' AND wcom.meta_key = '_is_tutor_order_for_course'
		 made by do_action_ref_array('process_by_wc_migrator'), WP_Hook->do_action, WP_Hook->apply_filters, Tutor\Migrations\BatchProcessor->process_batch, Tutor\Migrations\ProcessByWcMigrator->get_total_items, Tutor\Helpers\QueryHelper::get_joined_count
[07-Oct-2025 10:04:57 UTC] PHP Fatal error:  Uncaught Exception: Table 'local.wp_wc_orders_meta' doesn't exist in C:\Users\Constant\Local Sites\cli\app\public\wp-content\plugins\tutor\helpers\QueryHelper.php:1120
Stack trace:
#0 C:\Users\Constant\Local Sites\cli\app\public\wp-content\plugins\tutor\migrations\ProcessByWcMigrator.php(82): Tutor\Helpers\QueryHelper::get_joined_count('tutor_earnings ...', Array, Array, Array, 'te.earning_id')
#1 C:\Users\Constant\Local Sites\cli\app\public\wp-content\plugins\tutor\migrations\BatchProcessor.php(179): Tutor\Migrations\ProcessByWcMigrator->get_total_items()
#2 C:\Users\Constant\Local Sites\cli\app\public\wp-includes\class-wp-hook.php(324): Tutor\Migrations\BatchProcessor->process_batch()
#3 C:\Users\Constant\Local Sites\cli\app\public\wp-includes\class-wp-hook.php(348): WP_Hook->apply_filters('', Array)
#4 C:\Users\Constant\Local Sites\cli\app\public\wp-includes\plugin.php(565): WP_Hook->do_action(Array)
#5 C:\Users\Constant\Local Sites\cli\app\public\wp-cron.php(191): do_action_ref_array('process_by_wc_m...', Array)
#6 {main}
  thrown in C:\Users\Constant\Local Sites\cli\app\public\wp-content\plugins\tutor\helpers\QueryHelper.php on line 1120
[07-Oct-2025 10:06:22 UTC] WordPress database error Table 'local.wp_wc_orders_meta' doesn't exist for query 
			SELECT COUNT(te.earning_id) as total_count
			FROM wp_tutor_earnings te
			 INNER JOIN wp_wc_orders_meta wcom ON te.order_id = wcom.order_id 
			WHERE te.process_by = 'tutor' AND wcom.meta_key = '_is_tutor_order_for_course'
		 made by do_action_ref_array('process_by_wc_migrator'), WP_Hook->do_action, WP_Hook->apply_filters, Tutor\Migrations\BatchProcessor->process_batch, Tutor\Migrations\ProcessByWcMigrator->get_total_items, Tutor\Helpers\QueryHelper::get_joined_count
[07-Oct-2025 10:06:22 UTC] PHP Fatal error:  Uncaught Exception: Table 'local.wp_wc_orders_meta' doesn't exist in C:\Users\Constant\Local Sites\cli\app\public\wp-content\plugins\tutor\helpers\QueryHelper.php:1120
Stack trace:
#0 C:\Users\Constant\Local Sites\cli\app\public\wp-content\plugins\tutor\migrations\ProcessByWcMigrator.php(82): Tutor\Helpers\QueryHelper::get_joined_count('tutor_earnings ...', Array, Array, Array, 'te.earning_id')
#1 C:\Users\Constant\Local Sites\cli\app\public\wp-content\plugins\tutor\migrations\BatchProcessor.php(179): Tutor\Migrations\ProcessByWcMigrator->get_total_items()
#2 C:\Users\Constant\Local Sites\cli\app\public\wp-includes\class-wp-hook.php(324): Tutor\Migrations\BatchProcessor->process_batch()
#3 C:\Users\Constant\Local Sites\cli\app\public\wp-includes\class-wp-hook.php(348): WP_Hook->apply_filters('', Array)
#4 C:\Users\Constant\Local Sites\cli\app\public\wp-includes\plugin.php(565): WP_Hook->do_action(Array)
#5 C:\Users\Constant\Local Sites\cli\app\public\wp-cron.php(191): do_action_ref_array('process_by_wc_m...', Array)
#6 {main}
  thrown in C:\Users\Constant\Local Sites\cli\app\public\wp-content\plugins\tutor\helpers\QueryHelper.php on line 1120
[07-Oct-2025 10:12:44 UTC] WordPress database error Table 'local.wp_wc_orders_meta' doesn't exist for query 
			SELECT COUNT(te.earning_id) as total_count
			FROM wp_tutor_earnings te
			 INNER JOIN wp_wc_orders_meta wcom ON te.order_id = wcom.order_id 
			WHERE te.process_by = 'tutor' AND wcom.meta_key = '_is_tutor_order_for_course'
		 made by do_action_ref_array('process_by_wc_migrator'), WP_Hook->do_action, WP_Hook->apply_filters, Tutor\Migrations\BatchProcessor->process_batch, Tutor\Migrations\ProcessByWcMigrator->get_total_items, Tutor\Helpers\QueryHelper::get_joined_count
[07-Oct-2025 10:12:44 UTC] PHP Fatal error:  Uncaught Exception: Table 'local.wp_wc_orders_meta' doesn't exist in C:\Users\Constant\Local Sites\cli\app\public\wp-content\plugins\tutor\helpers\QueryHelper.php:1120
Stack trace:
#0 C:\Users\Constant\Local Sites\cli\app\public\wp-content\plugins\tutor\migrations\ProcessByWcMigrator.php(82): Tutor\Helpers\QueryHelper::get_joined_count('tutor_earnings ...', Array, Array, Array, 'te.earning_id')
#1 C:\Users\Constant\Local Sites\cli\app\public\wp-content\plugins\tutor\migrations\BatchProcessor.php(179): Tutor\Migrations\ProcessByWcMigrator->get_total_items()
#2 C:\Users\Constant\Local Sites\cli\app\public\wp-includes\class-wp-hook.php(324): Tutor\Migrations\BatchProcessor->process_batch()
#3 C:\Users\Constant\Local Sites\cli\app\public\wp-includes\class-wp-hook.php(348): WP_Hook->apply_filters('', Array)
#4 C:\Users\Constant\Local Sites\cli\app\public\wp-includes\plugin.php(565): WP_Hook->do_action(Array)
#5 C:\Users\Constant\Local Sites\cli\app\public\wp-cron.php(191): do_action_ref_array('process_by_wc_m...', Array)
#6 {main}
  thrown in C:\Users\Constant\Local Sites\cli\app\public\wp-content\plugins\tutor\helpers\QueryHelper.php on line 1120
[07-Oct-2025 10:13:57 UTC] WordPress database error Table 'local.wp_wc_orders_meta' doesn't exist for query 
			SELECT COUNT(te.earning_id) as total_count
			FROM wp_tutor_earnings te
			 INNER JOIN wp_wc_orders_meta wcom ON te.order_id = wcom.order_id 
			WHERE te.process_by = 'tutor' AND wcom.meta_key = '_is_tutor_order_for_course'
		 made by do_action_ref_array('process_by_wc_migrator'), WP_Hook->do_action, WP_Hook->apply_filters, Tutor\Migrations\BatchProcessor->process_batch, Tutor\Migrations\ProcessByWcMigrator->get_total_items, Tutor\Helpers\QueryHelper::get_joined_count
[07-Oct-2025 10:13:57 UTC] PHP Fatal error:  Uncaught Exception: Table 'local.wp_wc_orders_meta' doesn't exist in C:\Users\Constant\Local Sites\cli\app\public\wp-content\plugins\tutor\helpers\QueryHelper.php:1120
Stack trace:
#0 C:\Users\Constant\Local Sites\cli\app\public\wp-content\plugins\tutor\migrations\ProcessByWcMigrator.php(82): Tutor\Helpers\QueryHelper::get_joined_count('tutor_earnings ...', Array, Array, Array, 'te.earning_id')
#1 C:\Users\Constant\Local Sites\cli\app\public\wp-content\plugins\tutor\migrations\BatchProcessor.php(179): Tutor\Migrations\ProcessByWcMigrator->get_total_items()
#2 C:\Users\Constant\Local Sites\cli\app\public\wp-includes\class-wp-hook.php(324): Tutor\Migrations\BatchProcessor->process_batch()
#3 C:\Users\Constant\Local Sites\cli\app\public\wp-includes\class-wp-hook.php(348): WP_Hook->apply_filters('', Array)
#4 C:\Users\Constant\Local Sites\cli\app\public\wp-includes\plugin.php(565): WP_Hook->do_action(Array)
#5 C:\Users\Constant\Local Sites\cli\app\public\wp-cron.php(191): do_action_ref_array('process_by_wc_m...', Array)
#6 {main}
  thrown in C:\Users\Constant\Local Sites\cli\app\public\wp-content\plugins\tutor\helpers\QueryHelper.php on line 1120
[07-Oct-2025 10:15:08 UTC] WordPress database error Table 'local.wp_wc_orders_meta' doesn't exist for query 
			SELECT COUNT(te.earning_id) as total_count
			FROM wp_tutor_earnings te
			 INNER JOIN wp_wc_orders_meta wcom ON te.order_id = wcom.order_id 
			WHERE te.process_by = 'tutor' AND wcom.meta_key = '_is_tutor_order_for_course'
		 made by do_action_ref_array('process_by_wc_migrator'), WP_Hook->do_action, WP_Hook->apply_filters, Tutor\Migrations\BatchProcessor->process_batch, Tutor\Migrations\ProcessByWcMigrator->get_total_items, Tutor\Helpers\QueryHelper::get_joined_count
[07-Oct-2025 10:15:08 UTC] PHP Fatal error:  Uncaught Exception: Table 'local.wp_wc_orders_meta' doesn't exist in C:\Users\Constant\Local Sites\cli\app\public\wp-content\plugins\tutor\helpers\QueryHelper.php:1120
Stack trace:
#0 C:\Users\Constant\Local Sites\cli\app\public\wp-content\plugins\tutor\migrations\ProcessByWcMigrator.php(82): Tutor\Helpers\QueryHelper::get_joined_count('tutor_earnings ...', Array, Array, Array, 'te.earning_id')
#1 C:\Users\Constant\Local Sites\cli\app\public\wp-content\plugins\tutor\migrations\BatchProcessor.php(179): Tutor\Migrations\ProcessByWcMigrator->get_total_items()
#2 C:\Users\Constant\Local Sites\cli\app\public\wp-includes\class-wp-hook.php(324): Tutor\Migrations\BatchProcessor->process_batch()
#3 C:\Users\Constant\Local Sites\cli\app\public\wp-includes\class-wp-hook.php(348): WP_Hook->apply_filters('', Array)
#4 C:\Users\Constant\Local Sites\cli\app\public\wp-includes\plugin.php(565): WP_Hook->do_action(Array)
#5 C:\Users\Constant\Local Sites\cli\app\public\wp-cron.php(191): do_action_ref_array('process_by_wc_m...', Array)
#6 {main}
  thrown in C:\Users\Constant\Local Sites\cli\app\public\wp-content\plugins\tutor\helpers\QueryHelper.php on line 1120
[07-Oct-2025 10:16:25 UTC] WordPress database error Table 'local.wp_wc_orders_meta' doesn't exist for query 
			SELECT COUNT(te.earning_id) as total_count
			FROM wp_tutor_earnings te
			 INNER JOIN wp_wc_orders_meta wcom ON te.order_id = wcom.order_id 
			WHERE te.process_by = 'tutor' AND wcom.meta_key = '_is_tutor_order_for_course'
		 made by do_action_ref_array('process_by_wc_migrator'), WP_Hook->do_action, WP_Hook->apply_filters, Tutor\Migrations\BatchProcessor->process_batch, Tutor\Migrations\ProcessByWcMigrator->get_total_items, Tutor\Helpers\QueryHelper::get_joined_count
[07-Oct-2025 10:16:25 UTC] PHP Fatal error:  Uncaught Exception: Table 'local.wp_wc_orders_meta' doesn't exist in C:\Users\Constant\Local Sites\cli\app\public\wp-content\plugins\tutor\helpers\QueryHelper.php:1120
Stack trace:
#0 C:\Users\Constant\Local Sites\cli\app\public\wp-content\plugins\tutor\migrations\ProcessByWcMigrator.php(82): Tutor\Helpers\QueryHelper::get_joined_count('tutor_earnings ...', Array, Array, Array, 'te.earning_id')
#1 C:\Users\Constant\Local Sites\cli\app\public\wp-content\plugins\tutor\migrations\BatchProcessor.php(179): Tutor\Migrations\ProcessByWcMigrator->get_total_items()
#2 C:\Users\Constant\Local Sites\cli\app\public\wp-includes\class-wp-hook.php(324): Tutor\Migrations\BatchProcessor->process_batch()
#3 C:\Users\Constant\Local Sites\cli\app\public\wp-includes\class-wp-hook.php(348): WP_Hook->apply_filters('', Array)
#4 C:\Users\Constant\Local Sites\cli\app\public\wp-includes\plugin.php(565): WP_Hook->do_action(Array)
#5 C:\Users\Constant\Local Sites\cli\app\public\wp-cron.php(191): do_action_ref_array('process_by_wc_m...', Array)
#6 {main}
  thrown in C:\Users\Constant\Local Sites\cli\app\public\wp-content\plugins\tutor\helpers\QueryHelper.php on line 1120
[07-Oct-2025 10:17:31 UTC] WordPress database error Table 'local.wp_wc_orders_meta' doesn't exist for query 
			SELECT COUNT(te.earning_id) as total_count
			FROM wp_tutor_earnings te
			 INNER JOIN wp_wc_orders_meta wcom ON te.order_id = wcom.order_id 
			WHERE te.process_by = 'tutor' AND wcom.meta_key = '_is_tutor_order_for_course'
		 made by do_action_ref_array('process_by_wc_migrator'), WP_Hook->do_action, WP_Hook->apply_filters, Tutor\Migrations\BatchProcessor->process_batch, Tutor\Migrations\ProcessByWcMigrator->get_total_items, Tutor\Helpers\QueryHelper::get_joined_count
[07-Oct-2025 10:17:31 UTC] PHP Fatal error:  Uncaught Exception: Table 'local.wp_wc_orders_meta' doesn't exist in C:\Users\Constant\Local Sites\cli\app\public\wp-content\plugins\tutor\helpers\QueryHelper.php:1120
Stack trace:
#0 C:\Users\Constant\Local Sites\cli\app\public\wp-content\plugins\tutor\migrations\ProcessByWcMigrator.php(82): Tutor\Helpers\QueryHelper::get_joined_count('tutor_earnings ...', Array, Array, Array, 'te.earning_id')
#1 C:\Users\Constant\Local Sites\cli\app\public\wp-content\plugins\tutor\migrations\BatchProcessor.php(179): Tutor\Migrations\ProcessByWcMigrator->get_total_items()
#2 C:\Users\Constant\Local Sites\cli\app\public\wp-includes\class-wp-hook.php(324): Tutor\Migrations\BatchProcessor->process_batch()
#3 C:\Users\Constant\Local Sites\cli\app\public\wp-includes\class-wp-hook.php(348): WP_Hook->apply_filters('', Array)
#4 C:\Users\Constant\Local Sites\cli\app\public\wp-includes\plugin.php(565): WP_Hook->do_action(Array)
#5 C:\Users\Constant\Local Sites\cli\app\public\wp-cron.php(191): do_action_ref_array('process_by_wc_m...', Array)
#6 {main}
  thrown in C:\Users\Constant\Local Sites\cli\app\public\wp-content\plugins\tutor\helpers\QueryHelper.php on line 1120
[07-Oct-2025 10:18:37 UTC] WordPress database error Table 'local.wp_wc_orders_meta' doesn't exist for query 
			SELECT COUNT(te.earning_id) as total_count
			FROM wp_tutor_earnings te
			 INNER JOIN wp_wc_orders_meta wcom ON te.order_id = wcom.order_id 
			WHERE te.process_by = 'tutor' AND wcom.meta_key = '_is_tutor_order_for_course'
		 made by do_action_ref_array('process_by_wc_migrator'), WP_Hook->do_action, WP_Hook->apply_filters, Tutor\Migrations\BatchProcessor->process_batch, Tutor\Migrations\ProcessByWcMigrator->get_total_items, Tutor\Helpers\QueryHelper::get_joined_count
[07-Oct-2025 10:18:37 UTC] PHP Fatal error:  Uncaught Exception: Table 'local.wp_wc_orders_meta' doesn't exist in C:\Users\Constant\Local Sites\cli\app\public\wp-content\plugins\tutor\helpers\QueryHelper.php:1120
Stack trace:
#0 C:\Users\Constant\Local Sites\cli\app\public\wp-content\plugins\tutor\migrations\ProcessByWcMigrator.php(82): Tutor\Helpers\QueryHelper::get_joined_count('tutor_earnings ...', Array, Array, Array, 'te.earning_id')
#1 C:\Users\Constant\Local Sites\cli\app\public\wp-content\plugins\tutor\migrations\BatchProcessor.php(179): Tutor\Migrations\ProcessByWcMigrator->get_total_items()
#2 C:\Users\Constant\Local Sites\cli\app\public\wp-includes\class-wp-hook.php(324): Tutor\Migrations\BatchProcessor->process_batch()
#3 C:\Users\Constant\Local Sites\cli\app\public\wp-includes\class-wp-hook.php(348): WP_Hook->apply_filters('', Array)
#4 C:\Users\Constant\Local Sites\cli\app\public\wp-includes\plugin.php(565): WP_Hook->do_action(Array)
#5 C:\Users\Constant\Local Sites\cli\app\public\wp-cron.php(191): do_action_ref_array('process_by_wc_m...', Array)
#6 {main}
  thrown in C:\Users\Constant\Local Sites\cli\app\public\wp-content\plugins\tutor\helpers\QueryHelper.php on line 1120
[07-Oct-2025 10:20:37 UTC] WordPress database error Table 'local.wp_wc_orders_meta' doesn't exist for query 
			SELECT COUNT(te.earning_id) as total_count
			FROM wp_tutor_earnings te
			 INNER JOIN wp_wc_orders_meta wcom ON te.order_id = wcom.order_id 
			WHERE te.process_by = 'tutor' AND wcom.meta_key = '_is_tutor_order_for_course'
		 made by do_action_ref_array('process_by_wc_migrator'), WP_Hook->do_action, WP_Hook->apply_filters, Tutor\Migrations\BatchProcessor->process_batch, Tutor\Migrations\ProcessByWcMigrator->get_total_items, Tutor\Helpers\QueryHelper::get_joined_count
[07-Oct-2025 10:20:37 UTC] PHP Fatal error:  Uncaught Exception: Table 'local.wp_wc_orders_meta' doesn't exist in C:\Users\Constant\Local Sites\cli\app\public\wp-content\plugins\tutor\helpers\QueryHelper.php:1120
Stack trace:
#0 C:\Users\Constant\Local Sites\cli\app\public\wp-content\plugins\tutor\migrations\ProcessByWcMigrator.php(82): Tutor\Helpers\QueryHelper::get_joined_count('tutor_earnings ...', Array, Array, Array, 'te.earning_id')
#1 C:\Users\Constant\Local Sites\cli\app\public\wp-content\plugins\tutor\migrations\BatchProcessor.php(179): Tutor\Migrations\ProcessByWcMigrator->get_total_items()
#2 C:\Users\Constant\Local Sites\cli\app\public\wp-includes\class-wp-hook.php(324): Tutor\Migrations\BatchProcessor->process_batch()
#3 C:\Users\Constant\Local Sites\cli\app\public\wp-includes\class-wp-hook.php(348): WP_Hook->apply_filters('', Array)
#4 C:\Users\Constant\Local Sites\cli\app\public\wp-includes\plugin.php(565): WP_Hook->do_action(Array)
#5 C:\Users\Constant\Local Sites\cli\app\public\wp-cron.php(191): do_action_ref_array('process_by_wc_m...', Array)
#6 {main}
  thrown in C:\Users\Constant\Local Sites\cli\app\public\wp-content\plugins\tutor\helpers\QueryHelper.php on line 1120
[07-Oct-2025 10:21:54 UTC] WordPress database error Table 'local.wp_wc_orders_meta' doesn't exist for query 
			SELECT COUNT(te.earning_id) as total_count
			FROM wp_tutor_earnings te
			 INNER JOIN wp_wc_orders_meta wcom ON te.order_id = wcom.order_id 
			WHERE te.process_by = 'tutor' AND wcom.meta_key = '_is_tutor_order_for_course'
		 made by do_action_ref_array('process_by_wc_migrator'), WP_Hook->do_action, WP_Hook->apply_filters, Tutor\Migrations\BatchProcessor->process_batch, Tutor\Migrations\ProcessByWcMigrator->get_total_items, Tutor\Helpers\QueryHelper::get_joined_count
[07-Oct-2025 10:21:54 UTC] PHP Fatal error:  Uncaught Exception: Table 'local.wp_wc_orders_meta' doesn't exist in C:\Users\Constant\Local Sites\cli\app\public\wp-content\plugins\tutor\helpers\QueryHelper.php:1120
Stack trace:
#0 C:\Users\Constant\Local Sites\cli\app\public\wp-content\plugins\tutor\migrations\ProcessByWcMigrator.php(82): Tutor\Helpers\QueryHelper::get_joined_count('tutor_earnings ...', Array, Array, Array, 'te.earning_id')
#1 C:\Users\Constant\Local Sites\cli\app\public\wp-content\plugins\tutor\migrations\BatchProcessor.php(179): Tutor\Migrations\ProcessByWcMigrator->get_total_items()
#2 C:\Users\Constant\Local Sites\cli\app\public\wp-includes\class-wp-hook.php(324): Tutor\Migrations\BatchProcessor->process_batch()
#3 C:\Users\Constant\Local Sites\cli\app\public\wp-includes\class-wp-hook.php(348): WP_Hook->apply_filters('', Array)
#4 C:\Users\Constant\Local Sites\cli\app\public\wp-includes\plugin.php(565): WP_Hook->do_action(Array)
#5 C:\Users\Constant\Local Sites\cli\app\public\wp-cron.php(191): do_action_ref_array('process_by_wc_m...', Array)
#6 {main}
  thrown in C:\Users\Constant\Local Sites\cli\app\public\wp-content\plugins\tutor\helpers\QueryHelper.php on line 1120
[07-Oct-2025 10:23:37 UTC] WordPress database error Table 'local.wp_wc_orders_meta' doesn't exist for query 
			SELECT COUNT(te.earning_id) as total_count
			FROM wp_tutor_earnings te
			 INNER JOIN wp_wc_orders_meta wcom ON te.order_id = wcom.order_id 
			WHERE te.process_by = 'tutor' AND wcom.meta_key = '_is_tutor_order_for_course'
		 made by do_action_ref_array('process_by_wc_migrator'), WP_Hook->do_action, WP_Hook->apply_filters, Tutor\Migrations\BatchProcessor->process_batch, Tutor\Migrations\ProcessByWcMigrator->get_total_items, Tutor\Helpers\QueryHelper::get_joined_count
[07-Oct-2025 10:23:37 UTC] PHP Fatal error:  Uncaught Exception: Table 'local.wp_wc_orders_meta' doesn't exist in C:\Users\Constant\Local Sites\cli\app\public\wp-content\plugins\tutor\helpers\QueryHelper.php:1120
Stack trace:
#0 C:\Users\Constant\Local Sites\cli\app\public\wp-content\plugins\tutor\migrations\ProcessByWcMigrator.php(82): Tutor\Helpers\QueryHelper::get_joined_count('tutor_earnings ...', Array, Array, Array, 'te.earning_id')
#1 C:\Users\Constant\Local Sites\cli\app\public\wp-content\plugins\tutor\migrations\BatchProcessor.php(179): Tutor\Migrations\ProcessByWcMigrator->get_total_items()
#2 C:\Users\Constant\Local Sites\cli\app\public\wp-includes\class-wp-hook.php(324): Tutor\Migrations\BatchProcessor->process_batch()
#3 C:\Users\Constant\Local Sites\cli\app\public\wp-includes\class-wp-hook.php(348): WP_Hook->apply_filters('', Array)
#4 C:\Users\Constant\Local Sites\cli\app\public\wp-includes\plugin.php(565): WP_Hook->do_action(Array)
#5 C:\Users\Constant\Local Sites\cli\app\public\wp-cron.php(191): do_action_ref_array('process_by_wc_m...', Array)
#6 {main}
  thrown in C:\Users\Constant\Local Sites\cli\app\public\wp-content\plugins\tutor\helpers\QueryHelper.php on line 1120
[07-Oct-2025 10:25:12 UTC] WordPress database error Table 'local.wp_wc_orders_meta' doesn't exist for query 
			SELECT COUNT(te.earning_id) as total_count
			FROM wp_tutor_earnings te
			 INNER JOIN wp_wc_orders_meta wcom ON te.order_id = wcom.order_id 
			WHERE te.process_by = 'tutor' AND wcom.meta_key = '_is_tutor_order_for_course'
		 made by do_action_ref_array('process_by_wc_migrator'), WP_Hook->do_action, WP_Hook->apply_filters, Tutor\Migrations\BatchProcessor->process_batch, Tutor\Migrations\ProcessByWcMigrator->get_total_items, Tutor\Helpers\QueryHelper::get_joined_count
[07-Oct-2025 10:25:12 UTC] PHP Fatal error:  Uncaught Exception: Table 'local.wp_wc_orders_meta' doesn't exist in C:\Users\Constant\Local Sites\cli\app\public\wp-content\plugins\tutor\helpers\QueryHelper.php:1120
Stack trace:
#0 C:\Users\Constant\Local Sites\cli\app\public\wp-content\plugins\tutor\migrations\ProcessByWcMigrator.php(82): Tutor\Helpers\QueryHelper::get_joined_count('tutor_earnings ...', Array, Array, Array, 'te.earning_id')
#1 C:\Users\Constant\Local Sites\cli\app\public\wp-content\plugins\tutor\migrations\BatchProcessor.php(179): Tutor\Migrations\ProcessByWcMigrator->get_total_items()
#2 C:\Users\Constant\Local Sites\cli\app\public\wp-includes\class-wp-hook.php(324): Tutor\Migrations\BatchProcessor->process_batch()
#3 C:\Users\Constant\Local Sites\cli\app\public\wp-includes\class-wp-hook.php(348): WP_Hook->apply_filters('', Array)
#4 C:\Users\Constant\Local Sites\cli\app\public\wp-includes\plugin.php(565): WP_Hook->do_action(Array)
#5 C:\Users\Constant\Local Sites\cli\app\public\wp-cron.php(191): do_action_ref_array('process_by_wc_m...', Array)
#6 {main}
  thrown in C:\Users\Constant\Local Sites\cli\app\public\wp-content\plugins\tutor\helpers\QueryHelper.php on line 1120
[07-Oct-2025 10:26:37 UTC] WordPress database error Table 'local.wp_wc_orders_meta' doesn't exist for query 
			SELECT COUNT(te.earning_id) as total_count
			FROM wp_tutor_earnings te
			 INNER JOIN wp_wc_orders_meta wcom ON te.order_id = wcom.order_id 
			WHERE te.process_by = 'tutor' AND wcom.meta_key = '_is_tutor_order_for_course'
		 made by do_action_ref_array('process_by_wc_migrator'), WP_Hook->do_action, WP_Hook->apply_filters, Tutor\Migrations\BatchProcessor->process_batch, Tutor\Migrations\ProcessByWcMigrator->get_total_items, Tutor\Helpers\QueryHelper::get_joined_count
[07-Oct-2025 10:26:37 UTC] PHP Fatal error:  Uncaught Exception: Table 'local.wp_wc_orders_meta' doesn't exist in C:\Users\Constant\Local Sites\cli\app\public\wp-content\plugins\tutor\helpers\QueryHelper.php:1120
Stack trace:
#0 C:\Users\Constant\Local Sites\cli\app\public\wp-content\plugins\tutor\migrations\ProcessByWcMigrator.php(82): Tutor\Helpers\QueryHelper::get_joined_count('tutor_earnings ...', Array, Array, Array, 'te.earning_id')
#1 C:\Users\Constant\Local Sites\cli\app\public\wp-content\plugins\tutor\migrations\BatchProcessor.php(179): Tutor\Migrations\ProcessByWcMigrator->get_total_items()
#2 C:\Users\Constant\Local Sites\cli\app\public\wp-includes\class-wp-hook.php(324): Tutor\Migrations\BatchProcessor->process_batch()
#3 C:\Users\Constant\Local Sites\cli\app\public\wp-includes\class-wp-hook.php(348): WP_Hook->apply_filters('', Array)
#4 C:\Users\Constant\Local Sites\cli\app\public\wp-includes\plugin.php(565): WP_Hook->do_action(Array)
#5 C:\Users\Constant\Local Sites\cli\app\public\wp-cron.php(191): do_action_ref_array('process_by_wc_m...', Array)
#6 {main}
  thrown in C:\Users\Constant\Local Sites\cli\app\public\wp-content\plugins\tutor\helpers\QueryHelper.php on line 1120
[07-Oct-2025 10:28:37 UTC] WordPress database error Table 'local.wp_wc_orders_meta' doesn't exist for query 
			SELECT COUNT(te.earning_id) as total_count
			FROM wp_tutor_earnings te
			 INNER JOIN wp_wc_orders_meta wcom ON te.order_id = wcom.order_id 
			WHERE te.process_by = 'tutor' AND wcom.meta_key = '_is_tutor_order_for_course'
		 made by do_action_ref_array('process_by_wc_migrator'), WP_Hook->do_action, WP_Hook->apply_filters, Tutor\Migrations\BatchProcessor->process_batch, Tutor\Migrations\ProcessByWcMigrator->get_total_items, Tutor\Helpers\QueryHelper::get_joined_count
[07-Oct-2025 10:28:37 UTC] PHP Fatal error:  Uncaught Exception: Table 'local.wp_wc_orders_meta' doesn't exist in C:\Users\Constant\Local Sites\cli\app\public\wp-content\plugins\tutor\helpers\QueryHelper.php:1120
Stack trace:
#0 C:\Users\Constant\Local Sites\cli\app\public\wp-content\plugins\tutor\migrations\ProcessByWcMigrator.php(82): Tutor\Helpers\QueryHelper::get_joined_count('tutor_earnings ...', Array, Array, Array, 'te.earning_id')
#1 C:\Users\Constant\Local Sites\cli\app\public\wp-content\plugins\tutor\migrations\BatchProcessor.php(179): Tutor\Migrations\ProcessByWcMigrator->get_total_items()
#2 C:\Users\Constant\Local Sites\cli\app\public\wp-includes\class-wp-hook.php(324): Tutor\Migrations\BatchProcessor->process_batch()
#3 C:\Users\Constant\Local Sites\cli\app\public\wp-includes\class-wp-hook.php(348): WP_Hook->apply_filters('', Array)
#4 C:\Users\Constant\Local Sites\cli\app\public\wp-includes\plugin.php(565): WP_Hook->do_action(Array)
#5 C:\Users\Constant\Local Sites\cli\app\public\wp-cron.php(191): do_action_ref_array('process_by_wc_m...', Array)
#6 {main}
  thrown in C:\Users\Constant\Local Sites\cli\app\public\wp-content\plugins\tutor\helpers\QueryHelper.php on line 1120
[07-Oct-2025 10:30:36 UTC] WordPress database error Table 'local.wp_wc_orders_meta' doesn't exist for query 
			SELECT COUNT(te.earning_id) as total_count
			FROM wp_tutor_earnings te
			 INNER JOIN wp_wc_orders_meta wcom ON te.order_id = wcom.order_id 
			WHERE te.process_by = 'tutor' AND wcom.meta_key = '_is_tutor_order_for_course'
		 made by do_action_ref_array('process_by_wc_migrator'), WP_Hook->do_action, WP_Hook->apply_filters, Tutor\Migrations\BatchProcessor->process_batch, Tutor\Migrations\ProcessByWcMigrator->get_total_items, Tutor\Helpers\QueryHelper::get_joined_count
[07-Oct-2025 10:30:36 UTC] PHP Fatal error:  Uncaught Exception: Table 'local.wp_wc_orders_meta' doesn't exist in C:\Users\Constant\Local Sites\cli\app\public\wp-content\plugins\tutor\helpers\QueryHelper.php:1120
Stack trace:
#0 C:\Users\Constant\Local Sites\cli\app\public\wp-content\plugins\tutor\migrations\ProcessByWcMigrator.php(82): Tutor\Helpers\QueryHelper::get_joined_count('tutor_earnings ...', Array, Array, Array, 'te.earning_id')
#1 C:\Users\Constant\Local Sites\cli\app\public\wp-content\plugins\tutor\migrations\BatchProcessor.php(179): Tutor\Migrations\ProcessByWcMigrator->get_total_items()
#2 C:\Users\Constant\Local Sites\cli\app\public\wp-includes\class-wp-hook.php(324): Tutor\Migrations\BatchProcessor->process_batch()
#3 C:\Users\Constant\Local Sites\cli\app\public\wp-includes\class-wp-hook.php(348): WP_Hook->apply_filters('', Array)
#4 C:\Users\Constant\Local Sites\cli\app\public\wp-includes\plugin.php(565): WP_Hook->do_action(Array)
#5 C:\Users\Constant\Local Sites\cli\app\public\wp-cron.php(191): do_action_ref_array('process_by_wc_m...', Array)
#6 {main}
  thrown in C:\Users\Constant\Local Sites\cli\app\public\wp-content\plugins\tutor\helpers\QueryHelper.php on line 1120
[07-Oct-2025 10:31:37 UTC] WordPress database error Table 'local.wp_wc_orders_meta' doesn't exist for query 
			SELECT COUNT(te.earning_id) as total_count
			FROM wp_tutor_earnings te
			 INNER JOIN wp_wc_orders_meta wcom ON te.order_id = wcom.order_id 
			WHERE te.process_by = 'tutor' AND wcom.meta_key = '_is_tutor_order_for_course'
		 made by do_action_ref_array('process_by_wc_migrator'), WP_Hook->do_action, WP_Hook->apply_filters, Tutor\Migrations\BatchProcessor->process_batch, Tutor\Migrations\ProcessByWcMigrator->get_total_items, Tutor\Helpers\QueryHelper::get_joined_count
[07-Oct-2025 10:31:37 UTC] PHP Fatal error:  Uncaught Exception: Table 'local.wp_wc_orders_meta' doesn't exist in C:\Users\Constant\Local Sites\cli\app\public\wp-content\plugins\tutor\helpers\QueryHelper.php:1120
Stack trace:
#0 C:\Users\Constant\Local Sites\cli\app\public\wp-content\plugins\tutor\migrations\ProcessByWcMigrator.php(82): Tutor\Helpers\QueryHelper::get_joined_count('tutor_earnings ...', Array, Array, Array, 'te.earning_id')
#1 C:\Users\Constant\Local Sites\cli\app\public\wp-content\plugins\tutor\migrations\BatchProcessor.php(179): Tutor\Migrations\ProcessByWcMigrator->get_total_items()
#2 C:\Users\Constant\Local Sites\cli\app\public\wp-includes\class-wp-hook.php(324): Tutor\Migrations\BatchProcessor->process_batch()
#3 C:\Users\Constant\Local Sites\cli\app\public\wp-includes\class-wp-hook.php(348): WP_Hook->apply_filters('', Array)
#4 C:\Users\Constant\Local Sites\cli\app\public\wp-includes\plugin.php(565): WP_Hook->do_action(Array)
#5 C:\Users\Constant\Local Sites\cli\app\public\wp-cron.php(191): do_action_ref_array('process_by_wc_m...', Array)
#6 {main}
  thrown in C:\Users\Constant\Local Sites\cli\app\public\wp-content\plugins\tutor\helpers\QueryHelper.php on line 1120
[07-Oct-2025 10:32:52 UTC] WordPress database error Table 'local.wp_wc_orders_meta' doesn't exist for query 
			SELECT COUNT(te.earning_id) as total_count
			FROM wp_tutor_earnings te
			 INNER JOIN wp_wc_orders_meta wcom ON te.order_id = wcom.order_id 
			WHERE te.process_by = 'tutor' AND wcom.meta_key = '_is_tutor_order_for_course'
		 made by do_action_ref_array('process_by_wc_migrator'), WP_Hook->do_action, WP_Hook->apply_filters, Tutor\Migrations\BatchProcessor->process_batch, Tutor\Migrations\ProcessByWcMigrator->get_total_items, Tutor\Helpers\QueryHelper::get_joined_count
[07-Oct-2025 10:32:52 UTC] PHP Fatal error:  Uncaught Exception: Table 'local.wp_wc_orders_meta' doesn't exist in C:\Users\Constant\Local Sites\cli\app\public\wp-content\plugins\tutor\helpers\QueryHelper.php:1120
Stack trace:
#0 C:\Users\Constant\Local Sites\cli\app\public\wp-content\plugins\tutor\migrations\ProcessByWcMigrator.php(82): Tutor\Helpers\QueryHelper::get_joined_count('tutor_earnings ...', Array, Array, Array, 'te.earning_id')
#1 C:\Users\Constant\Local Sites\cli\app\public\wp-content\plugins\tutor\migrations\BatchProcessor.php(179): Tutor\Migrations\ProcessByWcMigrator->get_total_items()
#2 C:\Users\Constant\Local Sites\cli\app\public\wp-includes\class-wp-hook.php(324): Tutor\Migrations\BatchProcessor->process_batch()
#3 C:\Users\Constant\Local Sites\cli\app\public\wp-includes\class-wp-hook.php(348): WP_Hook->apply_filters('', Array)
#4 C:\Users\Constant\Local Sites\cli\app\public\wp-includes\plugin.php(565): WP_Hook->do_action(Array)
#5 C:\Users\Constant\Local Sites\cli\app\public\wp-cron.php(191): do_action_ref_array('process_by_wc_m...', Array)
#6 {main}
  thrown in C:\Users\Constant\Local Sites\cli\app\public\wp-content\plugins\tutor\helpers\QueryHelper.php on line 1120
[07-Oct-2025 10:33:24 UTC] PHP Warning:  Trying to access array offset on value of type bool in C:\Users\Constant\Local Sites\cli\app\public\wp-content\plugins\edumel-core\inc\elementor\category.php on line 232
[07-Oct-2025 10:33:54 UTC] WordPress database error Table 'local.wp_wc_orders_meta' doesn't exist for query 
			SELECT COUNT(te.earning_id) as total_count
			FROM wp_tutor_earnings te
			 INNER JOIN wp_wc_orders_meta wcom ON te.order_id = wcom.order_id 
			WHERE te.process_by = 'tutor' AND wcom.meta_key = '_is_tutor_order_for_course'
		 made by do_action_ref_array('process_by_wc_migrator'), WP_Hook->do_action, WP_Hook->apply_filters, Tutor\Migrations\BatchProcessor->process_batch, Tutor\Migrations\ProcessByWcMigrator->get_total_items, Tutor\Helpers\QueryHelper::get_joined_count
[07-Oct-2025 10:33:54 UTC] PHP Fatal error:  Uncaught Exception: Table 'local.wp_wc_orders_meta' doesn't exist in C:\Users\Constant\Local Sites\cli\app\public\wp-content\plugins\tutor\helpers\QueryHelper.php:1120
Stack trace:
#0 C:\Users\Constant\Local Sites\cli\app\public\wp-content\plugins\tutor\migrations\ProcessByWcMigrator.php(82): Tutor\Helpers\QueryHelper::get_joined_count('tutor_earnings ...', Array, Array, Array, 'te.earning_id')
#1 C:\Users\Constant\Local Sites\cli\app\public\wp-content\plugins\tutor\migrations\BatchProcessor.php(179): Tutor\Migrations\ProcessByWcMigrator->get_total_items()
#2 C:\Users\Constant\Local Sites\cli\app\public\wp-includes\class-wp-hook.php(324): Tutor\Migrations\BatchProcessor->process_batch()
#3 C:\Users\Constant\Local Sites\cli\app\public\wp-includes\class-wp-hook.php(348): WP_Hook->apply_filters('', Array)
#4 C:\Users\Constant\Local Sites\cli\app\public\wp-includes\plugin.php(565): WP_Hook->do_action(Array)
#5 C:\Users\Constant\Local Sites\cli\app\public\wp-cron.php(191): do_action_ref_array('process_by_wc_m...', Array)
#6 {main}
  thrown in C:\Users\Constant\Local Sites\cli\app\public\wp-content\plugins\tutor\helpers\QueryHelper.php on line 1120
[07-Oct-2025 10:36:52 UTC] WordPress database error Table 'local.wp_wc_orders_meta' doesn't exist for query 
			SELECT COUNT(te.earning_id) as total_count
			FROM wp_tutor_earnings te
			 INNER JOIN wp_wc_orders_meta wcom ON te.order_id = wcom.order_id 
			WHERE te.process_by = 'tutor' AND wcom.meta_key = '_is_tutor_order_for_course'
		 made by do_action_ref_array('process_by_wc_migrator'), WP_Hook->do_action, WP_Hook->apply_filters, Tutor\Migrations\BatchProcessor->process_batch, Tutor\Migrations\ProcessByWcMigrator->get_total_items, Tutor\Helpers\QueryHelper::get_joined_count
[07-Oct-2025 10:36:52 UTC] PHP Fatal error:  Uncaught Exception: Table 'local.wp_wc_orders_meta' doesn't exist in C:\Users\Constant\Local Sites\cli\app\public\wp-content\plugins\tutor\helpers\QueryHelper.php:1120
Stack trace:
#0 C:\Users\Constant\Local Sites\cli\app\public\wp-content\plugins\tutor\migrations\ProcessByWcMigrator.php(82): Tutor\Helpers\QueryHelper::get_joined_count('tutor_earnings ...', Array, Array, Array, 'te.earning_id')
#1 C:\Users\Constant\Local Sites\cli\app\public\wp-content\plugins\tutor\migrations\BatchProcessor.php(179): Tutor\Migrations\ProcessByWcMigrator->get_total_items()
#2 C:\Users\Constant\Local Sites\cli\app\public\wp-includes\class-wp-hook.php(324): Tutor\Migrations\BatchProcessor->process_batch()
#3 C:\Users\Constant\Local Sites\cli\app\public\wp-includes\class-wp-hook.php(348): WP_Hook->apply_filters('', Array)
#4 C:\Users\Constant\Local Sites\cli\app\public\wp-includes\plugin.php(565): WP_Hook->do_action(Array)
#5 C:\Users\Constant\Local Sites\cli\app\public\wp-cron.php(191): do_action_ref_array('process_by_wc_m...', Array)
#6 {main}
  thrown in C:\Users\Constant\Local Sites\cli\app\public\wp-content\plugins\tutor\helpers\QueryHelper.php on line 1120
[07-Oct-2025 10:38:07 UTC] WordPress database error Table 'local.wp_wc_orders_meta' doesn't exist for query 
			SELECT COUNT(te.earning_id) as total_count
			FROM wp_tutor_earnings te
			 INNER JOIN wp_wc_orders_meta wcom ON te.order_id = wcom.order_id 
			WHERE te.process_by = 'tutor' AND wcom.meta_key = '_is_tutor_order_for_course'
		 made by do_action_ref_array('process_by_wc_migrator'), WP_Hook->do_action, WP_Hook->apply_filters, Tutor\Migrations\BatchProcessor->process_batch, Tutor\Migrations\ProcessByWcMigrator->get_total_items, Tutor\Helpers\QueryHelper::get_joined_count
[07-Oct-2025 10:38:07 UTC] PHP Fatal error:  Uncaught Exception: Table 'local.wp_wc_orders_meta' doesn't exist in C:\Users\Constant\Local Sites\cli\app\public\wp-content\plugins\tutor\helpers\QueryHelper.php:1120
Stack trace:
#0 C:\Users\Constant\Local Sites\cli\app\public\wp-content\plugins\tutor\migrations\ProcessByWcMigrator.php(82): Tutor\Helpers\QueryHelper::get_joined_count('tutor_earnings ...', Array, Array, Array, 'te.earning_id')
#1 C:\Users\Constant\Local Sites\cli\app\public\wp-content\plugins\tutor\migrations\BatchProcessor.php(179): Tutor\Migrations\ProcessByWcMigrator->get_total_items()
#2 C:\Users\Constant\Local Sites\cli\app\public\wp-includes\class-wp-hook.php(324): Tutor\Migrations\BatchProcessor->process_batch()
#3 C:\Users\Constant\Local Sites\cli\app\public\wp-includes\class-wp-hook.php(348): WP_Hook->apply_filters('', Array)
#4 C:\Users\Constant\Local Sites\cli\app\public\wp-includes\plugin.php(565): WP_Hook->do_action(Array)
#5 C:\Users\Constant\Local Sites\cli\app\public\wp-cron.php(191): do_action_ref_array('process_by_wc_m...', Array)
#6 {main}
  thrown in C:\Users\Constant\Local Sites\cli\app\public\wp-content\plugins\tutor\helpers\QueryHelper.php on line 1120
[07-Oct-2025 10:39:25 UTC] WordPress database error Table 'local.wp_wc_orders_meta' doesn't exist for query 
			SELECT COUNT(te.earning_id) as total_count
			FROM wp_tutor_earnings te
			 INNER JOIN wp_wc_orders_meta wcom ON te.order_id = wcom.order_id 
			WHERE te.process_by = 'tutor' AND wcom.meta_key = '_is_tutor_order_for_course'
		 made by do_action_ref_array('process_by_wc_migrator'), WP_Hook->do_action, WP_Hook->apply_filters, Tutor\Migrations\BatchProcessor->process_batch, Tutor\Migrations\ProcessByWcMigrator->get_total_items, Tutor\Helpers\QueryHelper::get_joined_count
[07-Oct-2025 10:39:25 UTC] PHP Fatal error:  Uncaught Exception: Table 'local.wp_wc_orders_meta' doesn't exist in C:\Users\Constant\Local Sites\cli\app\public\wp-content\plugins\tutor\helpers\QueryHelper.php:1120
Stack trace:
#0 C:\Users\Constant\Local Sites\cli\app\public\wp-content\plugins\tutor\migrations\ProcessByWcMigrator.php(82): Tutor\Helpers\QueryHelper::get_joined_count('tutor_earnings ...', Array, Array, Array, 'te.earning_id')
#1 C:\Users\Constant\Local Sites\cli\app\public\wp-content\plugins\tutor\migrations\BatchProcessor.php(179): Tutor\Migrations\ProcessByWcMigrator->get_total_items()
#2 C:\Users\Constant\Local Sites\cli\app\public\wp-includes\class-wp-hook.php(324): Tutor\Migrations\BatchProcessor->process_batch()
#3 C:\Users\Constant\Local Sites\cli\app\public\wp-includes\class-wp-hook.php(348): WP_Hook->apply_filters('', Array)
#4 C:\Users\Constant\Local Sites\cli\app\public\wp-includes\plugin.php(565): WP_Hook->do_action(Array)
#5 C:\Users\Constant\Local Sites\cli\app\public\wp-cron.php(191): do_action_ref_array('process_by_wc_m...', Array)
#6 {main}
  thrown in C:\Users\Constant\Local Sites\cli\app\public\wp-content\plugins\tutor\helpers\QueryHelper.php on line 1120
[07-Oct-2025 10:40:36 UTC] WordPress database error Table 'local.wp_wc_orders_meta' doesn't exist for query 
			SELECT COUNT(te.earning_id) as total_count
			FROM wp_tutor_earnings te
			 INNER JOIN wp_wc_orders_meta wcom ON te.order_id = wcom.order_id 
			WHERE te.process_by = 'tutor' AND wcom.meta_key = '_is_tutor_order_for_course'
		 made by do_action_ref_array('process_by_wc_migrator'), WP_Hook->do_action, WP_Hook->apply_filters, Tutor\Migrations\BatchProcessor->process_batch, Tutor\Migrations\ProcessByWcMigrator->get_total_items, Tutor\Helpers\QueryHelper::get_joined_count
[07-Oct-2025 10:40:36 UTC] PHP Fatal error:  Uncaught Exception: Table 'local.wp_wc_orders_meta' doesn't exist in C:\Users\Constant\Local Sites\cli\app\public\wp-content\plugins\tutor\helpers\QueryHelper.php:1120
Stack trace:
#0 C:\Users\Constant\Local Sites\cli\app\public\wp-content\plugins\tutor\migrations\ProcessByWcMigrator.php(82): Tutor\Helpers\QueryHelper::get_joined_count('tutor_earnings ...', Array, Array, Array, 'te.earning_id')
#1 C:\Users\Constant\Local Sites\cli\app\public\wp-content\plugins\tutor\migrations\BatchProcessor.php(179): Tutor\Migrations\ProcessByWcMigrator->get_total_items()
#2 C:\Users\Constant\Local Sites\cli\app\public\wp-includes\class-wp-hook.php(324): Tutor\Migrations\BatchProcessor->process_batch()
#3 C:\Users\Constant\Local Sites\cli\app\public\wp-includes\class-wp-hook.php(348): WP_Hook->apply_filters('', Array)
#4 C:\Users\Constant\Local Sites\cli\app\public\wp-includes\plugin.php(565): WP_Hook->do_action(Array)
#5 C:\Users\Constant\Local Sites\cli\app\public\wp-cron.php(191): do_action_ref_array('process_by_wc_m...', Array)
#6 {main}
  thrown in C:\Users\Constant\Local Sites\cli\app\public\wp-content\plugins\tutor\helpers\QueryHelper.php on line 1120
[07-Oct-2025 10:41:48 UTC] WordPress database error Table 'local.wp_wc_orders_meta' doesn't exist for query 
			SELECT COUNT(te.earning_id) as total_count
			FROM wp_tutor_earnings te
			 INNER JOIN wp_wc_orders_meta wcom ON te.order_id = wcom.order_id 
			WHERE te.process_by = 'tutor' AND wcom.meta_key = '_is_tutor_order_for_course'
		 made by do_action_ref_array('process_by_wc_migrator'), WP_Hook->do_action, WP_Hook->apply_filters, Tutor\Migrations\BatchProcessor->process_batch, Tutor\Migrations\ProcessByWcMigrator->get_total_items, Tutor\Helpers\QueryHelper::get_joined_count
[07-Oct-2025 10:41:48 UTC] PHP Fatal error:  Uncaught Exception: Table 'local.wp_wc_orders_meta' doesn't exist in C:\Users\Constant\Local Sites\cli\app\public\wp-content\plugins\tutor\helpers\QueryHelper.php:1120
Stack trace:
#0 C:\Users\Constant\Local Sites\cli\app\public\wp-content\plugins\tutor\migrations\ProcessByWcMigrator.php(82): Tutor\Helpers\QueryHelper::get_joined_count('tutor_earnings ...', Array, Array, Array, 'te.earning_id')
#1 C:\Users\Constant\Local Sites\cli\app\public\wp-content\plugins\tutor\migrations\BatchProcessor.php(179): Tutor\Migrations\ProcessByWcMigrator->get_total_items()
#2 C:\Users\Constant\Local Sites\cli\app\public\wp-includes\class-wp-hook.php(324): Tutor\Migrations\BatchProcessor->process_batch()
#3 C:\Users\Constant\Local Sites\cli\app\public\wp-includes\class-wp-hook.php(348): WP_Hook->apply_filters('', Array)
#4 C:\Users\Constant\Local Sites\cli\app\public\wp-includes\plugin.php(565): WP_Hook->do_action(Array)
#5 C:\Users\Constant\Local Sites\cli\app\public\wp-cron.php(191): do_action_ref_array('process_by_wc_m...', Array)
#6 {main}
  thrown in C:\Users\Constant\Local Sites\cli\app\public\wp-content\plugins\tutor\helpers\QueryHelper.php on line 1120
[07-Oct-2025 10:43:01 UTC] WordPress database error Table 'local.wp_wc_orders_meta' doesn't exist for query 
			SELECT COUNT(te.earning_id) as total_count
			FROM wp_tutor_earnings te
			 INNER JOIN wp_wc_orders_meta wcom ON te.order_id = wcom.order_id 
			WHERE te.process_by = 'tutor' AND wcom.meta_key = '_is_tutor_order_for_course'
		 made by do_action_ref_array('process_by_wc_migrator'), WP_Hook->do_action, WP_Hook->apply_filters, Tutor\Migrations\BatchProcessor->process_batch, Tutor\Migrations\ProcessByWcMigrator->get_total_items, Tutor\Helpers\QueryHelper::get_joined_count
[07-Oct-2025 10:43:01 UTC] PHP Fatal error:  Uncaught Exception: Table 'local.wp_wc_orders_meta' doesn't exist in C:\Users\Constant\Local Sites\cli\app\public\wp-content\plugins\tutor\helpers\QueryHelper.php:1120
Stack trace:
#0 C:\Users\Constant\Local Sites\cli\app\public\wp-content\plugins\tutor\migrations\ProcessByWcMigrator.php(82): Tutor\Helpers\QueryHelper::get_joined_count('tutor_earnings ...', Array, Array, Array, 'te.earning_id')
#1 C:\Users\Constant\Local Sites\cli\app\public\wp-content\plugins\tutor\migrations\BatchProcessor.php(179): Tutor\Migrations\ProcessByWcMigrator->get_total_items()
#2 C:\Users\Constant\Local Sites\cli\app\public\wp-includes\class-wp-hook.php(324): Tutor\Migrations\BatchProcessor->process_batch()
#3 C:\Users\Constant\Local Sites\cli\app\public\wp-includes\class-wp-hook.php(348): WP_Hook->apply_filters('', Array)
#4 C:\Users\Constant\Local Sites\cli\app\public\wp-includes\plugin.php(565): WP_Hook->do_action(Array)
#5 C:\Users\Constant\Local Sites\cli\app\public\wp-cron.php(191): do_action_ref_array('process_by_wc_m...', Array)
#6 {main}
  thrown in C:\Users\Constant\Local Sites\cli\app\public\wp-content\plugins\tutor\helpers\QueryHelper.php on line 1120
[07-Oct-2025 10:44:15 UTC] WordPress database error Table 'local.wp_wc_orders_meta' doesn't exist for query 
			SELECT COUNT(te.earning_id) as total_count
			FROM wp_tutor_earnings te
			 INNER JOIN wp_wc_orders_meta wcom ON te.order_id = wcom.order_id 
			WHERE te.process_by = 'tutor' AND wcom.meta_key = '_is_tutor_order_for_course'
		 made by do_action_ref_array('process_by_wc_migrator'), WP_Hook->do_action, WP_Hook->apply_filters, Tutor\Migrations\BatchProcessor->process_batch, Tutor\Migrations\ProcessByWcMigrator->get_total_items, Tutor\Helpers\QueryHelper::get_joined_count
[07-Oct-2025 10:44:15 UTC] PHP Fatal error:  Uncaught Exception: Table 'local.wp_wc_orders_meta' doesn't exist in C:\Users\Constant\Local Sites\cli\app\public\wp-content\plugins\tutor\helpers\QueryHelper.php:1120
Stack trace:
#0 C:\Users\Constant\Local Sites\cli\app\public\wp-content\plugins\tutor\migrations\ProcessByWcMigrator.php(82): Tutor\Helpers\QueryHelper::get_joined_count('tutor_earnings ...', Array, Array, Array, 'te.earning_id')
#1 C:\Users\Constant\Local Sites\cli\app\public\wp-content\plugins\tutor\migrations\BatchProcessor.php(179): Tutor\Migrations\ProcessByWcMigrator->get_total_items()
#2 C:\Users\Constant\Local Sites\cli\app\public\wp-includes\class-wp-hook.php(324): Tutor\Migrations\BatchProcessor->process_batch()
#3 C:\Users\Constant\Local Sites\cli\app\public\wp-includes\class-wp-hook.php(348): WP_Hook->apply_filters('', Array)
#4 C:\Users\Constant\Local Sites\cli\app\public\wp-includes\plugin.php(565): WP_Hook->do_action(Array)
#5 C:\Users\Constant\Local Sites\cli\app\public\wp-cron.php(191): do_action_ref_array('process_by_wc_m...', Array)
#6 {main}
  thrown in C:\Users\Constant\Local Sites\cli\app\public\wp-content\plugins\tutor\helpers\QueryHelper.php on line 1120
[07-Oct-2025 10:45:15 UTC] WordPress database error Table 'local.wp_wc_orders_meta' doesn't exist for query 
			SELECT COUNT(te.earning_id) as total_count
			FROM wp_tutor_earnings te
			 INNER JOIN wp_wc_orders_meta wcom ON te.order_id = wcom.order_id 
			WHERE te.process_by = 'tutor' AND wcom.meta_key = '_is_tutor_order_for_course'
		 made by do_action_ref_array('process_by_wc_migrator'), WP_Hook->do_action, WP_Hook->apply_filters, Tutor\Migrations\BatchProcessor->process_batch, Tutor\Migrations\ProcessByWcMigrator->get_total_items, Tutor\Helpers\QueryHelper::get_joined_count
[07-Oct-2025 10:45:15 UTC] PHP Fatal error:  Uncaught Exception: Table 'local.wp_wc_orders_meta' doesn't exist in C:\Users\Constant\Local Sites\cli\app\public\wp-content\plugins\tutor\helpers\QueryHelper.php:1120
Stack trace:
#0 C:\Users\Constant\Local Sites\cli\app\public\wp-content\plugins\tutor\migrations\ProcessByWcMigrator.php(82): Tutor\Helpers\QueryHelper::get_joined_count('tutor_earnings ...', Array, Array, Array, 'te.earning_id')
#1 C:\Users\Constant\Local Sites\cli\app\public\wp-content\plugins\tutor\migrations\BatchProcessor.php(179): Tutor\Migrations\ProcessByWcMigrator->get_total_items()
#2 C:\Users\Constant\Local Sites\cli\app\public\wp-includes\class-wp-hook.php(324): Tutor\Migrations\BatchProcessor->process_batch()
#3 C:\Users\Constant\Local Sites\cli\app\public\wp-includes\class-wp-hook.php(348): WP_Hook->apply_filters('', Array)
#4 C:\Users\Constant\Local Sites\cli\app\public\wp-includes\plugin.php(565): WP_Hook->do_action(Array)
#5 C:\Users\Constant\Local Sites\cli\app\public\wp-cron.php(191): do_action_ref_array('process_by_wc_m...', Array)
#6 {main}
  thrown in C:\Users\Constant\Local Sites\cli\app\public\wp-content\plugins\tutor\helpers\QueryHelper.php on line 1120
[07-Oct-2025 10:46:18 UTC] WordPress database error Table 'local.wp_wc_orders_meta' doesn't exist for query 
			SELECT COUNT(te.earning_id) as total_count
			FROM wp_tutor_earnings te
			 INNER JOIN wp_wc_orders_meta wcom ON te.order_id = wcom.order_id 
			WHERE te.process_by = 'tutor' AND wcom.meta_key = '_is_tutor_order_for_course'
		 made by do_action_ref_array('process_by_wc_migrator'), WP_Hook->do_action, WP_Hook->apply_filters, Tutor\Migrations\BatchProcessor->process_batch, Tutor\Migrations\ProcessByWcMigrator->get_total_items, Tutor\Helpers\QueryHelper::get_joined_count
[07-Oct-2025 10:46:18 UTC] PHP Fatal error:  Uncaught Exception: Table 'local.wp_wc_orders_meta' doesn't exist in C:\Users\Constant\Local Sites\cli\app\public\wp-content\plugins\tutor\helpers\QueryHelper.php:1120
Stack trace:
#0 C:\Users\Constant\Local Sites\cli\app\public\wp-content\plugins\tutor\migrations\ProcessByWcMigrator.php(82): Tutor\Helpers\QueryHelper::get_joined_count('tutor_earnings ...', Array, Array, Array, 'te.earning_id')
#1 C:\Users\Constant\Local Sites\cli\app\public\wp-content\plugins\tutor\migrations\BatchProcessor.php(179): Tutor\Migrations\ProcessByWcMigrator->get_total_items()
#2 C:\Users\Constant\Local Sites\cli\app\public\wp-includes\class-wp-hook.php(324): Tutor\Migrations\BatchProcessor->process_batch()
#3 C:\Users\Constant\Local Sites\cli\app\public\wp-includes\class-wp-hook.php(348): WP_Hook->apply_filters('', Array)
#4 C:\Users\Constant\Local Sites\cli\app\public\wp-includes\plugin.php(565): WP_Hook->do_action(Array)
#5 C:\Users\Constant\Local Sites\cli\app\public\wp-cron.php(191): do_action_ref_array('process_by_wc_m...', Array)
#6 {main}
  thrown in C:\Users\Constant\Local Sites\cli\app\public\wp-content\plugins\tutor\helpers\QueryHelper.php on line 1120
[07-Oct-2025 10:47:19 UTC] WordPress database error Table 'local.wp_wc_orders_meta' doesn't exist for query 
			SELECT COUNT(te.earning_id) as total_count
			FROM wp_tutor_earnings te
			 INNER JOIN wp_wc_orders_meta wcom ON te.order_id = wcom.order_id 
			WHERE te.process_by = 'tutor' AND wcom.meta_key = '_is_tutor_order_for_course'
		 made by do_action_ref_array('process_by_wc_migrator'), WP_Hook->do_action, WP_Hook->apply_filters, Tutor\Migrations\BatchProcessor->process_batch, Tutor\Migrations\ProcessByWcMigrator->get_total_items, Tutor\Helpers\QueryHelper::get_joined_count
[07-Oct-2025 10:47:19 UTC] PHP Fatal error:  Uncaught Exception: Table 'local.wp_wc_orders_meta' doesn't exist in C:\Users\Constant\Local Sites\cli\app\public\wp-content\plugins\tutor\helpers\QueryHelper.php:1120
Stack trace:
#0 C:\Users\Constant\Local Sites\cli\app\public\wp-content\plugins\tutor\migrations\ProcessByWcMigrator.php(82): Tutor\Helpers\QueryHelper::get_joined_count('tutor_earnings ...', Array, Array, Array, 'te.earning_id')
#1 C:\Users\Constant\Local Sites\cli\app\public\wp-content\plugins\tutor\migrations\BatchProcessor.php(179): Tutor\Migrations\ProcessByWcMigrator->get_total_items()
#2 C:\Users\Constant\Local Sites\cli\app\public\wp-includes\class-wp-hook.php(324): Tutor\Migrations\BatchProcessor->process_batch()
#3 C:\Users\Constant\Local Sites\cli\app\public\wp-includes\class-wp-hook.php(348): WP_Hook->apply_filters('', Array)
#4 C:\Users\Constant\Local Sites\cli\app\public\wp-includes\plugin.php(565): WP_Hook->do_action(Array)
#5 C:\Users\Constant\Local Sites\cli\app\public\wp-cron.php(191): do_action_ref_array('process_by_wc_m...', Array)
#6 {main}
  thrown in C:\Users\Constant\Local Sites\cli\app\public\wp-content\plugins\tutor\helpers\QueryHelper.php on line 1120
[07-Oct-2025 10:48:26 UTC] WordPress database error Table 'local.wp_wc_orders_meta' doesn't exist for query 
			SELECT COUNT(te.earning_id) as total_count
			FROM wp_tutor_earnings te
			 INNER JOIN wp_wc_orders_meta wcom ON te.order_id = wcom.order_id 
			WHERE te.process_by = 'tutor' AND wcom.meta_key = '_is_tutor_order_for_course'
		 made by do_action_ref_array('process_by_wc_migrator'), WP_Hook->do_action, WP_Hook->apply_filters, Tutor\Migrations\BatchProcessor->process_batch, Tutor\Migrations\ProcessByWcMigrator->get_total_items, Tutor\Helpers\QueryHelper::get_joined_count
[07-Oct-2025 10:48:26 UTC] PHP Fatal error:  Uncaught Exception: Table 'local.wp_wc_orders_meta' doesn't exist in C:\Users\Constant\Local Sites\cli\app\public\wp-content\plugins\tutor\helpers\QueryHelper.php:1120
Stack trace:
#0 C:\Users\Constant\Local Sites\cli\app\public\wp-content\plugins\tutor\migrations\ProcessByWcMigrator.php(82): Tutor\Helpers\QueryHelper::get_joined_count('tutor_earnings ...', Array, Array, Array, 'te.earning_id')
#1 C:\Users\Constant\Local Sites\cli\app\public\wp-content\plugins\tutor\migrations\BatchProcessor.php(179): Tutor\Migrations\ProcessByWcMigrator->get_total_items()
#2 C:\Users\Constant\Local Sites\cli\app\public\wp-includes\class-wp-hook.php(324): Tutor\Migrations\BatchProcessor->process_batch()
#3 C:\Users\Constant\Local Sites\cli\app\public\wp-includes\class-wp-hook.php(348): WP_Hook->apply_filters('', Array)
#4 C:\Users\Constant\Local Sites\cli\app\public\wp-includes\plugin.php(565): WP_Hook->do_action(Array)
#5 C:\Users\Constant\Local Sites\cli\app\public\wp-cron.php(191): do_action_ref_array('process_by_wc_m...', Array)
#6 {main}
  thrown in C:\Users\Constant\Local Sites\cli\app\public\wp-content\plugins\tutor\helpers\QueryHelper.php on line 1120
[07-Oct-2025 10:49:27 UTC] WordPress database error Table 'local.wp_wc_orders_meta' doesn't exist for query 
			SELECT COUNT(te.earning_id) as total_count
			FROM wp_tutor_earnings te
			 INNER JOIN wp_wc_orders_meta wcom ON te.order_id = wcom.order_id 
			WHERE te.process_by = 'tutor' AND wcom.meta_key = '_is_tutor_order_for_course'
		 made by do_action_ref_array('process_by_wc_migrator'), WP_Hook->do_action, WP_Hook->apply_filters, Tutor\Migrations\BatchProcessor->process_batch, Tutor\Migrations\ProcessByWcMigrator->get_total_items, Tutor\Helpers\QueryHelper::get_joined_count
[07-Oct-2025 10:49:27 UTC] PHP Fatal error:  Uncaught Exception: Table 'local.wp_wc_orders_meta' doesn't exist in C:\Users\Constant\Local Sites\cli\app\public\wp-content\plugins\tutor\helpers\QueryHelper.php:1120
Stack trace:
#0 C:\Users\Constant\Local Sites\cli\app\public\wp-content\plugins\tutor\migrations\ProcessByWcMigrator.php(82): Tutor\Helpers\QueryHelper::get_joined_count('tutor_earnings ...', Array, Array, Array, 'te.earning_id')
#1 C:\Users\Constant\Local Sites\cli\app\public\wp-content\plugins\tutor\migrations\BatchProcessor.php(179): Tutor\Migrations\ProcessByWcMigrator->get_total_items()
#2 C:\Users\Constant\Local Sites\cli\app\public\wp-includes\class-wp-hook.php(324): Tutor\Migrations\BatchProcessor->process_batch()
#3 C:\Users\Constant\Local Sites\cli\app\public\wp-includes\class-wp-hook.php(348): WP_Hook->apply_filters('', Array)
#4 C:\Users\Constant\Local Sites\cli\app\public\wp-includes\plugin.php(565): WP_Hook->do_action(Array)
#5 C:\Users\Constant\Local Sites\cli\app\public\wp-cron.php(191): do_action_ref_array('process_by_wc_m...', Array)
#6 {main}
  thrown in C:\Users\Constant\Local Sites\cli\app\public\wp-content\plugins\tutor\helpers\QueryHelper.php on line 1120
[07-Oct-2025 10:50:30 UTC] WordPress database error Table 'local.wp_wc_orders_meta' doesn't exist for query 
			SELECT COUNT(te.earning_id) as total_count
			FROM wp_tutor_earnings te
			 INNER JOIN wp_wc_orders_meta wcom ON te.order_id = wcom.order_id 
			WHERE te.process_by = 'tutor' AND wcom.meta_key = '_is_tutor_order_for_course'
		 made by do_action_ref_array('process_by_wc_migrator'), WP_Hook->do_action, WP_Hook->apply_filters, Tutor\Migrations\BatchProcessor->process_batch, Tutor\Migrations\ProcessByWcMigrator->get_total_items, Tutor\Helpers\QueryHelper::get_joined_count
[07-Oct-2025 10:50:30 UTC] PHP Fatal error:  Uncaught Exception: Table 'local.wp_wc_orders_meta' doesn't exist in C:\Users\Constant\Local Sites\cli\app\public\wp-content\plugins\tutor\helpers\QueryHelper.php:1120
Stack trace:
#0 C:\Users\Constant\Local Sites\cli\app\public\wp-content\plugins\tutor\migrations\ProcessByWcMigrator.php(82): Tutor\Helpers\QueryHelper::get_joined_count('tutor_earnings ...', Array, Array, Array, 'te.earning_id')
#1 C:\Users\Constant\Local Sites\cli\app\public\wp-content\plugins\tutor\migrations\BatchProcessor.php(179): Tutor\Migrations\ProcessByWcMigrator->get_total_items()
#2 C:\Users\Constant\Local Sites\cli\app\public\wp-includes\class-wp-hook.php(324): Tutor\Migrations\BatchProcessor->process_batch()
#3 C:\Users\Constant\Local Sites\cli\app\public\wp-includes\class-wp-hook.php(348): WP_Hook->apply_filters('', Array)
#4 C:\Users\Constant\Local Sites\cli\app\public\wp-includes\plugin.php(565): WP_Hook->do_action(Array)
#5 C:\Users\Constant\Local Sites\cli\app\public\wp-cron.php(191): do_action_ref_array('process_by_wc_m...', Array)
#6 {main}
  thrown in C:\Users\Constant\Local Sites\cli\app\public\wp-content\plugins\tutor\helpers\QueryHelper.php on line 1120
[07-Oct-2025 10:51:32 UTC] WordPress database error Table 'local.wp_wc_orders_meta' doesn't exist for query 
			SELECT COUNT(te.earning_id) as total_count
			FROM wp_tutor_earnings te
			 INNER JOIN wp_wc_orders_meta wcom ON te.order_id = wcom.order_id 
			WHERE te.process_by = 'tutor' AND wcom.meta_key = '_is_tutor_order_for_course'
		 made by do_action_ref_array('process_by_wc_migrator'), WP_Hook->do_action, WP_Hook->apply_filters, Tutor\Migrations\BatchProcessor->process_batch, Tutor\Migrations\ProcessByWcMigrator->get_total_items, Tutor\Helpers\QueryHelper::get_joined_count
[07-Oct-2025 10:51:32 UTC] PHP Fatal error:  Uncaught Exception: Table 'local.wp_wc_orders_meta' doesn't exist in C:\Users\Constant\Local Sites\cli\app\public\wp-content\plugins\tutor\helpers\QueryHelper.php:1120
Stack trace:
#0 C:\Users\Constant\Local Sites\cli\app\public\wp-content\plugins\tutor\migrations\ProcessByWcMigrator.php(82): Tutor\Helpers\QueryHelper::get_joined_count('tutor_earnings ...', Array, Array, Array, 'te.earning_id')
#1 C:\Users\Constant\Local Sites\cli\app\public\wp-content\plugins\tutor\migrations\BatchProcessor.php(179): Tutor\Migrations\ProcessByWcMigrator->get_total_items()
#2 C:\Users\Constant\Local Sites\cli\app\public\wp-includes\class-wp-hook.php(324): Tutor\Migrations\BatchProcessor->process_batch()
#3 C:\Users\Constant\Local Sites\cli\app\public\wp-includes\class-wp-hook.php(348): WP_Hook->apply_filters('', Array)
#4 C:\Users\Constant\Local Sites\cli\app\public\wp-includes\plugin.php(565): WP_Hook->do_action(Array)
#5 C:\Users\Constant\Local Sites\cli\app\public\wp-cron.php(191): do_action_ref_array('process_by_wc_m...', Array)
#6 {main}
  thrown in C:\Users\Constant\Local Sites\cli\app\public\wp-content\plugins\tutor\helpers\QueryHelper.php on line 1120
[07-Oct-2025 10:52:34 UTC] WordPress database error Table 'local.wp_wc_orders_meta' doesn't exist for query 
			SELECT COUNT(te.earning_id) as total_count
			FROM wp_tutor_earnings te
			 INNER JOIN wp_wc_orders_meta wcom ON te.order_id = wcom.order_id 
			WHERE te.process_by = 'tutor' AND wcom.meta_key = '_is_tutor_order_for_course'
		 made by do_action_ref_array('process_by_wc_migrator'), WP_Hook->do_action, WP_Hook->apply_filters, Tutor\Migrations\BatchProcessor->process_batch, Tutor\Migrations\ProcessByWcMigrator->get_total_items, Tutor\Helpers\QueryHelper::get_joined_count
[07-Oct-2025 10:52:34 UTC] PHP Fatal error:  Uncaught Exception: Table 'local.wp_wc_orders_meta' doesn't exist in C:\Users\Constant\Local Sites\cli\app\public\wp-content\plugins\tutor\helpers\QueryHelper.php:1120
Stack trace:
#0 C:\Users\Constant\Local Sites\cli\app\public\wp-content\plugins\tutor\migrations\ProcessByWcMigrator.php(82): Tutor\Helpers\QueryHelper::get_joined_count('tutor_earnings ...', Array, Array, Array, 'te.earning_id')
#1 C:\Users\Constant\Local Sites\cli\app\public\wp-content\plugins\tutor\migrations\BatchProcessor.php(179): Tutor\Migrations\ProcessByWcMigrator->get_total_items()
#2 C:\Users\Constant\Local Sites\cli\app\public\wp-includes\class-wp-hook.php(324): Tutor\Migrations\BatchProcessor->process_batch()
#3 C:\Users\Constant\Local Sites\cli\app\public\wp-includes\class-wp-hook.php(348): WP_Hook->apply_filters('', Array)
#4 C:\Users\Constant\Local Sites\cli\app\public\wp-includes\plugin.php(565): WP_Hook->do_action(Array)
#5 C:\Users\Constant\Local Sites\cli\app\public\wp-cron.php(191): do_action_ref_array('process_by_wc_m...', Array)
#6 {main}
  thrown in C:\Users\Constant\Local Sites\cli\app\public\wp-content\plugins\tutor\helpers\QueryHelper.php on line 1120
[07-Oct-2025 10:53:26 UTC] PHP Warning:  Undefined array key "pro-free-trial-popup" in C:\Users\Constant\Local Sites\cli\app\public\wp-content\plugins\elementor\modules\pro-free-trial-popup\module.php on line 118
[07-Oct-2025 10:53:26 UTC] PHP Warning:  Trying to access array offset on value of type null in C:\Users\Constant\Local Sites\cli\app\public\wp-content\plugins\elementor\modules\pro-free-trial-popup\module.php on line 118
[07-Oct-2025 10:53:26 UTC] PHP Warning:  Trying to access array offset on value of type null in C:\Users\Constant\Local Sites\cli\app\public\wp-content\plugins\elementor\modules\pro-free-trial-popup\module.php on line 118
[07-Oct-2025 10:53:43 UTC] WordPress database error Table 'local.wp_wc_orders_meta' doesn't exist for query 
			SELECT COUNT(te.earning_id) as total_count
			FROM wp_tutor_earnings te
			 INNER JOIN wp_wc_orders_meta wcom ON te.order_id = wcom.order_id 
			WHERE te.process_by = 'tutor' AND wcom.meta_key = '_is_tutor_order_for_course'
		 made by do_action_ref_array('process_by_wc_migrator'), WP_Hook->do_action, WP_Hook->apply_filters, Tutor\Migrations\BatchProcessor->process_batch, Tutor\Migrations\ProcessByWcMigrator->get_total_items, Tutor\Helpers\QueryHelper::get_joined_count
[07-Oct-2025 10:53:43 UTC] PHP Fatal error:  Uncaught Exception: Table 'local.wp_wc_orders_meta' doesn't exist in C:\Users\Constant\Local Sites\cli\app\public\wp-content\plugins\tutor\helpers\QueryHelper.php:1120
Stack trace:
#0 C:\Users\Constant\Local Sites\cli\app\public\wp-content\plugins\tutor\migrations\ProcessByWcMigrator.php(82): Tutor\Helpers\QueryHelper::get_joined_count('tutor_earnings ...', Array, Array, Array, 'te.earning_id')
#1 C:\Users\Constant\Local Sites\cli\app\public\wp-content\plugins\tutor\migrations\BatchProcessor.php(179): Tutor\Migrations\ProcessByWcMigrator->get_total_items()
#2 C:\Users\Constant\Local Sites\cli\app\public\wp-includes\class-wp-hook.php(324): Tutor\Migrations\BatchProcessor->process_batch()
#3 C:\Users\Constant\Local Sites\cli\app\public\wp-includes\class-wp-hook.php(348): WP_Hook->apply_filters('', Array)
#4 C:\Users\Constant\Local Sites\cli\app\public\wp-includes\plugin.php(565): WP_Hook->do_action(Array)
#5 C:\Users\Constant\Local Sites\cli\app\public\wp-cron.php(191): do_action_ref_array('process_by_wc_m...', Array)
#6 {main}
  thrown in C:\Users\Constant\Local Sites\cli\app\public\wp-content\plugins\tutor\helpers\QueryHelper.php on line 1120
[07-Oct-2025 10:54:58 UTC] WordPress database error Table 'local.wp_wc_orders_meta' doesn't exist for query 
			SELECT COUNT(te.earning_id) as total_count
			FROM wp_tutor_earnings te
			 INNER JOIN wp_wc_orders_meta wcom ON te.order_id = wcom.order_id 
			WHERE te.process_by = 'tutor' AND wcom.meta_key = '_is_tutor_order_for_course'
		 made by do_action_ref_array('process_by_wc_migrator'), WP_Hook->do_action, WP_Hook->apply_filters, Tutor\Migrations\BatchProcessor->process_batch, Tutor\Migrations\ProcessByWcMigrator->get_total_items, Tutor\Helpers\QueryHelper::get_joined_count
[07-Oct-2025 10:54:58 UTC] PHP Fatal error:  Uncaught Exception: Table 'local.wp_wc_orders_meta' doesn't exist in C:\Users\Constant\Local Sites\cli\app\public\wp-content\plugins\tutor\helpers\QueryHelper.php:1120
Stack trace:
#0 C:\Users\Constant\Local Sites\cli\app\public\wp-content\plugins\tutor\migrations\ProcessByWcMigrator.php(82): Tutor\Helpers\QueryHelper::get_joined_count('tutor_earnings ...', Array, Array, Array, 'te.earning_id')
#1 C:\Users\Constant\Local Sites\cli\app\public\wp-content\plugins\tutor\migrations\BatchProcessor.php(179): Tutor\Migrations\ProcessByWcMigrator->get_total_items()
#2 C:\Users\Constant\Local Sites\cli\app\public\wp-includes\class-wp-hook.php(324): Tutor\Migrations\BatchProcessor->process_batch()
#3 C:\Users\Constant\Local Sites\cli\app\public\wp-includes\class-wp-hook.php(348): WP_Hook->apply_filters('', Array)
#4 C:\Users\Constant\Local Sites\cli\app\public\wp-includes\plugin.php(565): WP_Hook->do_action(Array)
#5 C:\Users\Constant\Local Sites\cli\app\public\wp-cron.php(191): do_action_ref_array('process_by_wc_m...', Array)
#6 {main}
  thrown in C:\Users\Constant\Local Sites\cli\app\public\wp-content\plugins\tutor\helpers\QueryHelper.php on line 1120
[07-Oct-2025 10:55:58 UTC] WordPress database error Table 'local.wp_wc_orders_meta' doesn't exist for query 
			SELECT COUNT(te.earning_id) as total_count
			FROM wp_tutor_earnings te
			 INNER JOIN wp_wc_orders_meta wcom ON te.order_id = wcom.order_id 
			WHERE te.process_by = 'tutor' AND wcom.meta_key = '_is_tutor_order_for_course'
		 made by do_action_ref_array('process_by_wc_migrator'), WP_Hook->do_action, WP_Hook->apply_filters, Tutor\Migrations\BatchProcessor->process_batch, Tutor\Migrations\ProcessByWcMigrator->get_total_items, Tutor\Helpers\QueryHelper::get_joined_count
[07-Oct-2025 10:55:58 UTC] PHP Fatal error:  Uncaught Exception: Table 'local.wp_wc_orders_meta' doesn't exist in C:\Users\Constant\Local Sites\cli\app\public\wp-content\plugins\tutor\helpers\QueryHelper.php:1120
Stack trace:
#0 C:\Users\Constant\Local Sites\cli\app\public\wp-content\plugins\tutor\migrations\ProcessByWcMigrator.php(82): Tutor\Helpers\QueryHelper::get_joined_count('tutor_earnings ...', Array, Array, Array, 'te.earning_id')
#1 C:\Users\Constant\Local Sites\cli\app\public\wp-content\plugins\tutor\migrations\BatchProcessor.php(179): Tutor\Migrations\ProcessByWcMigrator->get_total_items()
#2 C:\Users\Constant\Local Sites\cli\app\public\wp-includes\class-wp-hook.php(324): Tutor\Migrations\BatchProcessor->process_batch()
#3 C:\Users\Constant\Local Sites\cli\app\public\wp-includes\class-wp-hook.php(348): WP_Hook->apply_filters('', Array)
#4 C:\Users\Constant\Local Sites\cli\app\public\wp-includes\plugin.php(565): WP_Hook->do_action(Array)
#5 C:\Users\Constant\Local Sites\cli\app\public\wp-cron.php(191): do_action_ref_array('process_by_wc_m...', Array)
#6 {main}
  thrown in C:\Users\Constant\Local Sites\cli\app\public\wp-content\plugins\tutor\helpers\QueryHelper.php on line 1120
[07-Oct-2025 10:58:13 UTC] WordPress database error Table 'local.wp_wc_orders_meta' doesn't exist for query 
			SELECT COUNT(te.earning_id) as total_count
			FROM wp_tutor_earnings te
			 INNER JOIN wp_wc_orders_meta wcom ON te.order_id = wcom.order_id 
			WHERE te.process_by = 'tutor' AND wcom.meta_key = '_is_tutor_order_for_course'
		 made by do_action_ref_array('process_by_wc_migrator'), WP_Hook->do_action, WP_Hook->apply_filters, Tutor\Migrations\BatchProcessor->process_batch, Tutor\Migrations\ProcessByWcMigrator->get_total_items, Tutor\Helpers\QueryHelper::get_joined_count
[07-Oct-2025 10:58:13 UTC] PHP Fatal error:  Uncaught Exception: Table 'local.wp_wc_orders_meta' doesn't exist in C:\Users\Constant\Local Sites\cli\app\public\wp-content\plugins\tutor\helpers\QueryHelper.php:1120
Stack trace:
#0 C:\Users\Constant\Local Sites\cli\app\public\wp-content\plugins\tutor\migrations\ProcessByWcMigrator.php(82): Tutor\Helpers\QueryHelper::get_joined_count('tutor_earnings ...', Array, Array, Array, 'te.earning_id')
#1 C:\Users\Constant\Local Sites\cli\app\public\wp-content\plugins\tutor\migrations\BatchProcessor.php(179): Tutor\Migrations\ProcessByWcMigrator->get_total_items()
#2 C:\Users\Constant\Local Sites\cli\app\public\wp-includes\class-wp-hook.php(324): Tutor\Migrations\BatchProcessor->process_batch()
#3 C:\Users\Constant\Local Sites\cli\app\public\wp-includes\class-wp-hook.php(348): WP_Hook->apply_filters('', Array)
#4 C:\Users\Constant\Local Sites\cli\app\public\wp-includes\plugin.php(565): WP_Hook->do_action(Array)
#5 C:\Users\Constant\Local Sites\cli\app\public\wp-cron.php(191): do_action_ref_array('process_by_wc_m...', Array)
#6 {main}
  thrown in C:\Users\Constant\Local Sites\cli\app\public\wp-content\plugins\tutor\helpers\QueryHelper.php on line 1120
[07-Oct-2025 10:59:13 UTC] WordPress database error Table 'local.wp_wc_orders_meta' doesn't exist for query 
			SELECT COUNT(te.earning_id) as total_count
			FROM wp_tutor_earnings te
			 INNER JOIN wp_wc_orders_meta wcom ON te.order_id = wcom.order_id 
			WHERE te.process_by = 'tutor' AND wcom.meta_key = '_is_tutor_order_for_course'
		 made by do_action_ref_array('process_by_wc_migrator'), WP_Hook->do_action, WP_Hook->apply_filters, Tutor\Migrations\BatchProcessor->process_batch, Tutor\Migrations\ProcessByWcMigrator->get_total_items, Tutor\Helpers\QueryHelper::get_joined_count
[07-Oct-2025 10:59:13 UTC] PHP Fatal error:  Uncaught Exception: Table 'local.wp_wc_orders_meta' doesn't exist in C:\Users\Constant\Local Sites\cli\app\public\wp-content\plugins\tutor\helpers\QueryHelper.php:1120
Stack trace:
#0 C:\Users\Constant\Local Sites\cli\app\public\wp-content\plugins\tutor\migrations\ProcessByWcMigrator.php(82): Tutor\Helpers\QueryHelper::get_joined_count('tutor_earnings ...', Array, Array, Array, 'te.earning_id')
#1 C:\Users\Constant\Local Sites\cli\app\public\wp-content\plugins\tutor\migrations\BatchProcessor.php(179): Tutor\Migrations\ProcessByWcMigrator->get_total_items()
#2 C:\Users\Constant\Local Sites\cli\app\public\wp-includes\class-wp-hook.php(324): Tutor\Migrations\BatchProcessor->process_batch()
#3 C:\Users\Constant\Local Sites\cli\app\public\wp-includes\class-wp-hook.php(348): WP_Hook->apply_filters('', Array)
#4 C:\Users\Constant\Local Sites\cli\app\public\wp-includes\plugin.php(565): WP_Hook->do_action(Array)
#5 C:\Users\Constant\Local Sites\cli\app\public\wp-cron.php(191): do_action_ref_array('process_by_wc_m...', Array)
#6 {main}
  thrown in C:\Users\Constant\Local Sites\cli\app\public\wp-content\plugins\tutor\helpers\QueryHelper.php on line 1120
[07-Oct-2025 11:00:13 UTC] WordPress database error Table 'local.wp_wc_orders_meta' doesn't exist for query 
			SELECT COUNT(te.earning_id) as total_count
			FROM wp_tutor_earnings te
			 INNER JOIN wp_wc_orders_meta wcom ON te.order_id = wcom.order_id 
			WHERE te.process_by = 'tutor' AND wcom.meta_key = '_is_tutor_order_for_course'
		 made by do_action_ref_array('process_by_wc_migrator'), WP_Hook->do_action, WP_Hook->apply_filters, Tutor\Migrations\BatchProcessor->process_batch, Tutor\Migrations\ProcessByWcMigrator->get_total_items, Tutor\Helpers\QueryHelper::get_joined_count
[07-Oct-2025 11:00:13 UTC] PHP Fatal error:  Uncaught Exception: Table 'local.wp_wc_orders_meta' doesn't exist in C:\Users\Constant\Local Sites\cli\app\public\wp-content\plugins\tutor\helpers\QueryHelper.php:1120
Stack trace:
#0 C:\Users\Constant\Local Sites\cli\app\public\wp-content\plugins\tutor\migrations\ProcessByWcMigrator.php(82): Tutor\Helpers\QueryHelper::get_joined_count('tutor_earnings ...', Array, Array, Array, 'te.earning_id')
#1 C:\Users\Constant\Local Sites\cli\app\public\wp-content\plugins\tutor\migrations\BatchProcessor.php(179): Tutor\Migrations\ProcessByWcMigrator->get_total_items()
#2 C:\Users\Constant\Local Sites\cli\app\public\wp-includes\class-wp-hook.php(324): Tutor\Migrations\BatchProcessor->process_batch()
#3 C:\Users\Constant\Local Sites\cli\app\public\wp-includes\class-wp-hook.php(348): WP_Hook->apply_filters('', Array)
#4 C:\Users\Constant\Local Sites\cli\app\public\wp-includes\plugin.php(565): WP_Hook->do_action(Array)
#5 C:\Users\Constant\Local Sites\cli\app\public\wp-cron.php(191): do_action_ref_array('process_by_wc_m...', Array)
#6 {main}
  thrown in C:\Users\Constant\Local Sites\cli\app\public\wp-content\plugins\tutor\helpers\QueryHelper.php on line 1120
[07-Oct-2025 11:01:13 UTC] WordPress database error Table 'local.wp_wc_orders_meta' doesn't exist for query 
			SELECT COUNT(te.earning_id) as total_count
			FROM wp_tutor_earnings te
			 INNER JOIN wp_wc_orders_meta wcom ON te.order_id = wcom.order_id 
			WHERE te.process_by = 'tutor' AND wcom.meta_key = '_is_tutor_order_for_course'
		 made by do_action_ref_array('process_by_wc_migrator'), WP_Hook->do_action, WP_Hook->apply_filters, Tutor\Migrations\BatchProcessor->process_batch, Tutor\Migrations\ProcessByWcMigrator->get_total_items, Tutor\Helpers\QueryHelper::get_joined_count
[07-Oct-2025 11:01:13 UTC] PHP Fatal error:  Uncaught Exception: Table 'local.wp_wc_orders_meta' doesn't exist in C:\Users\Constant\Local Sites\cli\app\public\wp-content\plugins\tutor\helpers\QueryHelper.php:1120
Stack trace:
#0 C:\Users\Constant\Local Sites\cli\app\public\wp-content\plugins\tutor\migrations\ProcessByWcMigrator.php(82): Tutor\Helpers\QueryHelper::get_joined_count('tutor_earnings ...', Array, Array, Array, 'te.earning_id')
#1 C:\Users\Constant\Local Sites\cli\app\public\wp-content\plugins\tutor\migrations\BatchProcessor.php(179): Tutor\Migrations\ProcessByWcMigrator->get_total_items()
#2 C:\Users\Constant\Local Sites\cli\app\public\wp-includes\class-wp-hook.php(324): Tutor\Migrations\BatchProcessor->process_batch()
#3 C:\Users\Constant\Local Sites\cli\app\public\wp-includes\class-wp-hook.php(348): WP_Hook->apply_filters('', Array)
#4 C:\Users\Constant\Local Sites\cli\app\public\wp-includes\plugin.php(565): WP_Hook->do_action(Array)
#5 C:\Users\Constant\Local Sites\cli\app\public\wp-cron.php(191): do_action_ref_array('process_by_wc_m...', Array)
#6 {main}
  thrown in C:\Users\Constant\Local Sites\cli\app\public\wp-content\plugins\tutor\helpers\QueryHelper.php on line 1120
[07-Oct-2025 11:02:18 UTC] WordPress database error Table 'local.wp_wc_orders_meta' doesn't exist for query 
			SELECT COUNT(te.earning_id) as total_count
			FROM wp_tutor_earnings te
			 INNER JOIN wp_wc_orders_meta wcom ON te.order_id = wcom.order_id 
			WHERE te.process_by = 'tutor' AND wcom.meta_key = '_is_tutor_order_for_course'
		 made by do_action_ref_array('process_by_wc_migrator'), WP_Hook->do_action, WP_Hook->apply_filters, Tutor\Migrations\BatchProcessor->process_batch, Tutor\Migrations\ProcessByWcMigrator->get_total_items, Tutor\Helpers\QueryHelper::get_joined_count
[07-Oct-2025 11:02:18 UTC] PHP Fatal error:  Uncaught Exception: Table 'local.wp_wc_orders_meta' doesn't exist in C:\Users\Constant\Local Sites\cli\app\public\wp-content\plugins\tutor\helpers\QueryHelper.php:1120
Stack trace:
#0 C:\Users\Constant\Local Sites\cli\app\public\wp-content\plugins\tutor\migrations\ProcessByWcMigrator.php(82): Tutor\Helpers\QueryHelper::get_joined_count('tutor_earnings ...', Array, Array, Array, 'te.earning_id')
#1 C:\Users\Constant\Local Sites\cli\app\public\wp-content\plugins\tutor\migrations\BatchProcessor.php(179): Tutor\Migrations\ProcessByWcMigrator->get_total_items()
#2 C:\Users\Constant\Local Sites\cli\app\public\wp-includes\class-wp-hook.php(324): Tutor\Migrations\BatchProcessor->process_batch()
#3 C:\Users\Constant\Local Sites\cli\app\public\wp-includes\class-wp-hook.php(348): WP_Hook->apply_filters('', Array)
#4 C:\Users\Constant\Local Sites\cli\app\public\wp-includes\plugin.php(565): WP_Hook->do_action(Array)
#5 C:\Users\Constant\Local Sites\cli\app\public\wp-cron.php(191): do_action_ref_array('process_by_wc_m...', Array)
#6 {main}
  thrown in C:\Users\Constant\Local Sites\cli\app\public\wp-content\plugins\tutor\helpers\QueryHelper.php on line 1120
[07-Oct-2025 11:03:28 UTC] WordPress database error Table 'local.wp_wc_orders_meta' doesn't exist for query 
			SELECT COUNT(te.earning_id) as total_count
			FROM wp_tutor_earnings te
			 INNER JOIN wp_wc_orders_meta wcom ON te.order_id = wcom.order_id 
			WHERE te.process_by = 'tutor' AND wcom.meta_key = '_is_tutor_order_for_course'
		 made by do_action_ref_array('process_by_wc_migrator'), WP_Hook->do_action, WP_Hook->apply_filters, Tutor\Migrations\BatchProcessor->process_batch, Tutor\Migrations\ProcessByWcMigrator->get_total_items, Tutor\Helpers\QueryHelper::get_joined_count
[07-Oct-2025 11:03:28 UTC] PHP Fatal error:  Uncaught Exception: Table 'local.wp_wc_orders_meta' doesn't exist in C:\Users\Constant\Local Sites\cli\app\public\wp-content\plugins\tutor\helpers\QueryHelper.php:1120
Stack trace:
#0 C:\Users\Constant\Local Sites\cli\app\public\wp-content\plugins\tutor\migrations\ProcessByWcMigrator.php(82): Tutor\Helpers\QueryHelper::get_joined_count('tutor_earnings ...', Array, Array, Array, 'te.earning_id')
#1 C:\Users\Constant\Local Sites\cli\app\public\wp-content\plugins\tutor\migrations\BatchProcessor.php(179): Tutor\Migrations\ProcessByWcMigrator->get_total_items()
#2 C:\Users\Constant\Local Sites\cli\app\public\wp-includes\class-wp-hook.php(324): Tutor\Migrations\BatchProcessor->process_batch()
#3 C:\Users\Constant\Local Sites\cli\app\public\wp-includes\class-wp-hook.php(348): WP_Hook->apply_filters('', Array)
#4 C:\Users\Constant\Local Sites\cli\app\public\wp-includes\plugin.php(565): WP_Hook->do_action(Array)
#5 C:\Users\Constant\Local Sites\cli\app\public\wp-cron.php(191): do_action_ref_array('process_by_wc_m...', Array)
#6 {main}
  thrown in C:\Users\Constant\Local Sites\cli\app\public\wp-content\plugins\tutor\helpers\QueryHelper.php on line 1120
[07-Oct-2025 11:04:28 UTC] WordPress database error Table 'local.wp_wc_orders_meta' doesn't exist for query 
			SELECT COUNT(te.earning_id) as total_count
			FROM wp_tutor_earnings te
			 INNER JOIN wp_wc_orders_meta wcom ON te.order_id = wcom.order_id 
			WHERE te.process_by = 'tutor' AND wcom.meta_key = '_is_tutor_order_for_course'
		 made by do_action_ref_array('process_by_wc_migrator'), WP_Hook->do_action, WP_Hook->apply_filters, Tutor\Migrations\BatchProcessor->process_batch, Tutor\Migrations\ProcessByWcMigrator->get_total_items, Tutor\Helpers\QueryHelper::get_joined_count
[07-Oct-2025 11:04:28 UTC] PHP Fatal error:  Uncaught Exception: Table 'local.wp_wc_orders_meta' doesn't exist in C:\Users\Constant\Local Sites\cli\app\public\wp-content\plugins\tutor\helpers\QueryHelper.php:1120
Stack trace:
#0 C:\Users\Constant\Local Sites\cli\app\public\wp-content\plugins\tutor\migrations\ProcessByWcMigrator.php(82): Tutor\Helpers\QueryHelper::get_joined_count('tutor_earnings ...', Array, Array, Array, 'te.earning_id')
#1 C:\Users\Constant\Local Sites\cli\app\public\wp-content\plugins\tutor\migrations\BatchProcessor.php(179): Tutor\Migrations\ProcessByWcMigrator->get_total_items()
#2 C:\Users\Constant\Local Sites\cli\app\public\wp-includes\class-wp-hook.php(324): Tutor\Migrations\BatchProcessor->process_batch()
#3 C:\Users\Constant\Local Sites\cli\app\public\wp-includes\class-wp-hook.php(348): WP_Hook->apply_filters('', Array)
#4 C:\Users\Constant\Local Sites\cli\app\public\wp-includes\plugin.php(565): WP_Hook->do_action(Array)
#5 C:\Users\Constant\Local Sites\cli\app\public\wp-cron.php(191): do_action_ref_array('process_by_wc_m...', Array)
#6 {main}
  thrown in C:\Users\Constant\Local Sites\cli\app\public\wp-content\plugins\tutor\helpers\QueryHelper.php on line 1120
[07-Oct-2025 11:05:29 UTC] WordPress database error Table 'local.wp_wc_orders_meta' doesn't exist for query 
			SELECT COUNT(te.earning_id) as total_count
			FROM wp_tutor_earnings te
			 INNER JOIN wp_wc_orders_meta wcom ON te.order_id = wcom.order_id 
			WHERE te.process_by = 'tutor' AND wcom.meta_key = '_is_tutor_order_for_course'
		 made by do_action_ref_array('process_by_wc_migrator'), WP_Hook->do_action, WP_Hook->apply_filters, Tutor\Migrations\BatchProcessor->process_batch, Tutor\Migrations\ProcessByWcMigrator->get_total_items, Tutor\Helpers\QueryHelper::get_joined_count
[07-Oct-2025 11:05:29 UTC] PHP Fatal error:  Uncaught Exception: Table 'local.wp_wc_orders_meta' doesn't exist in C:\Users\Constant\Local Sites\cli\app\public\wp-content\plugins\tutor\helpers\QueryHelper.php:1120
Stack trace:
#0 C:\Users\Constant\Local Sites\cli\app\public\wp-content\plugins\tutor\migrations\ProcessByWcMigrator.php(82): Tutor\Helpers\QueryHelper::get_joined_count('tutor_earnings ...', Array, Array, Array, 'te.earning_id')
#1 C:\Users\Constant\Local Sites\cli\app\public\wp-content\plugins\tutor\migrations\BatchProcessor.php(179): Tutor\Migrations\ProcessByWcMigrator->get_total_items()
#2 C:\Users\Constant\Local Sites\cli\app\public\wp-includes\class-wp-hook.php(324): Tutor\Migrations\BatchProcessor->process_batch()
#3 C:\Users\Constant\Local Sites\cli\app\public\wp-includes\class-wp-hook.php(348): WP_Hook->apply_filters('', Array)
#4 C:\Users\Constant\Local Sites\cli\app\public\wp-includes\plugin.php(565): WP_Hook->do_action(Array)
#5 C:\Users\Constant\Local Sites\cli\app\public\wp-cron.php(191): do_action_ref_array('process_by_wc_m...', Array)
#6 {main}
  thrown in C:\Users\Constant\Local Sites\cli\app\public\wp-content\plugins\tutor\helpers\QueryHelper.php on line 1120
[07-Oct-2025 11:06:29 UTC] WordPress database error Table 'local.wp_wc_orders_meta' doesn't exist for query 
			SELECT COUNT(te.earning_id) as total_count
			FROM wp_tutor_earnings te
			 INNER JOIN wp_wc_orders_meta wcom ON te.order_id = wcom.order_id 
			WHERE te.process_by = 'tutor' AND wcom.meta_key = '_is_tutor_order_for_course'
		 made by do_action_ref_array('process_by_wc_migrator'), WP_Hook->do_action, WP_Hook->apply_filters, Tutor\Migrations\BatchProcessor->process_batch, Tutor\Migrations\ProcessByWcMigrator->get_total_items, Tutor\Helpers\QueryHelper::get_joined_count
[07-Oct-2025 11:06:29 UTC] PHP Fatal error:  Uncaught Exception: Table 'local.wp_wc_orders_meta' doesn't exist in C:\Users\Constant\Local Sites\cli\app\public\wp-content\plugins\tutor\helpers\QueryHelper.php:1120
Stack trace:
#0 C:\Users\Constant\Local Sites\cli\app\public\wp-content\plugins\tutor\migrations\ProcessByWcMigrator.php(82): Tutor\Helpers\QueryHelper::get_joined_count('tutor_earnings ...', Array, Array, Array, 'te.earning_id')
#1 C:\Users\Constant\Local Sites\cli\app\public\wp-content\plugins\tutor\migrations\BatchProcessor.php(179): Tutor\Migrations\ProcessByWcMigrator->get_total_items()
#2 C:\Users\Constant\Local Sites\cli\app\public\wp-includes\class-wp-hook.php(324): Tutor\Migrations\BatchProcessor->process_batch()
#3 C:\Users\Constant\Local Sites\cli\app\public\wp-includes\class-wp-hook.php(348): WP_Hook->apply_filters('', Array)
#4 C:\Users\Constant\Local Sites\cli\app\public\wp-includes\plugin.php(565): WP_Hook->do_action(Array)
#5 C:\Users\Constant\Local Sites\cli\app\public\wp-cron.php(191): do_action_ref_array('process_by_wc_m...', Array)
#6 {main}
  thrown in C:\Users\Constant\Local Sites\cli\app\public\wp-content\plugins\tutor\helpers\QueryHelper.php on line 1120
[07-Oct-2025 11:07:29 UTC] WordPress database error Table 'local.wp_wc_orders_meta' doesn't exist for query 
			SELECT COUNT(te.earning_id) as total_count
			FROM wp_tutor_earnings te
			 INNER JOIN wp_wc_orders_meta wcom ON te.order_id = wcom.order_id 
			WHERE te.process_by = 'tutor' AND wcom.meta_key = '_is_tutor_order_for_course'
		 made by do_action_ref_array('process_by_wc_migrator'), WP_Hook->do_action, WP_Hook->apply_filters, Tutor\Migrations\BatchProcessor->process_batch, Tutor\Migrations\ProcessByWcMigrator->get_total_items, Tutor\Helpers\QueryHelper::get_joined_count
[07-Oct-2025 11:07:29 UTC] PHP Fatal error:  Uncaught Exception: Table 'local.wp_wc_orders_meta' doesn't exist in C:\Users\Constant\Local Sites\cli\app\public\wp-content\plugins\tutor\helpers\QueryHelper.php:1120
Stack trace:
#0 C:\Users\Constant\Local Sites\cli\app\public\wp-content\plugins\tutor\migrations\ProcessByWcMigrator.php(82): Tutor\Helpers\QueryHelper::get_joined_count('tutor_earnings ...', Array, Array, Array, 'te.earning_id')
#1 C:\Users\Constant\Local Sites\cli\app\public\wp-content\plugins\tutor\migrations\BatchProcessor.php(179): Tutor\Migrations\ProcessByWcMigrator->get_total_items()
#2 C:\Users\Constant\Local Sites\cli\app\public\wp-includes\class-wp-hook.php(324): Tutor\Migrations\BatchProcessor->process_batch()
#3 C:\Users\Constant\Local Sites\cli\app\public\wp-includes\class-wp-hook.php(348): WP_Hook->apply_filters('', Array)
#4 C:\Users\Constant\Local Sites\cli\app\public\wp-includes\plugin.php(565): WP_Hook->do_action(Array)
#5 C:\Users\Constant\Local Sites\cli\app\public\wp-cron.php(191): do_action_ref_array('process_by_wc_m...', Array)
#6 {main}
  thrown in C:\Users\Constant\Local Sites\cli\app\public\wp-content\plugins\tutor\helpers\QueryHelper.php on line 1120
[07-Oct-2025 11:08:43 UTC] WordPress database error Table 'local.wp_wc_orders_meta' doesn't exist for query 
			SELECT COUNT(te.earning_id) as total_count
			FROM wp_tutor_earnings te
			 INNER JOIN wp_wc_orders_meta wcom ON te.order_id = wcom.order_id 
			WHERE te.process_by = 'tutor' AND wcom.meta_key = '_is_tutor_order_for_course'
		 made by do_action_ref_array('process_by_wc_migrator'), WP_Hook->do_action, WP_Hook->apply_filters, Tutor\Migrations\BatchProcessor->process_batch, Tutor\Migrations\ProcessByWcMigrator->get_total_items, Tutor\Helpers\QueryHelper::get_joined_count
[07-Oct-2025 11:08:43 UTC] PHP Fatal error:  Uncaught Exception: Table 'local.wp_wc_orders_meta' doesn't exist in C:\Users\Constant\Local Sites\cli\app\public\wp-content\plugins\tutor\helpers\QueryHelper.php:1120
Stack trace:
#0 C:\Users\Constant\Local Sites\cli\app\public\wp-content\plugins\tutor\migrations\ProcessByWcMigrator.php(82): Tutor\Helpers\QueryHelper::get_joined_count('tutor_earnings ...', Array, Array, Array, 'te.earning_id')
#1 C:\Users\Constant\Local Sites\cli\app\public\wp-content\plugins\tutor\migrations\BatchProcessor.php(179): Tutor\Migrations\ProcessByWcMigrator->get_total_items()
#2 C:\Users\Constant\Local Sites\cli\app\public\wp-includes\class-wp-hook.php(324): Tutor\Migrations\BatchProcessor->process_batch()
#3 C:\Users\Constant\Local Sites\cli\app\public\wp-includes\class-wp-hook.php(348): WP_Hook->apply_filters('', Array)
#4 C:\Users\Constant\Local Sites\cli\app\public\wp-includes\plugin.php(565): WP_Hook->do_action(Array)
#5 C:\Users\Constant\Local Sites\cli\app\public\wp-cron.php(191): do_action_ref_array('process_by_wc_m...', Array)
#6 {main}
  thrown in C:\Users\Constant\Local Sites\cli\app\public\wp-content\plugins\tutor\helpers\QueryHelper.php on line 1120
[07-Oct-2025 11:09:43 UTC] WordPress database error Table 'local.wp_wc_orders_meta' doesn't exist for query 
			SELECT COUNT(te.earning_id) as total_count
			FROM wp_tutor_earnings te
			 INNER JOIN wp_wc_orders_meta wcom ON te.order_id = wcom.order_id 
			WHERE te.process_by = 'tutor' AND wcom.meta_key = '_is_tutor_order_for_course'
		 made by do_action_ref_array('process_by_wc_migrator'), WP_Hook->do_action, WP_Hook->apply_filters, Tutor\Migrations\BatchProcessor->process_batch, Tutor\Migrations\ProcessByWcMigrator->get_total_items, Tutor\Helpers\QueryHelper::get_joined_count
[07-Oct-2025 11:09:43 UTC] PHP Fatal error:  Uncaught Exception: Table 'local.wp_wc_orders_meta' doesn't exist in C:\Users\Constant\Local Sites\cli\app\public\wp-content\plugins\tutor\helpers\QueryHelper.php:1120
Stack trace:
#0 C:\Users\Constant\Local Sites\cli\app\public\wp-content\plugins\tutor\migrations\ProcessByWcMigrator.php(82): Tutor\Helpers\QueryHelper::get_joined_count('tutor_earnings ...', Array, Array, Array, 'te.earning_id')
#1 C:\Users\Constant\Local Sites\cli\app\public\wp-content\plugins\tutor\migrations\BatchProcessor.php(179): Tutor\Migrations\ProcessByWcMigrator->get_total_items()
#2 C:\Users\Constant\Local Sites\cli\app\public\wp-includes\class-wp-hook.php(324): Tutor\Migrations\BatchProcessor->process_batch()
#3 C:\Users\Constant\Local Sites\cli\app\public\wp-includes\class-wp-hook.php(348): WP_Hook->apply_filters('', Array)
#4 C:\Users\Constant\Local Sites\cli\app\public\wp-includes\plugin.php(565): WP_Hook->do_action(Array)
#5 C:\Users\Constant\Local Sites\cli\app\public\wp-cron.php(191): do_action_ref_array('process_by_wc_m...', Array)
#6 {main}
  thrown in C:\Users\Constant\Local Sites\cli\app\public\wp-content\plugins\tutor\helpers\QueryHelper.php on line 1120
[07-Oct-2025 11:10:43 UTC] WordPress database error Table 'local.wp_wc_orders_meta' doesn't exist for query 
			SELECT COUNT(te.earning_id) as total_count
			FROM wp_tutor_earnings te
			 INNER JOIN wp_wc_orders_meta wcom ON te.order_id = wcom.order_id 
			WHERE te.process_by = 'tutor' AND wcom.meta_key = '_is_tutor_order_for_course'
		 made by do_action_ref_array('process_by_wc_migrator'), WP_Hook->do_action, WP_Hook->apply_filters, Tutor\Migrations\BatchProcessor->process_batch, Tutor\Migrations\ProcessByWcMigrator->get_total_items, Tutor\Helpers\QueryHelper::get_joined_count
[07-Oct-2025 11:10:43 UTC] PHP Fatal error:  Uncaught Exception: Table 'local.wp_wc_orders_meta' doesn't exist in C:\Users\Constant\Local Sites\cli\app\public\wp-content\plugins\tutor\helpers\QueryHelper.php:1120
Stack trace:
#0 C:\Users\Constant\Local Sites\cli\app\public\wp-content\plugins\tutor\migrations\ProcessByWcMigrator.php(82): Tutor\Helpers\QueryHelper::get_joined_count('tutor_earnings ...', Array, Array, Array, 'te.earning_id')
#1 C:\Users\Constant\Local Sites\cli\app\public\wp-content\plugins\tutor\migrations\BatchProcessor.php(179): Tutor\Migrations\ProcessByWcMigrator->get_total_items()
#2 C:\Users\Constant\Local Sites\cli\app\public\wp-includes\class-wp-hook.php(324): Tutor\Migrations\BatchProcessor->process_batch()
#3 C:\Users\Constant\Local Sites\cli\app\public\wp-includes\class-wp-hook.php(348): WP_Hook->apply_filters('', Array)
#4 C:\Users\Constant\Local Sites\cli\app\public\wp-includes\plugin.php(565): WP_Hook->do_action(Array)
#5 C:\Users\Constant\Local Sites\cli\app\public\wp-cron.php(191): do_action_ref_array('process_by_wc_m...', Array)
#6 {main}
  thrown in C:\Users\Constant\Local Sites\cli\app\public\wp-content\plugins\tutor\helpers\QueryHelper.php on line 1120
[07-Oct-2025 11:11:44 UTC] WordPress database error Table 'local.wp_wc_orders_meta' doesn't exist for query 
			SELECT COUNT(te.earning_id) as total_count
			FROM wp_tutor_earnings te
			 INNER JOIN wp_wc_orders_meta wcom ON te.order_id = wcom.order_id 
			WHERE te.process_by = 'tutor' AND wcom.meta_key = '_is_tutor_order_for_course'
		 made by do_action_ref_array('process_by_wc_migrator'), WP_Hook->do_action, WP_Hook->apply_filters, Tutor\Migrations\BatchProcessor->process_batch, Tutor\Migrations\ProcessByWcMigrator->get_total_items, Tutor\Helpers\QueryHelper::get_joined_count
[07-Oct-2025 11:11:44 UTC] PHP Fatal error:  Uncaught Exception: Table 'local.wp_wc_orders_meta' doesn't exist in C:\Users\Constant\Local Sites\cli\app\public\wp-content\plugins\tutor\helpers\QueryHelper.php:1120
Stack trace:
#0 C:\Users\Constant\Local Sites\cli\app\public\wp-content\plugins\tutor\migrations\ProcessByWcMigrator.php(82): Tutor\Helpers\QueryHelper::get_joined_count('tutor_earnings ...', Array, Array, Array, 'te.earning_id')
#1 C:\Users\Constant\Local Sites\cli\app\public\wp-content\plugins\tutor\migrations\BatchProcessor.php(179): Tutor\Migrations\ProcessByWcMigrator->get_total_items()
#2 C:\Users\Constant\Local Sites\cli\app\public\wp-includes\class-wp-hook.php(324): Tutor\Migrations\BatchProcessor->process_batch()
#3 C:\Users\Constant\Local Sites\cli\app\public\wp-includes\class-wp-hook.php(348): WP_Hook->apply_filters('', Array)
#4 C:\Users\Constant\Local Sites\cli\app\public\wp-includes\plugin.php(565): WP_Hook->do_action(Array)
#5 C:\Users\Constant\Local Sites\cli\app\public\wp-cron.php(191): do_action_ref_array('process_by_wc_m...', Array)
#6 {main}
  thrown in C:\Users\Constant\Local Sites\cli\app\public\wp-content\plugins\tutor\helpers\QueryHelper.php on line 1120
[07-Oct-2025 11:12:45 UTC] WordPress database error Table 'local.wp_wc_orders_meta' doesn't exist for query 
			SELECT COUNT(te.earning_id) as total_count
			FROM wp_tutor_earnings te
			 INNER JOIN wp_wc_orders_meta wcom ON te.order_id = wcom.order_id 
			WHERE te.process_by = 'tutor' AND wcom.meta_key = '_is_tutor_order_for_course'
		 made by do_action_ref_array('process_by_wc_migrator'), WP_Hook->do_action, WP_Hook->apply_filters, Tutor\Migrations\BatchProcessor->process_batch, Tutor\Migrations\ProcessByWcMigrator->get_total_items, Tutor\Helpers\QueryHelper::get_joined_count
[07-Oct-2025 11:12:45 UTC] PHP Fatal error:  Uncaught Exception: Table 'local.wp_wc_orders_meta' doesn't exist in C:\Users\Constant\Local Sites\cli\app\public\wp-content\plugins\tutor\helpers\QueryHelper.php:1120
Stack trace:
#0 C:\Users\Constant\Local Sites\cli\app\public\wp-content\plugins\tutor\migrations\ProcessByWcMigrator.php(82): Tutor\Helpers\QueryHelper::get_joined_count('tutor_earnings ...', Array, Array, Array, 'te.earning_id')
#1 C:\Users\Constant\Local Sites\cli\app\public\wp-content\plugins\tutor\migrations\BatchProcessor.php(179): Tutor\Migrations\ProcessByWcMigrator->get_total_items()
#2 C:\Users\Constant\Local Sites\cli\app\public\wp-includes\class-wp-hook.php(324): Tutor\Migrations\BatchProcessor->process_batch()
#3 C:\Users\Constant\Local Sites\cli\app\public\wp-includes\class-wp-hook.php(348): WP_Hook->apply_filters('', Array)
#4 C:\Users\Constant\Local Sites\cli\app\public\wp-includes\plugin.php(565): WP_Hook->do_action(Array)
#5 C:\Users\Constant\Local Sites\cli\app\public\wp-cron.php(191): do_action_ref_array('process_by_wc_m...', Array)
#6 {main}
  thrown in C:\Users\Constant\Local Sites\cli\app\public\wp-content\plugins\tutor\helpers\QueryHelper.php on line 1120
[07-Oct-2025 11:13:58 UTC] WordPress database error Table 'local.wp_wc_orders_meta' doesn't exist for query 
			SELECT COUNT(te.earning_id) as total_count
			FROM wp_tutor_earnings te
			 INNER JOIN wp_wc_orders_meta wcom ON te.order_id = wcom.order_id 
			WHERE te.process_by = 'tutor' AND wcom.meta_key = '_is_tutor_order_for_course'
		 made by do_action_ref_array('process_by_wc_migrator'), WP_Hook->do_action, WP_Hook->apply_filters, Tutor\Migrations\BatchProcessor->process_batch, Tutor\Migrations\ProcessByWcMigrator->get_total_items, Tutor\Helpers\QueryHelper::get_joined_count
[07-Oct-2025 11:13:58 UTC] PHP Fatal error:  Uncaught Exception: Table 'local.wp_wc_orders_meta' doesn't exist in C:\Users\Constant\Local Sites\cli\app\public\wp-content\plugins\tutor\helpers\QueryHelper.php:1120
Stack trace:
#0 C:\Users\Constant\Local Sites\cli\app\public\wp-content\plugins\tutor\migrations\ProcessByWcMigrator.php(82): Tutor\Helpers\QueryHelper::get_joined_count('tutor_earnings ...', Array, Array, Array, 'te.earning_id')
#1 C:\Users\Constant\Local Sites\cli\app\public\wp-content\plugins\tutor\migrations\BatchProcessor.php(179): Tutor\Migrations\ProcessByWcMigrator->get_total_items()
#2 C:\Users\Constant\Local Sites\cli\app\public\wp-includes\class-wp-hook.php(324): Tutor\Migrations\BatchProcessor->process_batch()
#3 C:\Users\Constant\Local Sites\cli\app\public\wp-includes\class-wp-hook.php(348): WP_Hook->apply_filters('', Array)
#4 C:\Users\Constant\Local Sites\cli\app\public\wp-includes\plugin.php(565): WP_Hook->do_action(Array)
#5 C:\Users\Constant\Local Sites\cli\app\public\wp-cron.php(191): do_action_ref_array('process_by_wc_m...', Array)
#6 {main}
  thrown in C:\Users\Constant\Local Sites\cli\app\public\wp-content\plugins\tutor\helpers\QueryHelper.php on line 1120
[07-Oct-2025 11:14:58 UTC] WordPress database error Table 'local.wp_wc_orders_meta' doesn't exist for query 
			SELECT COUNT(te.earning_id) as total_count
			FROM wp_tutor_earnings te
			 INNER JOIN wp_wc_orders_meta wcom ON te.order_id = wcom.order_id 
			WHERE te.process_by = 'tutor' AND wcom.meta_key = '_is_tutor_order_for_course'
		 made by do_action_ref_array('process_by_wc_migrator'), WP_Hook->do_action, WP_Hook->apply_filters, Tutor\Migrations\BatchProcessor->process_batch, Tutor\Migrations\ProcessByWcMigrator->get_total_items, Tutor\Helpers\QueryHelper::get_joined_count
[07-Oct-2025 11:14:58 UTC] PHP Fatal error:  Uncaught Exception: Table 'local.wp_wc_orders_meta' doesn't exist in C:\Users\Constant\Local Sites\cli\app\public\wp-content\plugins\tutor\helpers\QueryHelper.php:1120
Stack trace:
#0 C:\Users\Constant\Local Sites\cli\app\public\wp-content\plugins\tutor\migrations\ProcessByWcMigrator.php(82): Tutor\Helpers\QueryHelper::get_joined_count('tutor_earnings ...', Array, Array, Array, 'te.earning_id')
#1 C:\Users\Constant\Local Sites\cli\app\public\wp-content\plugins\tutor\migrations\BatchProcessor.php(179): Tutor\Migrations\ProcessByWcMigrator->get_total_items()
#2 C:\Users\Constant\Local Sites\cli\app\public\wp-includes\class-wp-hook.php(324): Tutor\Migrations\BatchProcessor->process_batch()
#3 C:\Users\Constant\Local Sites\cli\app\public\wp-includes\class-wp-hook.php(348): WP_Hook->apply_filters('', Array)
#4 C:\Users\Constant\Local Sites\cli\app\public\wp-includes\plugin.php(565): WP_Hook->do_action(Array)
#5 C:\Users\Constant\Local Sites\cli\app\public\wp-cron.php(191): do_action_ref_array('process_by_wc_m...', Array)
#6 {main}
  thrown in C:\Users\Constant\Local Sites\cli\app\public\wp-content\plugins\tutor\helpers\QueryHelper.php on line 1120
[07-Oct-2025 11:15:59 UTC] WordPress database error Table 'local.wp_wc_orders_meta' doesn't exist for query 
			SELECT COUNT(te.earning_id) as total_count
			FROM wp_tutor_earnings te
			 INNER JOIN wp_wc_orders_meta wcom ON te.order_id = wcom.order_id 
			WHERE te.process_by = 'tutor' AND wcom.meta_key = '_is_tutor_order_for_course'
		 made by do_action_ref_array('process_by_wc_migrator'), WP_Hook->do_action, WP_Hook->apply_filters, Tutor\Migrations\BatchProcessor->process_batch, Tutor\Migrations\ProcessByWcMigrator->get_total_items, Tutor\Helpers\QueryHelper::get_joined_count
[07-Oct-2025 11:15:59 UTC] PHP Fatal error:  Uncaught Exception: Table 'local.wp_wc_orders_meta' doesn't exist in C:\Users\Constant\Local Sites\cli\app\public\wp-content\plugins\tutor\helpers\QueryHelper.php:1120
Stack trace:
#0 C:\Users\Constant\Local Sites\cli\app\public\wp-content\plugins\tutor\migrations\ProcessByWcMigrator.php(82): Tutor\Helpers\QueryHelper::get_joined_count('tutor_earnings ...', Array, Array, Array, 'te.earning_id')
#1 C:\Users\Constant\Local Sites\cli\app\public\wp-content\plugins\tutor\migrations\BatchProcessor.php(179): Tutor\Migrations\ProcessByWcMigrator->get_total_items()
#2 C:\Users\Constant\Local Sites\cli\app\public\wp-includes\class-wp-hook.php(324): Tutor\Migrations\BatchProcessor->process_batch()
#3 C:\Users\Constant\Local Sites\cli\app\public\wp-includes\class-wp-hook.php(348): WP_Hook->apply_filters('', Array)
#4 C:\Users\Constant\Local Sites\cli\app\public\wp-includes\plugin.php(565): WP_Hook->do_action(Array)
#5 C:\Users\Constant\Local Sites\cli\app\public\wp-cron.php(191): do_action_ref_array('process_by_wc_m...', Array)
#6 {main}
  thrown in C:\Users\Constant\Local Sites\cli\app\public\wp-content\plugins\tutor\helpers\QueryHelper.php on line 1120
[07-Oct-2025 11:17:05 UTC] WordPress database error Table 'local.wp_wc_orders_meta' doesn't exist for query 
			SELECT COUNT(te.earning_id) as total_count
			FROM wp_tutor_earnings te
			 INNER JOIN wp_wc_orders_meta wcom ON te.order_id = wcom.order_id 
			WHERE te.process_by = 'tutor' AND wcom.meta_key = '_is_tutor_order_for_course'
		 made by do_action_ref_array('process_by_wc_migrator'), WP_Hook->do_action, WP_Hook->apply_filters, Tutor\Migrations\BatchProcessor->process_batch, Tutor\Migrations\ProcessByWcMigrator->get_total_items, Tutor\Helpers\QueryHelper::get_joined_count
[07-Oct-2025 11:17:05 UTC] PHP Fatal error:  Uncaught Exception: Table 'local.wp_wc_orders_meta' doesn't exist in C:\Users\Constant\Local Sites\cli\app\public\wp-content\plugins\tutor\helpers\QueryHelper.php:1120
Stack trace:
#0 C:\Users\Constant\Local Sites\cli\app\public\wp-content\plugins\tutor\migrations\ProcessByWcMigrator.php(82): Tutor\Helpers\QueryHelper::get_joined_count('tutor_earnings ...', Array, Array, Array, 'te.earning_id')
#1 C:\Users\Constant\Local Sites\cli\app\public\wp-content\plugins\tutor\migrations\BatchProcessor.php(179): Tutor\Migrations\ProcessByWcMigrator->get_total_items()
#2 C:\Users\Constant\Local Sites\cli\app\public\wp-includes\class-wp-hook.php(324): Tutor\Migrations\BatchProcessor->process_batch()
#3 C:\Users\Constant\Local Sites\cli\app\public\wp-includes\class-wp-hook.php(348): WP_Hook->apply_filters('', Array)
#4 C:\Users\Constant\Local Sites\cli\app\public\wp-includes\plugin.php(565): WP_Hook->do_action(Array)
#5 C:\Users\Constant\Local Sites\cli\app\public\wp-cron.php(191): do_action_ref_array('process_by_wc_m...', Array)
#6 {main}
  thrown in C:\Users\Constant\Local Sites\cli\app\public\wp-content\plugins\tutor\helpers\QueryHelper.php on line 1120
[07-Oct-2025 11:17:49 UTC] PHP Warning:  Undefined array key "pro-free-trial-popup" in C:\Users\Constant\Local Sites\cli\app\public\wp-content\plugins\elementor\modules\pro-free-trial-popup\module.php on line 118
[07-Oct-2025 11:17:49 UTC] PHP Warning:  Trying to access array offset on value of type null in C:\Users\Constant\Local Sites\cli\app\public\wp-content\plugins\elementor\modules\pro-free-trial-popup\module.php on line 118
[07-Oct-2025 11:17:49 UTC] PHP Warning:  Trying to access array offset on value of type null in C:\Users\Constant\Local Sites\cli\app\public\wp-content\plugins\elementor\modules\pro-free-trial-popup\module.php on line 118
[07-Oct-2025 11:18:05 UTC] WordPress database error Table 'local.wp_wc_orders_meta' doesn't exist for query 
			SELECT COUNT(te.earning_id) as total_count
			FROM wp_tutor_earnings te
			 INNER JOIN wp_wc_orders_meta wcom ON te.order_id = wcom.order_id 
			WHERE te.process_by = 'tutor' AND wcom.meta_key = '_is_tutor_order_for_course'
		 made by do_action_ref_array('process_by_wc_migrator'), WP_Hook->do_action, WP_Hook->apply_filters, Tutor\Migrations\BatchProcessor->process_batch, Tutor\Migrations\ProcessByWcMigrator->get_total_items, Tutor\Helpers\QueryHelper::get_joined_count
[07-Oct-2025 11:18:05 UTC] PHP Fatal error:  Uncaught Exception: Table 'local.wp_wc_orders_meta' doesn't exist in C:\Users\Constant\Local Sites\cli\app\public\wp-content\plugins\tutor\helpers\QueryHelper.php:1120
Stack trace:
#0 C:\Users\Constant\Local Sites\cli\app\public\wp-content\plugins\tutor\migrations\ProcessByWcMigrator.php(82): Tutor\Helpers\QueryHelper::get_joined_count('tutor_earnings ...', Array, Array, Array, 'te.earning_id')
#1 C:\Users\Constant\Local Sites\cli\app\public\wp-content\plugins\tutor\migrations\BatchProcessor.php(179): Tutor\Migrations\ProcessByWcMigrator->get_total_items()
#2 C:\Users\Constant\Local Sites\cli\app\public\wp-includes\class-wp-hook.php(324): Tutor\Migrations\BatchProcessor->process_batch()
#3 C:\Users\Constant\Local Sites\cli\app\public\wp-includes\class-wp-hook.php(348): WP_Hook->apply_filters('', Array)
#4 C:\Users\Constant\Local Sites\cli\app\public\wp-includes\plugin.php(565): WP_Hook->do_action(Array)
#5 C:\Users\Constant\Local Sites\cli\app\public\wp-cron.php(191): do_action_ref_array('process_by_wc_m...', Array)
#6 {main}
  thrown in C:\Users\Constant\Local Sites\cli\app\public\wp-content\plugins\tutor\helpers\QueryHelper.php on line 1120
[07-Oct-2025 11:19:12 UTC] WordPress database error Table 'local.wp_wc_orders_meta' doesn't exist for query 
			SELECT COUNT(te.earning_id) as total_count
			FROM wp_tutor_earnings te
			 INNER JOIN wp_wc_orders_meta wcom ON te.order_id = wcom.order_id 
			WHERE te.process_by = 'tutor' AND wcom.meta_key = '_is_tutor_order_for_course'
		 made by do_action_ref_array('process_by_wc_migrator'), WP_Hook->do_action, WP_Hook->apply_filters, Tutor\Migrations\BatchProcessor->process_batch, Tutor\Migrations\ProcessByWcMigrator->get_total_items, Tutor\Helpers\QueryHelper::get_joined_count
[07-Oct-2025 11:19:12 UTC] PHP Fatal error:  Uncaught Exception: Table 'local.wp_wc_orders_meta' doesn't exist in C:\Users\Constant\Local Sites\cli\app\public\wp-content\plugins\tutor\helpers\QueryHelper.php:1120
Stack trace:
#0 C:\Users\Constant\Local Sites\cli\app\public\wp-content\plugins\tutor\migrations\ProcessByWcMigrator.php(82): Tutor\Helpers\QueryHelper::get_joined_count('tutor_earnings ...', Array, Array, Array, 'te.earning_id')
#1 C:\Users\Constant\Local Sites\cli\app\public\wp-content\plugins\tutor\migrations\BatchProcessor.php(179): Tutor\Migrations\ProcessByWcMigrator->get_total_items()
#2 C:\Users\Constant\Local Sites\cli\app\public\wp-includes\class-wp-hook.php(324): Tutor\Migrations\BatchProcessor->process_batch()
#3 C:\Users\Constant\Local Sites\cli\app\public\wp-includes\class-wp-hook.php(348): WP_Hook->apply_filters('', Array)
#4 C:\Users\Constant\Local Sites\cli\app\public\wp-includes\plugin.php(565): WP_Hook->do_action(Array)
#5 C:\Users\Constant\Local Sites\cli\app\public\wp-cron.php(191): do_action_ref_array('process_by_wc_m...', Array)
#6 {main}
  thrown in C:\Users\Constant\Local Sites\cli\app\public\wp-content\plugins\tutor\helpers\QueryHelper.php on line 1120
[07-Oct-2025 11:19:40 UTC] PHP Warning:  Undefined array key "pro-free-trial-popup" in C:\Users\Constant\Local Sites\cli\app\public\wp-content\plugins\elementor\modules\pro-free-trial-popup\module.php on line 118
[07-Oct-2025 11:19:40 UTC] PHP Warning:  Trying to access array offset on value of type null in C:\Users\Constant\Local Sites\cli\app\public\wp-content\plugins\elementor\modules\pro-free-trial-popup\module.php on line 118
[07-Oct-2025 11:19:40 UTC] PHP Warning:  Trying to access array offset on value of type null in C:\Users\Constant\Local Sites\cli\app\public\wp-content\plugins\elementor\modules\pro-free-trial-popup\module.php on line 118
[07-Oct-2025 11:20:22 UTC] WordPress database error Table 'local.wp_wc_orders_meta' doesn't exist for query 
			SELECT COUNT(te.earning_id) as total_count
			FROM wp_tutor_earnings te
			 INNER JOIN wp_wc_orders_meta wcom ON te.order_id = wcom.order_id 
			WHERE te.process_by = 'tutor' AND wcom.meta_key = '_is_tutor_order_for_course'
		 made by do_action_ref_array('process_by_wc_migrator'), WP_Hook->do_action, WP_Hook->apply_filters, Tutor\Migrations\BatchProcessor->process_batch, Tutor\Migrations\ProcessByWcMigrator->get_total_items, Tutor\Helpers\QueryHelper::get_joined_count
[07-Oct-2025 11:20:22 UTC] PHP Fatal error:  Uncaught Exception: Table 'local.wp_wc_orders_meta' doesn't exist in C:\Users\Constant\Local Sites\cli\app\public\wp-content\plugins\tutor\helpers\QueryHelper.php:1120
Stack trace:
#0 C:\Users\Constant\Local Sites\cli\app\public\wp-content\plugins\tutor\migrations\ProcessByWcMigrator.php(82): Tutor\Helpers\QueryHelper::get_joined_count('tutor_earnings ...', Array, Array, Array, 'te.earning_id')
#1 C:\Users\Constant\Local Sites\cli\app\public\wp-content\plugins\tutor\migrations\BatchProcessor.php(179): Tutor\Migrations\ProcessByWcMigrator->get_total_items()
#2 C:\Users\Constant\Local Sites\cli\app\public\wp-includes\class-wp-hook.php(324): Tutor\Migrations\BatchProcessor->process_batch()
#3 C:\Users\Constant\Local Sites\cli\app\public\wp-includes\class-wp-hook.php(348): WP_Hook->apply_filters('', Array)
#4 C:\Users\Constant\Local Sites\cli\app\public\wp-includes\plugin.php(565): WP_Hook->do_action(Array)
#5 C:\Users\Constant\Local Sites\cli\app\public\wp-cron.php(191): do_action_ref_array('process_by_wc_m...', Array)
#6 {main}
  thrown in C:\Users\Constant\Local Sites\cli\app\public\wp-content\plugins\tutor\helpers\QueryHelper.php on line 1120
[07-Oct-2025 11:21:27 UTC] WordPress database error Table 'local.wp_wc_orders_meta' doesn't exist for query 
			SELECT COUNT(te.earning_id) as total_count
			FROM wp_tutor_earnings te
			 INNER JOIN wp_wc_orders_meta wcom ON te.order_id = wcom.order_id 
			WHERE te.process_by = 'tutor' AND wcom.meta_key = '_is_tutor_order_for_course'
		 made by do_action_ref_array('process_by_wc_migrator'), WP_Hook->do_action, WP_Hook->apply_filters, Tutor\Migrations\BatchProcessor->process_batch, Tutor\Migrations\ProcessByWcMigrator->get_total_items, Tutor\Helpers\QueryHelper::get_joined_count
[07-Oct-2025 11:21:27 UTC] PHP Fatal error:  Uncaught Exception: Table 'local.wp_wc_orders_meta' doesn't exist in C:\Users\Constant\Local Sites\cli\app\public\wp-content\plugins\tutor\helpers\QueryHelper.php:1120
Stack trace:
#0 C:\Users\Constant\Local Sites\cli\app\public\wp-content\plugins\tutor\migrations\ProcessByWcMigrator.php(82): Tutor\Helpers\QueryHelper::get_joined_count('tutor_earnings ...', Array, Array, Array, 'te.earning_id')
#1 C:\Users\Constant\Local Sites\cli\app\public\wp-content\plugins\tutor\migrations\BatchProcessor.php(179): Tutor\Migrations\ProcessByWcMigrator->get_total_items()
#2 C:\Users\Constant\Local Sites\cli\app\public\wp-includes\class-wp-hook.php(324): Tutor\Migrations\BatchProcessor->process_batch()
#3 C:\Users\Constant\Local Sites\cli\app\public\wp-includes\class-wp-hook.php(348): WP_Hook->apply_filters('', Array)
#4 C:\Users\Constant\Local Sites\cli\app\public\wp-includes\plugin.php(565): WP_Hook->do_action(Array)
#5 C:\Users\Constant\Local Sites\cli\app\public\wp-cron.php(191): do_action_ref_array('process_by_wc_m...', Array)
#6 {main}
  thrown in C:\Users\Constant\Local Sites\cli\app\public\wp-content\plugins\tutor\helpers\QueryHelper.php on line 1120
[07-Oct-2025 11:22:05 UTC] PHP Warning:  Undefined array key "pro-free-trial-popup" in C:\Users\Constant\Local Sites\cli\app\public\wp-content\plugins\elementor\modules\pro-free-trial-popup\module.php on line 118
[07-Oct-2025 11:22:05 UTC] PHP Warning:  Trying to access array offset on value of type null in C:\Users\Constant\Local Sites\cli\app\public\wp-content\plugins\elementor\modules\pro-free-trial-popup\module.php on line 118
[07-Oct-2025 11:22:05 UTC] PHP Warning:  Trying to access array offset on value of type null in C:\Users\Constant\Local Sites\cli\app\public\wp-content\plugins\elementor\modules\pro-free-trial-popup\module.php on line 118
[07-Oct-2025 11:22:36 UTC] WordPress database error Table 'local.wp_wc_orders_meta' doesn't exist for query 
			SELECT COUNT(te.earning_id) as total_count
			FROM wp_tutor_earnings te
			 INNER JOIN wp_wc_orders_meta wcom ON te.order_id = wcom.order_id 
			WHERE te.process_by = 'tutor' AND wcom.meta_key = '_is_tutor_order_for_course'
		 made by do_action_ref_array('process_by_wc_migrator'), WP_Hook->do_action, WP_Hook->apply_filters, Tutor\Migrations\BatchProcessor->process_batch, Tutor\Migrations\ProcessByWcMigrator->get_total_items, Tutor\Helpers\QueryHelper::get_joined_count
[07-Oct-2025 11:22:36 UTC] PHP Fatal error:  Uncaught Exception: Table 'local.wp_wc_orders_meta' doesn't exist in C:\Users\Constant\Local Sites\cli\app\public\wp-content\plugins\tutor\helpers\QueryHelper.php:1120
Stack trace:
#0 C:\Users\Constant\Local Sites\cli\app\public\wp-content\plugins\tutor\migrations\ProcessByWcMigrator.php(82): Tutor\Helpers\QueryHelper::get_joined_count('tutor_earnings ...', Array, Array, Array, 'te.earning_id')
#1 C:\Users\Constant\Local Sites\cli\app\public\wp-content\plugins\tutor\migrations\BatchProcessor.php(179): Tutor\Migrations\ProcessByWcMigrator->get_total_items()
#2 C:\Users\Constant\Local Sites\cli\app\public\wp-includes\class-wp-hook.php(324): Tutor\Migrations\BatchProcessor->process_batch()
#3 C:\Users\Constant\Local Sites\cli\app\public\wp-includes\class-wp-hook.php(348): WP_Hook->apply_filters('', Array)
#4 C:\Users\Constant\Local Sites\cli\app\public\wp-includes\plugin.php(565): WP_Hook->do_action(Array)
#5 C:\Users\Constant\Local Sites\cli\app\public\wp-cron.php(191): do_action_ref_array('process_by_wc_m...', Array)
#6 {main}
  thrown in C:\Users\Constant\Local Sites\cli\app\public\wp-content\plugins\tutor\helpers\QueryHelper.php on line 1120
[07-Oct-2025 11:23:36 UTC] WordPress database error Table 'local.wp_wc_orders_meta' doesn't exist for query 
			SELECT COUNT(te.earning_id) as total_count
			FROM wp_tutor_earnings te
			 INNER JOIN wp_wc_orders_meta wcom ON te.order_id = wcom.order_id 
			WHERE te.process_by = 'tutor' AND wcom.meta_key = '_is_tutor_order_for_course'
		 made by do_action_ref_array('process_by_wc_migrator'), WP_Hook->do_action, WP_Hook->apply_filters, Tutor\Migrations\BatchProcessor->process_batch, Tutor\Migrations\ProcessByWcMigrator->get_total_items, Tutor\Helpers\QueryHelper::get_joined_count
[07-Oct-2025 11:23:36 UTC] PHP Fatal error:  Uncaught Exception: Table 'local.wp_wc_orders_meta' doesn't exist in C:\Users\Constant\Local Sites\cli\app\public\wp-content\plugins\tutor\helpers\QueryHelper.php:1120
Stack trace:
#0 C:\Users\Constant\Local Sites\cli\app\public\wp-content\plugins\tutor\migrations\ProcessByWcMigrator.php(82): Tutor\Helpers\QueryHelper::get_joined_count('tutor_earnings ...', Array, Array, Array, 'te.earning_id')
#1 C:\Users\Constant\Local Sites\cli\app\public\wp-content\plugins\tutor\migrations\BatchProcessor.php(179): Tutor\Migrations\ProcessByWcMigrator->get_total_items()
#2 C:\Users\Constant\Local Sites\cli\app\public\wp-includes\class-wp-hook.php(324): Tutor\Migrations\BatchProcessor->process_batch()
#3 C:\Users\Constant\Local Sites\cli\app\public\wp-includes\class-wp-hook.php(348): WP_Hook->apply_filters('', Array)
#4 C:\Users\Constant\Local Sites\cli\app\public\wp-includes\plugin.php(565): WP_Hook->do_action(Array)
#5 C:\Users\Constant\Local Sites\cli\app\public\wp-cron.php(191): do_action_ref_array('process_by_wc_m...', Array)
#6 {main}
  thrown in C:\Users\Constant\Local Sites\cli\app\public\wp-content\plugins\tutor\helpers\QueryHelper.php on line 1120
[07-Oct-2025 11:25:22 UTC] WordPress database error Table 'local.wp_wc_orders_meta' doesn't exist for query 
			SELECT COUNT(te.earning_id) as total_count
			FROM wp_tutor_earnings te
			 INNER JOIN wp_wc_orders_meta wcom ON te.order_id = wcom.order_id 
			WHERE te.process_by = 'tutor' AND wcom.meta_key = '_is_tutor_order_for_course'
		 made by do_action_ref_array('process_by_wc_migrator'), WP_Hook->do_action, WP_Hook->apply_filters, Tutor\Migrations\BatchProcessor->process_batch, Tutor\Migrations\ProcessByWcMigrator->get_total_items, Tutor\Helpers\QueryHelper::get_joined_count
[07-Oct-2025 11:25:22 UTC] PHP Fatal error:  Uncaught Exception: Table 'local.wp_wc_orders_meta' doesn't exist in C:\Users\Constant\Local Sites\cli\app\public\wp-content\plugins\tutor\helpers\QueryHelper.php:1120
Stack trace:
#0 C:\Users\Constant\Local Sites\cli\app\public\wp-content\plugins\tutor\migrations\ProcessByWcMigrator.php(82): Tutor\Helpers\QueryHelper::get_joined_count('tutor_earnings ...', Array, Array, Array, 'te.earning_id')
#1 C:\Users\Constant\Local Sites\cli\app\public\wp-content\plugins\tutor\migrations\BatchProcessor.php(179): Tutor\Migrations\ProcessByWcMigrator->get_total_items()
#2 C:\Users\Constant\Local Sites\cli\app\public\wp-includes\class-wp-hook.php(324): Tutor\Migrations\BatchProcessor->process_batch()
#3 C:\Users\Constant\Local Sites\cli\app\public\wp-includes\class-wp-hook.php(348): WP_Hook->apply_filters('', Array)
#4 C:\Users\Constant\Local Sites\cli\app\public\wp-includes\plugin.php(565): WP_Hook->do_action(Array)
#5 C:\Users\Constant\Local Sites\cli\app\public\wp-cron.php(191): do_action_ref_array('process_by_wc_m...', Array)
#6 {main}
  thrown in C:\Users\Constant\Local Sites\cli\app\public\wp-content\plugins\tutor\helpers\QueryHelper.php on line 1120
[07-Oct-2025 11:27:22 UTC] WordPress database error Table 'local.wp_wc_orders_meta' doesn't exist for query 
			SELECT COUNT(te.earning_id) as total_count
			FROM wp_tutor_earnings te
			 INNER JOIN wp_wc_orders_meta wcom ON te.order_id = wcom.order_id 
			WHERE te.process_by = 'tutor' AND wcom.meta_key = '_is_tutor_order_for_course'
		 made by do_action_ref_array('process_by_wc_migrator'), WP_Hook->do_action, WP_Hook->apply_filters, Tutor\Migrations\BatchProcessor->process_batch, Tutor\Migrations\ProcessByWcMigrator->get_total_items, Tutor\Helpers\QueryHelper::get_joined_count
[07-Oct-2025 11:27:22 UTC] PHP Fatal error:  Uncaught Exception: Table 'local.wp_wc_orders_meta' doesn't exist in C:\Users\Constant\Local Sites\cli\app\public\wp-content\plugins\tutor\helpers\QueryHelper.php:1120
Stack trace:
#0 C:\Users\Constant\Local Sites\cli\app\public\wp-content\plugins\tutor\migrations\ProcessByWcMigrator.php(82): Tutor\Helpers\QueryHelper::get_joined_count('tutor_earnings ...', Array, Array, Array, 'te.earning_id')
#1 C:\Users\Constant\Local Sites\cli\app\public\wp-content\plugins\tutor\migrations\BatchProcessor.php(179): Tutor\Migrations\ProcessByWcMigrator->get_total_items()
#2 C:\Users\Constant\Local Sites\cli\app\public\wp-includes\class-wp-hook.php(324): Tutor\Migrations\BatchProcessor->process_batch()
#3 C:\Users\Constant\Local Sites\cli\app\public\wp-includes\class-wp-hook.php(348): WP_Hook->apply_filters('', Array)
#4 C:\Users\Constant\Local Sites\cli\app\public\wp-includes\plugin.php(565): WP_Hook->do_action(Array)
#5 C:\Users\Constant\Local Sites\cli\app\public\wp-cron.php(191): do_action_ref_array('process_by_wc_m...', Array)
#6 {main}
  thrown in C:\Users\Constant\Local Sites\cli\app\public\wp-content\plugins\tutor\helpers\QueryHelper.php on line 1120
[07-Oct-2025 11:29:22 UTC] WordPress database error Table 'local.wp_wc_orders_meta' doesn't exist for query 
			SELECT COUNT(te.earning_id) as total_count
			FROM wp_tutor_earnings te
			 INNER JOIN wp_wc_orders_meta wcom ON te.order_id = wcom.order_id 
			WHERE te.process_by = 'tutor' AND wcom.meta_key = '_is_tutor_order_for_course'
		 made by do_action_ref_array('process_by_wc_migrator'), WP_Hook->do_action, WP_Hook->apply_filters, Tutor\Migrations\BatchProcessor->process_batch, Tutor\Migrations\ProcessByWcMigrator->get_total_items, Tutor\Helpers\QueryHelper::get_joined_count
[07-Oct-2025 11:29:22 UTC] PHP Fatal error:  Uncaught Exception: Table 'local.wp_wc_orders_meta' doesn't exist in C:\Users\Constant\Local Sites\cli\app\public\wp-content\plugins\tutor\helpers\QueryHelper.php:1120
Stack trace:
#0 C:\Users\Constant\Local Sites\cli\app\public\wp-content\plugins\tutor\migrations\ProcessByWcMigrator.php(82): Tutor\Helpers\QueryHelper::get_joined_count('tutor_earnings ...', Array, Array, Array, 'te.earning_id')
#1 C:\Users\Constant\Local Sites\cli\app\public\wp-content\plugins\tutor\migrations\BatchProcessor.php(179): Tutor\Migrations\ProcessByWcMigrator->get_total_items()
#2 C:\Users\Constant\Local Sites\cli\app\public\wp-includes\class-wp-hook.php(324): Tutor\Migrations\BatchProcessor->process_batch()
#3 C:\Users\Constant\Local Sites\cli\app\public\wp-includes\class-wp-hook.php(348): WP_Hook->apply_filters('', Array)
#4 C:\Users\Constant\Local Sites\cli\app\public\wp-includes\plugin.php(565): WP_Hook->do_action(Array)
#5 C:\Users\Constant\Local Sites\cli\app\public\wp-cron.php(191): do_action_ref_array('process_by_wc_m...', Array)
#6 {main}
  thrown in C:\Users\Constant\Local Sites\cli\app\public\wp-content\plugins\tutor\helpers\QueryHelper.php on line 1120
[07-Oct-2025 11:30:25 UTC] WordPress database error Table 'local.wp_wc_orders_meta' doesn't exist for query 
			SELECT COUNT(te.earning_id) as total_count
			FROM wp_tutor_earnings te
			 INNER JOIN wp_wc_orders_meta wcom ON te.order_id = wcom.order_id 
			WHERE te.process_by = 'tutor' AND wcom.meta_key = '_is_tutor_order_for_course'
		 made by do_action_ref_array('process_by_wc_migrator'), WP_Hook->do_action, WP_Hook->apply_filters, Tutor\Migrations\BatchProcessor->process_batch, Tutor\Migrations\ProcessByWcMigrator->get_total_items, Tutor\Helpers\QueryHelper::get_joined_count
[07-Oct-2025 11:30:25 UTC] PHP Fatal error:  Uncaught Exception: Table 'local.wp_wc_orders_meta' doesn't exist in C:\Users\Constant\Local Sites\cli\app\public\wp-content\plugins\tutor\helpers\QueryHelper.php:1120
Stack trace:
#0 C:\Users\Constant\Local Sites\cli\app\public\wp-content\plugins\tutor\migrations\ProcessByWcMigrator.php(82): Tutor\Helpers\QueryHelper::get_joined_count('tutor_earnings ...', Array, Array, Array, 'te.earning_id')
#1 C:\Users\Constant\Local Sites\cli\app\public\wp-content\plugins\tutor\migrations\BatchProcessor.php(179): Tutor\Migrations\ProcessByWcMigrator->get_total_items()
#2 C:\Users\Constant\Local Sites\cli\app\public\wp-includes\class-wp-hook.php(324): Tutor\Migrations\BatchProcessor->process_batch()
#3 C:\Users\Constant\Local Sites\cli\app\public\wp-includes\class-wp-hook.php(348): WP_Hook->apply_filters('', Array)
#4 C:\Users\Constant\Local Sites\cli\app\public\wp-includes\plugin.php(565): WP_Hook->do_action(Array)
#5 C:\Users\Constant\Local Sites\cli\app\public\wp-cron.php(191): do_action_ref_array('process_by_wc_m...', Array)
#6 {main}
  thrown in C:\Users\Constant\Local Sites\cli\app\public\wp-content\plugins\tutor\helpers\QueryHelper.php on line 1120
[07-Oct-2025 11:30:29 UTC] PHP Warning:  Undefined array key "pro-free-trial-popup" in C:\Users\Constant\Local Sites\cli\app\public\wp-content\plugins\elementor\modules\pro-free-trial-popup\module.php on line 118
[07-Oct-2025 11:30:29 UTC] PHP Warning:  Trying to access array offset on value of type null in C:\Users\Constant\Local Sites\cli\app\public\wp-content\plugins\elementor\modules\pro-free-trial-popup\module.php on line 118
[07-Oct-2025 11:30:29 UTC] PHP Warning:  Trying to access array offset on value of type null in C:\Users\Constant\Local Sites\cli\app\public\wp-content\plugins\elementor\modules\pro-free-trial-popup\module.php on line 118
[07-Oct-2025 11:31:30 UTC] WordPress database error Table 'local.wp_wc_orders_meta' doesn't exist for query 
			SELECT COUNT(te.earning_id) as total_count
			FROM wp_tutor_earnings te
			 INNER JOIN wp_wc_orders_meta wcom ON te.order_id = wcom.order_id 
			WHERE te.process_by = 'tutor' AND wcom.meta_key = '_is_tutor_order_for_course'
		 made by do_action_ref_array('process_by_wc_migrator'), WP_Hook->do_action, WP_Hook->apply_filters, Tutor\Migrations\BatchProcessor->process_batch, Tutor\Migrations\ProcessByWcMigrator->get_total_items, Tutor\Helpers\QueryHelper::get_joined_count
[07-Oct-2025 11:31:30 UTC] PHP Fatal error:  Uncaught Exception: Table 'local.wp_wc_orders_meta' doesn't exist in C:\Users\Constant\Local Sites\cli\app\public\wp-content\plugins\tutor\helpers\QueryHelper.php:1120
Stack trace:
#0 C:\Users\Constant\Local Sites\cli\app\public\wp-content\plugins\tutor\migrations\ProcessByWcMigrator.php(82): Tutor\Helpers\QueryHelper::get_joined_count('tutor_earnings ...', Array, Array, Array, 'te.earning_id')
#1 C:\Users\Constant\Local Sites\cli\app\public\wp-content\plugins\tutor\migrations\BatchProcessor.php(179): Tutor\Migrations\ProcessByWcMigrator->get_total_items()
#2 C:\Users\Constant\Local Sites\cli\app\public\wp-includes\class-wp-hook.php(324): Tutor\Migrations\BatchProcessor->process_batch()
#3 C:\Users\Constant\Local Sites\cli\app\public\wp-includes\class-wp-hook.php(348): WP_Hook->apply_filters('', Array)
#4 C:\Users\Constant\Local Sites\cli\app\public\wp-includes\plugin.php(565): WP_Hook->do_action(Array)
#5 C:\Users\Constant\Local Sites\cli\app\public\wp-cron.php(191): do_action_ref_array('process_by_wc_m...', Array)
#6 {main}
  thrown in C:\Users\Constant\Local Sites\cli\app\public\wp-content\plugins\tutor\helpers\QueryHelper.php on line 1120
[07-Oct-2025 11:32:37 UTC] WordPress database error Table 'local.wp_wc_orders_meta' doesn't exist for query 
			SELECT COUNT(te.earning_id) as total_count
			FROM wp_tutor_earnings te
			 INNER JOIN wp_wc_orders_meta wcom ON te.order_id = wcom.order_id 
			WHERE te.process_by = 'tutor' AND wcom.meta_key = '_is_tutor_order_for_course'
		 made by do_action_ref_array('process_by_wc_migrator'), WP_Hook->do_action, WP_Hook->apply_filters, Tutor\Migrations\BatchProcessor->process_batch, Tutor\Migrations\ProcessByWcMigrator->get_total_items, Tutor\Helpers\QueryHelper::get_joined_count
[07-Oct-2025 11:32:37 UTC] PHP Fatal error:  Uncaught Exception: Table 'local.wp_wc_orders_meta' doesn't exist in C:\Users\Constant\Local Sites\cli\app\public\wp-content\plugins\tutor\helpers\QueryHelper.php:1120
Stack trace:
#0 C:\Users\Constant\Local Sites\cli\app\public\wp-content\plugins\tutor\migrations\ProcessByWcMigrator.php(82): Tutor\Helpers\QueryHelper::get_joined_count('tutor_earnings ...', Array, Array, Array, 'te.earning_id')
#1 C:\Users\Constant\Local Sites\cli\app\public\wp-content\plugins\tutor\migrations\BatchProcessor.php(179): Tutor\Migrations\ProcessByWcMigrator->get_total_items()
#2 C:\Users\Constant\Local Sites\cli\app\public\wp-includes\class-wp-hook.php(324): Tutor\Migrations\BatchProcessor->process_batch()
#3 C:\Users\Constant\Local Sites\cli\app\public\wp-includes\class-wp-hook.php(348): WP_Hook->apply_filters('', Array)
#4 C:\Users\Constant\Local Sites\cli\app\public\wp-includes\plugin.php(565): WP_Hook->do_action(Array)
#5 C:\Users\Constant\Local Sites\cli\app\public\wp-cron.php(191): do_action_ref_array('process_by_wc_m...', Array)
#6 {main}
  thrown in C:\Users\Constant\Local Sites\cli\app\public\wp-content\plugins\tutor\helpers\QueryHelper.php on line 1120
[07-Oct-2025 11:32:44 UTC] PHP Warning:  Undefined array key "pro-free-trial-popup" in C:\Users\Constant\Local Sites\cli\app\public\wp-content\plugins\elementor\modules\pro-free-trial-popup\module.php on line 118
[07-Oct-2025 11:32:44 UTC] PHP Warning:  Trying to access array offset on value of type null in C:\Users\Constant\Local Sites\cli\app\public\wp-content\plugins\elementor\modules\pro-free-trial-popup\module.php on line 118
[07-Oct-2025 11:32:44 UTC] PHP Warning:  Trying to access array offset on value of type null in C:\Users\Constant\Local Sites\cli\app\public\wp-content\plugins\elementor\modules\pro-free-trial-popup\module.php on line 118
[07-Oct-2025 11:33:39 UTC] WordPress database error Table 'local.wp_wc_orders_meta' doesn't exist for query 
			SELECT COUNT(te.earning_id) as total_count
			FROM wp_tutor_earnings te
			 INNER JOIN wp_wc_orders_meta wcom ON te.order_id = wcom.order_id 
			WHERE te.process_by = 'tutor' AND wcom.meta_key = '_is_tutor_order_for_course'
		 made by do_action_ref_array('process_by_wc_migrator'), WP_Hook->do_action, WP_Hook->apply_filters, Tutor\Migrations\BatchProcessor->process_batch, Tutor\Migrations\ProcessByWcMigrator->get_total_items, Tutor\Helpers\QueryHelper::get_joined_count
[07-Oct-2025 11:33:39 UTC] PHP Fatal error:  Uncaught Exception: Table 'local.wp_wc_orders_meta' doesn't exist in C:\Users\Constant\Local Sites\cli\app\public\wp-content\plugins\tutor\helpers\QueryHelper.php:1120
Stack trace:
#0 C:\Users\Constant\Local Sites\cli\app\public\wp-content\plugins\tutor\migrations\ProcessByWcMigrator.php(82): Tutor\Helpers\QueryHelper::get_joined_count('tutor_earnings ...', Array, Array, Array, 'te.earning_id')
#1 C:\Users\Constant\Local Sites\cli\app\public\wp-content\plugins\tutor\migrations\BatchProcessor.php(179): Tutor\Migrations\ProcessByWcMigrator->get_total_items()
#2 C:\Users\Constant\Local Sites\cli\app\public\wp-includes\class-wp-hook.php(324): Tutor\Migrations\BatchProcessor->process_batch()
#3 C:\Users\Constant\Local Sites\cli\app\public\wp-includes\class-wp-hook.php(348): WP_Hook->apply_filters('', Array)
#4 C:\Users\Constant\Local Sites\cli\app\public\wp-includes\plugin.php(565): WP_Hook->do_action(Array)
#5 C:\Users\Constant\Local Sites\cli\app\public\wp-cron.php(191): do_action_ref_array('process_by_wc_m...', Array)
#6 {main}
  thrown in C:\Users\Constant\Local Sites\cli\app\public\wp-content\plugins\tutor\helpers\QueryHelper.php on line 1120
[07-Oct-2025 11:34:45 UTC] WordPress database error Table 'local.wp_wc_orders_meta' doesn't exist for query 
			SELECT COUNT(te.earning_id) as total_count
			FROM wp_tutor_earnings te
			 INNER JOIN wp_wc_orders_meta wcom ON te.order_id = wcom.order_id 
			WHERE te.process_by = 'tutor' AND wcom.meta_key = '_is_tutor_order_for_course'
		 made by do_action_ref_array('process_by_wc_migrator'), WP_Hook->do_action, WP_Hook->apply_filters, Tutor\Migrations\BatchProcessor->process_batch, Tutor\Migrations\ProcessByWcMigrator->get_total_items, Tutor\Helpers\QueryHelper::get_joined_count
[07-Oct-2025 11:34:45 UTC] PHP Fatal error:  Uncaught Exception: Table 'local.wp_wc_orders_meta' doesn't exist in C:\Users\Constant\Local Sites\cli\app\public\wp-content\plugins\tutor\helpers\QueryHelper.php:1120
Stack trace:
#0 C:\Users\Constant\Local Sites\cli\app\public\wp-content\plugins\tutor\migrations\ProcessByWcMigrator.php(82): Tutor\Helpers\QueryHelper::get_joined_count('tutor_earnings ...', Array, Array, Array, 'te.earning_id')
#1 C:\Users\Constant\Local Sites\cli\app\public\wp-content\plugins\tutor\migrations\BatchProcessor.php(179): Tutor\Migrations\ProcessByWcMigrator->get_total_items()
#2 C:\Users\Constant\Local Sites\cli\app\public\wp-includes\class-wp-hook.php(324): Tutor\Migrations\BatchProcessor->process_batch()
#3 C:\Users\Constant\Local Sites\cli\app\public\wp-includes\class-wp-hook.php(348): WP_Hook->apply_filters('', Array)
#4 C:\Users\Constant\Local Sites\cli\app\public\wp-includes\plugin.php(565): WP_Hook->do_action(Array)
#5 C:\Users\Constant\Local Sites\cli\app\public\wp-cron.php(191): do_action_ref_array('process_by_wc_m...', Array)
#6 {main}
  thrown in C:\Users\Constant\Local Sites\cli\app\public\wp-content\plugins\tutor\helpers\QueryHelper.php on line 1120
[07-Oct-2025 11:35:45 UTC] WordPress database error Table 'local.wp_wc_orders_meta' doesn't exist for query 
			SELECT COUNT(te.earning_id) as total_count
			FROM wp_tutor_earnings te
			 INNER JOIN wp_wc_orders_meta wcom ON te.order_id = wcom.order_id 
			WHERE te.process_by = 'tutor' AND wcom.meta_key = '_is_tutor_order_for_course'
		 made by do_action_ref_array('process_by_wc_migrator'), WP_Hook->do_action, WP_Hook->apply_filters, Tutor\Migrations\BatchProcessor->process_batch, Tutor\Migrations\ProcessByWcMigrator->get_total_items, Tutor\Helpers\QueryHelper::get_joined_count
[07-Oct-2025 11:35:45 UTC] PHP Fatal error:  Uncaught Exception: Table 'local.wp_wc_orders_meta' doesn't exist in C:\Users\Constant\Local Sites\cli\app\public\wp-content\plugins\tutor\helpers\QueryHelper.php:1120
Stack trace:
#0 C:\Users\Constant\Local Sites\cli\app\public\wp-content\plugins\tutor\migrations\ProcessByWcMigrator.php(82): Tutor\Helpers\QueryHelper::get_joined_count('tutor_earnings ...', Array, Array, Array, 'te.earning_id')
#1 C:\Users\Constant\Local Sites\cli\app\public\wp-content\plugins\tutor\migrations\BatchProcessor.php(179): Tutor\Migrations\ProcessByWcMigrator->get_total_items()
#2 C:\Users\Constant\Local Sites\cli\app\public\wp-includes\class-wp-hook.php(324): Tutor\Migrations\BatchProcessor->process_batch()
#3 C:\Users\Constant\Local Sites\cli\app\public\wp-includes\class-wp-hook.php(348): WP_Hook->apply_filters('', Array)
#4 C:\Users\Constant\Local Sites\cli\app\public\wp-includes\plugin.php(565): WP_Hook->do_action(Array)
#5 C:\Users\Constant\Local Sites\cli\app\public\wp-cron.php(191): do_action_ref_array('process_by_wc_m...', Array)
#6 {main}
  thrown in C:\Users\Constant\Local Sites\cli\app\public\wp-content\plugins\tutor\helpers\QueryHelper.php on line 1120
[07-Oct-2025 11:37:00 UTC] WordPress database error Table 'local.wp_wc_orders_meta' doesn't exist for query 
			SELECT COUNT(te.earning_id) as total_count
			FROM wp_tutor_earnings te
			 INNER JOIN wp_wc_orders_meta wcom ON te.order_id = wcom.order_id 
			WHERE te.process_by = 'tutor' AND wcom.meta_key = '_is_tutor_order_for_course'
		 made by do_action_ref_array('process_by_wc_migrator'), WP_Hook->do_action, WP_Hook->apply_filters, Tutor\Migrations\BatchProcessor->process_batch, Tutor\Migrations\ProcessByWcMigrator->get_total_items, Tutor\Helpers\QueryHelper::get_joined_count
[07-Oct-2025 11:37:00 UTC] PHP Fatal error:  Uncaught Exception: Table 'local.wp_wc_orders_meta' doesn't exist in C:\Users\Constant\Local Sites\cli\app\public\wp-content\plugins\tutor\helpers\QueryHelper.php:1120
Stack trace:
#0 C:\Users\Constant\Local Sites\cli\app\public\wp-content\plugins\tutor\migrations\ProcessByWcMigrator.php(82): Tutor\Helpers\QueryHelper::get_joined_count('tutor_earnings ...', Array, Array, Array, 'te.earning_id')
#1 C:\Users\Constant\Local Sites\cli\app\public\wp-content\plugins\tutor\migrations\BatchProcessor.php(179): Tutor\Migrations\ProcessByWcMigrator->get_total_items()
#2 C:\Users\Constant\Local Sites\cli\app\public\wp-includes\class-wp-hook.php(324): Tutor\Migrations\BatchProcessor->process_batch()
#3 C:\Users\Constant\Local Sites\cli\app\public\wp-includes\class-wp-hook.php(348): WP_Hook->apply_filters('', Array)
#4 C:\Users\Constant\Local Sites\cli\app\public\wp-includes\plugin.php(565): WP_Hook->do_action(Array)
#5 C:\Users\Constant\Local Sites\cli\app\public\wp-cron.php(191): do_action_ref_array('process_by_wc_m...', Array)
#6 {main}
  thrown in C:\Users\Constant\Local Sites\cli\app\public\wp-content\plugins\tutor\helpers\QueryHelper.php on line 1120
[07-Oct-2025 11:38:01 UTC] WordPress database error Table 'local.wp_wc_orders_meta' doesn't exist for query 
			SELECT COUNT(te.earning_id) as total_count
			FROM wp_tutor_earnings te
			 INNER JOIN wp_wc_orders_meta wcom ON te.order_id = wcom.order_id 
			WHERE te.process_by = 'tutor' AND wcom.meta_key = '_is_tutor_order_for_course'
		 made by do_action_ref_array('process_by_wc_migrator'), WP_Hook->do_action, WP_Hook->apply_filters, Tutor\Migrations\BatchProcessor->process_batch, Tutor\Migrations\ProcessByWcMigrator->get_total_items, Tutor\Helpers\QueryHelper::get_joined_count
[07-Oct-2025 11:38:01 UTC] PHP Fatal error:  Uncaught Exception: Table 'local.wp_wc_orders_meta' doesn't exist in C:\Users\Constant\Local Sites\cli\app\public\wp-content\plugins\tutor\helpers\QueryHelper.php:1120
Stack trace:
#0 C:\Users\Constant\Local Sites\cli\app\public\wp-content\plugins\tutor\migrations\ProcessByWcMigrator.php(82): Tutor\Helpers\QueryHelper::get_joined_count('tutor_earnings ...', Array, Array, Array, 'te.earning_id')
#1 C:\Users\Constant\Local Sites\cli\app\public\wp-content\plugins\tutor\migrations\BatchProcessor.php(179): Tutor\Migrations\ProcessByWcMigrator->get_total_items()
#2 C:\Users\Constant\Local Sites\cli\app\public\wp-includes\class-wp-hook.php(324): Tutor\Migrations\BatchProcessor->process_batch()
#3 C:\Users\Constant\Local Sites\cli\app\public\wp-includes\class-wp-hook.php(348): WP_Hook->apply_filters('', Array)
#4 C:\Users\Constant\Local Sites\cli\app\public\wp-includes\plugin.php(565): WP_Hook->do_action(Array)
#5 C:\Users\Constant\Local Sites\cli\app\public\wp-cron.php(191): do_action_ref_array('process_by_wc_m...', Array)
#6 {main}
  thrown in C:\Users\Constant\Local Sites\cli\app\public\wp-content\plugins\tutor\helpers\QueryHelper.php on line 1120
[07-Oct-2025 11:39:01 UTC] WordPress database error Table 'local.wp_wc_orders_meta' doesn't exist for query 
			SELECT COUNT(te.earning_id) as total_count
			FROM wp_tutor_earnings te
			 INNER JOIN wp_wc_orders_meta wcom ON te.order_id = wcom.order_id 
			WHERE te.process_by = 'tutor' AND wcom.meta_key = '_is_tutor_order_for_course'
		 made by do_action_ref_array('process_by_wc_migrator'), WP_Hook->do_action, WP_Hook->apply_filters, Tutor\Migrations\BatchProcessor->process_batch, Tutor\Migrations\ProcessByWcMigrator->get_total_items, Tutor\Helpers\QueryHelper::get_joined_count
[07-Oct-2025 11:39:01 UTC] PHP Fatal error:  Uncaught Exception: Table 'local.wp_wc_orders_meta' doesn't exist in C:\Users\Constant\Local Sites\cli\app\public\wp-content\plugins\tutor\helpers\QueryHelper.php:1120
Stack trace:
#0 C:\Users\Constant\Local Sites\cli\app\public\wp-content\plugins\tutor\migrations\ProcessByWcMigrator.php(82): Tutor\Helpers\QueryHelper::get_joined_count('tutor_earnings ...', Array, Array, Array, 'te.earning_id')
#1 C:\Users\Constant\Local Sites\cli\app\public\wp-content\plugins\tutor\migrations\BatchProcessor.php(179): Tutor\Migrations\ProcessByWcMigrator->get_total_items()
#2 C:\Users\Constant\Local Sites\cli\app\public\wp-includes\class-wp-hook.php(324): Tutor\Migrations\BatchProcessor->process_batch()
#3 C:\Users\Constant\Local Sites\cli\app\public\wp-includes\class-wp-hook.php(348): WP_Hook->apply_filters('', Array)
#4 C:\Users\Constant\Local Sites\cli\app\public\wp-includes\plugin.php(565): WP_Hook->do_action(Array)
#5 C:\Users\Constant\Local Sites\cli\app\public\wp-cron.php(191): do_action_ref_array('process_by_wc_m...', Array)
#6 {main}
  thrown in C:\Users\Constant\Local Sites\cli\app\public\wp-content\plugins\tutor\helpers\QueryHelper.php on line 1120
[07-Oct-2025 11:40:02 UTC] WordPress database error Table 'local.wp_wc_orders_meta' doesn't exist for query 
			SELECT COUNT(te.earning_id) as total_count
			FROM wp_tutor_earnings te
			 INNER JOIN wp_wc_orders_meta wcom ON te.order_id = wcom.order_id 
			WHERE te.process_by = 'tutor' AND wcom.meta_key = '_is_tutor_order_for_course'
		 made by do_action_ref_array('process_by_wc_migrator'), WP_Hook->do_action, WP_Hook->apply_filters, Tutor\Migrations\BatchProcessor->process_batch, Tutor\Migrations\ProcessByWcMigrator->get_total_items, Tutor\Helpers\QueryHelper::get_joined_count
[07-Oct-2025 11:40:02 UTC] PHP Fatal error:  Uncaught Exception: Table 'local.wp_wc_orders_meta' doesn't exist in C:\Users\Constant\Local Sites\cli\app\public\wp-content\plugins\tutor\helpers\QueryHelper.php:1120
Stack trace:
#0 C:\Users\Constant\Local Sites\cli\app\public\wp-content\plugins\tutor\migrations\ProcessByWcMigrator.php(82): Tutor\Helpers\QueryHelper::get_joined_count('tutor_earnings ...', Array, Array, Array, 'te.earning_id')
#1 C:\Users\Constant\Local Sites\cli\app\public\wp-content\plugins\tutor\migrations\BatchProcessor.php(179): Tutor\Migrations\ProcessByWcMigrator->get_total_items()
#2 C:\Users\Constant\Local Sites\cli\app\public\wp-includes\class-wp-hook.php(324): Tutor\Migrations\BatchProcessor->process_batch()
#3 C:\Users\Constant\Local Sites\cli\app\public\wp-includes\class-wp-hook.php(348): WP_Hook->apply_filters('', Array)
#4 C:\Users\Constant\Local Sites\cli\app\public\wp-includes\plugin.php(565): WP_Hook->do_action(Array)
#5 C:\Users\Constant\Local Sites\cli\app\public\wp-cron.php(191): do_action_ref_array('process_by_wc_m...', Array)
#6 {main}
  thrown in C:\Users\Constant\Local Sites\cli\app\public\wp-content\plugins\tutor\helpers\QueryHelper.php on line 1120
[07-Oct-2025 11:41:16 UTC] WordPress database error Table 'local.wp_wc_orders_meta' doesn't exist for query 
			SELECT COUNT(te.earning_id) as total_count
			FROM wp_tutor_earnings te
			 INNER JOIN wp_wc_orders_meta wcom ON te.order_id = wcom.order_id 
			WHERE te.process_by = 'tutor' AND wcom.meta_key = '_is_tutor_order_for_course'
		 made by do_action_ref_array('process_by_wc_migrator'), WP_Hook->do_action, WP_Hook->apply_filters, Tutor\Migrations\BatchProcessor->process_batch, Tutor\Migrations\ProcessByWcMigrator->get_total_items, Tutor\Helpers\QueryHelper::get_joined_count
[07-Oct-2025 11:41:16 UTC] PHP Fatal error:  Uncaught Exception: Table 'local.wp_wc_orders_meta' doesn't exist in C:\Users\Constant\Local Sites\cli\app\public\wp-content\plugins\tutor\helpers\QueryHelper.php:1120
Stack trace:
#0 C:\Users\Constant\Local Sites\cli\app\public\wp-content\plugins\tutor\migrations\ProcessByWcMigrator.php(82): Tutor\Helpers\QueryHelper::get_joined_count('tutor_earnings ...', Array, Array, Array, 'te.earning_id')
#1 C:\Users\Constant\Local Sites\cli\app\public\wp-content\plugins\tutor\migrations\BatchProcessor.php(179): Tutor\Migrations\ProcessByWcMigrator->get_total_items()
#2 C:\Users\Constant\Local Sites\cli\app\public\wp-includes\class-wp-hook.php(324): Tutor\Migrations\BatchProcessor->process_batch()
#3 C:\Users\Constant\Local Sites\cli\app\public\wp-includes\class-wp-hook.php(348): WP_Hook->apply_filters('', Array)
#4 C:\Users\Constant\Local Sites\cli\app\public\wp-includes\plugin.php(565): WP_Hook->do_action(Array)
#5 C:\Users\Constant\Local Sites\cli\app\public\wp-cron.php(191): do_action_ref_array('process_by_wc_m...', Array)
#6 {main}
  thrown in C:\Users\Constant\Local Sites\cli\app\public\wp-content\plugins\tutor\helpers\QueryHelper.php on line 1120
[07-Oct-2025 11:42:16 UTC] WordPress database error Table 'local.wp_wc_orders_meta' doesn't exist for query 
			SELECT COUNT(te.earning_id) as total_count
			FROM wp_tutor_earnings te
			 INNER JOIN wp_wc_orders_meta wcom ON te.order_id = wcom.order_id 
			WHERE te.process_by = 'tutor' AND wcom.meta_key = '_is_tutor_order_for_course'
		 made by do_action_ref_array('process_by_wc_migrator'), WP_Hook->do_action, WP_Hook->apply_filters, Tutor\Migrations\BatchProcessor->process_batch, Tutor\Migrations\ProcessByWcMigrator->get_total_items, Tutor\Helpers\QueryHelper::get_joined_count
[07-Oct-2025 11:42:16 UTC] PHP Fatal error:  Uncaught Exception: Table 'local.wp_wc_orders_meta' doesn't exist in C:\Users\Constant\Local Sites\cli\app\public\wp-content\plugins\tutor\helpers\QueryHelper.php:1120
Stack trace:
#0 C:\Users\Constant\Local Sites\cli\app\public\wp-content\plugins\tutor\migrations\ProcessByWcMigrator.php(82): Tutor\Helpers\QueryHelper::get_joined_count('tutor_earnings ...', Array, Array, Array, 'te.earning_id')
#1 C:\Users\Constant\Local Sites\cli\app\public\wp-content\plugins\tutor\migrations\BatchProcessor.php(179): Tutor\Migrations\ProcessByWcMigrator->get_total_items()
#2 C:\Users\Constant\Local Sites\cli\app\public\wp-includes\class-wp-hook.php(324): Tutor\Migrations\BatchProcessor->process_batch()
#3 C:\Users\Constant\Local Sites\cli\app\public\wp-includes\class-wp-hook.php(348): WP_Hook->apply_filters('', Array)
#4 C:\Users\Constant\Local Sites\cli\app\public\wp-includes\plugin.php(565): WP_Hook->do_action(Array)
#5 C:\Users\Constant\Local Sites\cli\app\public\wp-cron.php(191): do_action_ref_array('process_by_wc_m...', Array)
#6 {main}
  thrown in C:\Users\Constant\Local Sites\cli\app\public\wp-content\plugins\tutor\helpers\QueryHelper.php on line 1120
[07-Oct-2025 11:43:16 UTC] WordPress database error Table 'local.wp_wc_orders_meta' doesn't exist for query 
			SELECT COUNT(te.earning_id) as total_count
			FROM wp_tutor_earnings te
			 INNER JOIN wp_wc_orders_meta wcom ON te.order_id = wcom.order_id 
			WHERE te.process_by = 'tutor' AND wcom.meta_key = '_is_tutor_order_for_course'
		 made by do_action_ref_array('process_by_wc_migrator'), WP_Hook->do_action, WP_Hook->apply_filters, Tutor\Migrations\BatchProcessor->process_batch, Tutor\Migrations\ProcessByWcMigrator->get_total_items, Tutor\Helpers\QueryHelper::get_joined_count
[07-Oct-2025 11:43:16 UTC] PHP Fatal error:  Uncaught Exception: Table 'local.wp_wc_orders_meta' doesn't exist in C:\Users\Constant\Local Sites\cli\app\public\wp-content\plugins\tutor\helpers\QueryHelper.php:1120
Stack trace:
#0 C:\Users\Constant\Local Sites\cli\app\public\wp-content\plugins\tutor\migrations\ProcessByWcMigrator.php(82): Tutor\Helpers\QueryHelper::get_joined_count('tutor_earnings ...', Array, Array, Array, 'te.earning_id')
#1 C:\Users\Constant\Local Sites\cli\app\public\wp-content\plugins\tutor\migrations\BatchProcessor.php(179): Tutor\Migrations\ProcessByWcMigrator->get_total_items()
#2 C:\Users\Constant\Local Sites\cli\app\public\wp-includes\class-wp-hook.php(324): Tutor\Migrations\BatchProcessor->process_batch()
#3 C:\Users\Constant\Local Sites\cli\app\public\wp-includes\class-wp-hook.php(348): WP_Hook->apply_filters('', Array)
#4 C:\Users\Constant\Local Sites\cli\app\public\wp-includes\plugin.php(565): WP_Hook->do_action(Array)
#5 C:\Users\Constant\Local Sites\cli\app\public\wp-cron.php(191): do_action_ref_array('process_by_wc_m...', Array)
#6 {main}
  thrown in C:\Users\Constant\Local Sites\cli\app\public\wp-content\plugins\tutor\helpers\QueryHelper.php on line 1120
[07-Oct-2025 11:44:31 UTC] WordPress database error Table 'local.wp_wc_orders_meta' doesn't exist for query 
			SELECT COUNT(te.earning_id) as total_count
			FROM wp_tutor_earnings te
			 INNER JOIN wp_wc_orders_meta wcom ON te.order_id = wcom.order_id 
			WHERE te.process_by = 'tutor' AND wcom.meta_key = '_is_tutor_order_for_course'
		 made by do_action_ref_array('process_by_wc_migrator'), WP_Hook->do_action, WP_Hook->apply_filters, Tutor\Migrations\BatchProcessor->process_batch, Tutor\Migrations\ProcessByWcMigrator->get_total_items, Tutor\Helpers\QueryHelper::get_joined_count
[07-Oct-2025 11:44:31 UTC] PHP Fatal error:  Uncaught Exception: Table 'local.wp_wc_orders_meta' doesn't exist in C:\Users\Constant\Local Sites\cli\app\public\wp-content\plugins\tutor\helpers\QueryHelper.php:1120
Stack trace:
#0 C:\Users\Constant\Local Sites\cli\app\public\wp-content\plugins\tutor\migrations\ProcessByWcMigrator.php(82): Tutor\Helpers\QueryHelper::get_joined_count('tutor_earnings ...', Array, Array, Array, 'te.earning_id')
#1 C:\Users\Constant\Local Sites\cli\app\public\wp-content\plugins\tutor\migrations\BatchProcessor.php(179): Tutor\Migrations\ProcessByWcMigrator->get_total_items()
#2 C:\Users\Constant\Local Sites\cli\app\public\wp-includes\class-wp-hook.php(324): Tutor\Migrations\BatchProcessor->process_batch()
#3 C:\Users\Constant\Local Sites\cli\app\public\wp-includes\class-wp-hook.php(348): WP_Hook->apply_filters('', Array)
#4 C:\Users\Constant\Local Sites\cli\app\public\wp-includes\plugin.php(565): WP_Hook->do_action(Array)
#5 C:\Users\Constant\Local Sites\cli\app\public\wp-cron.php(191): do_action_ref_array('process_by_wc_m...', Array)
#6 {main}
  thrown in C:\Users\Constant\Local Sites\cli\app\public\wp-content\plugins\tutor\helpers\QueryHelper.php on line 1120
[07-Oct-2025 11:45:31 UTC] WordPress database error Table 'local.wp_wc_orders_meta' doesn't exist for query 
			SELECT COUNT(te.earning_id) as total_count
			FROM wp_tutor_earnings te
			 INNER JOIN wp_wc_orders_meta wcom ON te.order_id = wcom.order_id 
			WHERE te.process_by = 'tutor' AND wcom.meta_key = '_is_tutor_order_for_course'
		 made by do_action_ref_array('process_by_wc_migrator'), WP_Hook->do_action, WP_Hook->apply_filters, Tutor\Migrations\BatchProcessor->process_batch, Tutor\Migrations\ProcessByWcMigrator->get_total_items, Tutor\Helpers\QueryHelper::get_joined_count
[07-Oct-2025 11:45:31 UTC] PHP Fatal error:  Uncaught Exception: Table 'local.wp_wc_orders_meta' doesn't exist in C:\Users\Constant\Local Sites\cli\app\public\wp-content\plugins\tutor\helpers\QueryHelper.php:1120
Stack trace:
#0 C:\Users\Constant\Local Sites\cli\app\public\wp-content\plugins\tutor\migrations\ProcessByWcMigrator.php(82): Tutor\Helpers\QueryHelper::get_joined_count('tutor_earnings ...', Array, Array, Array, 'te.earning_id')
#1 C:\Users\Constant\Local Sites\cli\app\public\wp-content\plugins\tutor\migrations\BatchProcessor.php(179): Tutor\Migrations\ProcessByWcMigrator->get_total_items()
#2 C:\Users\Constant\Local Sites\cli\app\public\wp-includes\class-wp-hook.php(324): Tutor\Migrations\BatchProcessor->process_batch()
#3 C:\Users\Constant\Local Sites\cli\app\public\wp-includes\class-wp-hook.php(348): WP_Hook->apply_filters('', Array)
#4 C:\Users\Constant\Local Sites\cli\app\public\wp-includes\plugin.php(565): WP_Hook->do_action(Array)
#5 C:\Users\Constant\Local Sites\cli\app\public\wp-cron.php(191): do_action_ref_array('process_by_wc_m...', Array)
#6 {main}
  thrown in C:\Users\Constant\Local Sites\cli\app\public\wp-content\plugins\tutor\helpers\QueryHelper.php on line 1120
[07-Oct-2025 11:46:32 UTC] WordPress database error Table 'local.wp_wc_orders_meta' doesn't exist for query 
			SELECT COUNT(te.earning_id) as total_count
			FROM wp_tutor_earnings te
			 INNER JOIN wp_wc_orders_meta wcom ON te.order_id = wcom.order_id 
			WHERE te.process_by = 'tutor' AND wcom.meta_key = '_is_tutor_order_for_course'
		 made by do_action_ref_array('process_by_wc_migrator'), WP_Hook->do_action, WP_Hook->apply_filters, Tutor\Migrations\BatchProcessor->process_batch, Tutor\Migrations\ProcessByWcMigrator->get_total_items, Tutor\Helpers\QueryHelper::get_joined_count
[07-Oct-2025 11:46:32 UTC] PHP Fatal error:  Uncaught Exception: Table 'local.wp_wc_orders_meta' doesn't exist in C:\Users\Constant\Local Sites\cli\app\public\wp-content\plugins\tutor\helpers\QueryHelper.php:1120
Stack trace:
#0 C:\Users\Constant\Local Sites\cli\app\public\wp-content\plugins\tutor\migrations\ProcessByWcMigrator.php(82): Tutor\Helpers\QueryHelper::get_joined_count('tutor_earnings ...', Array, Array, Array, 'te.earning_id')
#1 C:\Users\Constant\Local Sites\cli\app\public\wp-content\plugins\tutor\migrations\BatchProcessor.php(179): Tutor\Migrations\ProcessByWcMigrator->get_total_items()
#2 C:\Users\Constant\Local Sites\cli\app\public\wp-includes\class-wp-hook.php(324): Tutor\Migrations\BatchProcessor->process_batch()
#3 C:\Users\Constant\Local Sites\cli\app\public\wp-includes\class-wp-hook.php(348): WP_Hook->apply_filters('', Array)
#4 C:\Users\Constant\Local Sites\cli\app\public\wp-includes\plugin.php(565): WP_Hook->do_action(Array)
#5 C:\Users\Constant\Local Sites\cli\app\public\wp-cron.php(191): do_action_ref_array('process_by_wc_m...', Array)
#6 {main}
  thrown in C:\Users\Constant\Local Sites\cli\app\public\wp-content\plugins\tutor\helpers\QueryHelper.php on line 1120
[07-Oct-2025 11:47:32 UTC] WordPress database error Table 'local.wp_wc_orders_meta' doesn't exist for query 
			SELECT COUNT(te.earning_id) as total_count
			FROM wp_tutor_earnings te
			 INNER JOIN wp_wc_orders_meta wcom ON te.order_id = wcom.order_id 
			WHERE te.process_by = 'tutor' AND wcom.meta_key = '_is_tutor_order_for_course'
		 made by do_action_ref_array('process_by_wc_migrator'), WP_Hook->do_action, WP_Hook->apply_filters, Tutor\Migrations\BatchProcessor->process_batch, Tutor\Migrations\ProcessByWcMigrator->get_total_items, Tutor\Helpers\QueryHelper::get_joined_count
[07-Oct-2025 11:47:32 UTC] PHP Fatal error:  Uncaught Exception: Table 'local.wp_wc_orders_meta' doesn't exist in C:\Users\Constant\Local Sites\cli\app\public\wp-content\plugins\tutor\helpers\QueryHelper.php:1120
Stack trace:
#0 C:\Users\Constant\Local Sites\cli\app\public\wp-content\plugins\tutor\migrations\ProcessByWcMigrator.php(82): Tutor\Helpers\QueryHelper::get_joined_count('tutor_earnings ...', Array, Array, Array, 'te.earning_id')
#1 C:\Users\Constant\Local Sites\cli\app\public\wp-content\plugins\tutor\migrations\BatchProcessor.php(179): Tutor\Migrations\ProcessByWcMigrator->get_total_items()
#2 C:\Users\Constant\Local Sites\cli\app\public\wp-includes\class-wp-hook.php(324): Tutor\Migrations\BatchProcessor->process_batch()
#3 C:\Users\Constant\Local Sites\cli\app\public\wp-includes\class-wp-hook.php(348): WP_Hook->apply_filters('', Array)
#4 C:\Users\Constant\Local Sites\cli\app\public\wp-includes\plugin.php(565): WP_Hook->do_action(Array)
#5 C:\Users\Constant\Local Sites\cli\app\public\wp-cron.php(191): do_action_ref_array('process_by_wc_m...', Array)
#6 {main}
  thrown in C:\Users\Constant\Local Sites\cli\app\public\wp-content\plugins\tutor\helpers\QueryHelper.php on line 1120
[07-Oct-2025 11:48:32 UTC] WordPress database error Table 'local.wp_wc_orders_meta' doesn't exist for query 
			SELECT COUNT(te.earning_id) as total_count
			FROM wp_tutor_earnings te
			 INNER JOIN wp_wc_orders_meta wcom ON te.order_id = wcom.order_id 
			WHERE te.process_by = 'tutor' AND wcom.meta_key = '_is_tutor_order_for_course'
		 made by do_action_ref_array('process_by_wc_migrator'), WP_Hook->do_action, WP_Hook->apply_filters, Tutor\Migrations\BatchProcessor->process_batch, Tutor\Migrations\ProcessByWcMigrator->get_total_items, Tutor\Helpers\QueryHelper::get_joined_count
[07-Oct-2025 11:48:32 UTC] PHP Fatal error:  Uncaught Exception: Table 'local.wp_wc_orders_meta' doesn't exist in C:\Users\Constant\Local Sites\cli\app\public\wp-content\plugins\tutor\helpers\QueryHelper.php:1120
Stack trace:
#0 C:\Users\Constant\Local Sites\cli\app\public\wp-content\plugins\tutor\migrations\ProcessByWcMigrator.php(82): Tutor\Helpers\QueryHelper::get_joined_count('tutor_earnings ...', Array, Array, Array, 'te.earning_id')
#1 C:\Users\Constant\Local Sites\cli\app\public\wp-content\plugins\tutor\migrations\BatchProcessor.php(179): Tutor\Migrations\ProcessByWcMigrator->get_total_items()
#2 C:\Users\Constant\Local Sites\cli\app\public\wp-includes\class-wp-hook.php(324): Tutor\Migrations\BatchProcessor->process_batch()
#3 C:\Users\Constant\Local Sites\cli\app\public\wp-includes\class-wp-hook.php(348): WP_Hook->apply_filters('', Array)
#4 C:\Users\Constant\Local Sites\cli\app\public\wp-includes\plugin.php(565): WP_Hook->do_action(Array)
#5 C:\Users\Constant\Local Sites\cli\app\public\wp-cron.php(191): do_action_ref_array('process_by_wc_m...', Array)
#6 {main}
  thrown in C:\Users\Constant\Local Sites\cli\app\public\wp-content\plugins\tutor\helpers\QueryHelper.php on line 1120
[07-Oct-2025 11:49:47 UTC] WordPress database error Table 'local.wp_wc_orders_meta' doesn't exist for query 
			SELECT COUNT(te.earning_id) as total_count
			FROM wp_tutor_earnings te
			 INNER JOIN wp_wc_orders_meta wcom ON te.order_id = wcom.order_id 
			WHERE te.process_by = 'tutor' AND wcom.meta_key = '_is_tutor_order_for_course'
		 made by do_action_ref_array('process_by_wc_migrator'), WP_Hook->do_action, WP_Hook->apply_filters, Tutor\Migrations\BatchProcessor->process_batch, Tutor\Migrations\ProcessByWcMigrator->get_total_items, Tutor\Helpers\QueryHelper::get_joined_count
[07-Oct-2025 11:49:47 UTC] PHP Fatal error:  Uncaught Exception: Table 'local.wp_wc_orders_meta' doesn't exist in C:\Users\Constant\Local Sites\cli\app\public\wp-content\plugins\tutor\helpers\QueryHelper.php:1120
Stack trace:
#0 C:\Users\Constant\Local Sites\cli\app\public\wp-content\plugins\tutor\migrations\ProcessByWcMigrator.php(82): Tutor\Helpers\QueryHelper::get_joined_count('tutor_earnings ...', Array, Array, Array, 'te.earning_id')
#1 C:\Users\Constant\Local Sites\cli\app\public\wp-content\plugins\tutor\migrations\BatchProcessor.php(179): Tutor\Migrations\ProcessByWcMigrator->get_total_items()
#2 C:\Users\Constant\Local Sites\cli\app\public\wp-includes\class-wp-hook.php(324): Tutor\Migrations\BatchProcessor->process_batch()
#3 C:\Users\Constant\Local Sites\cli\app\public\wp-includes\class-wp-hook.php(348): WP_Hook->apply_filters('', Array)
#4 C:\Users\Constant\Local Sites\cli\app\public\wp-includes\plugin.php(565): WP_Hook->do_action(Array)
#5 C:\Users\Constant\Local Sites\cli\app\public\wp-cron.php(191): do_action_ref_array('process_by_wc_m...', Array)
#6 {main}
  thrown in C:\Users\Constant\Local Sites\cli\app\public\wp-content\plugins\tutor\helpers\QueryHelper.php on line 1120
[07-Oct-2025 11:50:47 UTC] WordPress database error Table 'local.wp_wc_orders_meta' doesn't exist for query 
			SELECT COUNT(te.earning_id) as total_count
			FROM wp_tutor_earnings te
			 INNER JOIN wp_wc_orders_meta wcom ON te.order_id = wcom.order_id 
			WHERE te.process_by = 'tutor' AND wcom.meta_key = '_is_tutor_order_for_course'
		 made by do_action_ref_array('process_by_wc_migrator'), WP_Hook->do_action, WP_Hook->apply_filters, Tutor\Migrations\BatchProcessor->process_batch, Tutor\Migrations\ProcessByWcMigrator->get_total_items, Tutor\Helpers\QueryHelper::get_joined_count
[07-Oct-2025 11:50:47 UTC] PHP Fatal error:  Uncaught Exception: Table 'local.wp_wc_orders_meta' doesn't exist in C:\Users\Constant\Local Sites\cli\app\public\wp-content\plugins\tutor\helpers\QueryHelper.php:1120
Stack trace:
#0 C:\Users\Constant\Local Sites\cli\app\public\wp-content\plugins\tutor\migrations\ProcessByWcMigrator.php(82): Tutor\Helpers\QueryHelper::get_joined_count('tutor_earnings ...', Array, Array, Array, 'te.earning_id')
#1 C:\Users\Constant\Local Sites\cli\app\public\wp-content\plugins\tutor\migrations\BatchProcessor.php(179): Tutor\Migrations\ProcessByWcMigrator->get_total_items()
#2 C:\Users\Constant\Local Sites\cli\app\public\wp-includes\class-wp-hook.php(324): Tutor\Migrations\BatchProcessor->process_batch()
#3 C:\Users\Constant\Local Sites\cli\app\public\wp-includes\class-wp-hook.php(348): WP_Hook->apply_filters('', Array)
#4 C:\Users\Constant\Local Sites\cli\app\public\wp-includes\plugin.php(565): WP_Hook->do_action(Array)
#5 C:\Users\Constant\Local Sites\cli\app\public\wp-cron.php(191): do_action_ref_array('process_by_wc_m...', Array)
#6 {main}
  thrown in C:\Users\Constant\Local Sites\cli\app\public\wp-content\plugins\tutor\helpers\QueryHelper.php on line 1120
[07-Oct-2025 11:51:31 UTC] PHP Warning:  Undefined array key "pro-free-trial-popup" in C:\Users\Constant\Local Sites\cli\app\public\wp-content\plugins\elementor\modules\pro-free-trial-popup\module.php on line 118
[07-Oct-2025 11:51:31 UTC] PHP Warning:  Trying to access array offset on value of type null in C:\Users\Constant\Local Sites\cli\app\public\wp-content\plugins\elementor\modules\pro-free-trial-popup\module.php on line 118
[07-Oct-2025 11:51:31 UTC] PHP Warning:  Trying to access array offset on value of type null in C:\Users\Constant\Local Sites\cli\app\public\wp-content\plugins\elementor\modules\pro-free-trial-popup\module.php on line 118
[07-Oct-2025 11:51:47 UTC] WordPress database error Table 'local.wp_wc_orders_meta' doesn't exist for query 
			SELECT COUNT(te.earning_id) as total_count
			FROM wp_tutor_earnings te
			 INNER JOIN wp_wc_orders_meta wcom ON te.order_id = wcom.order_id 
			WHERE te.process_by = 'tutor' AND wcom.meta_key = '_is_tutor_order_for_course'
		 made by do_action_ref_array('process_by_wc_migrator'), WP_Hook->do_action, WP_Hook->apply_filters, Tutor\Migrations\BatchProcessor->process_batch, Tutor\Migrations\ProcessByWcMigrator->get_total_items, Tutor\Helpers\QueryHelper::get_joined_count
[07-Oct-2025 11:51:47 UTC] PHP Fatal error:  Uncaught Exception: Table 'local.wp_wc_orders_meta' doesn't exist in C:\Users\Constant\Local Sites\cli\app\public\wp-content\plugins\tutor\helpers\QueryHelper.php:1120
Stack trace:
#0 C:\Users\Constant\Local Sites\cli\app\public\wp-content\plugins\tutor\migrations\ProcessByWcMigrator.php(82): Tutor\Helpers\QueryHelper::get_joined_count('tutor_earnings ...', Array, Array, Array, 'te.earning_id')
#1 C:\Users\Constant\Local Sites\cli\app\public\wp-content\plugins\tutor\migrations\BatchProcessor.php(179): Tutor\Migrations\ProcessByWcMigrator->get_total_items()
#2 C:\Users\Constant\Local Sites\cli\app\public\wp-includes\class-wp-hook.php(324): Tutor\Migrations\BatchProcessor->process_batch()
#3 C:\Users\Constant\Local Sites\cli\app\public\wp-includes\class-wp-hook.php(348): WP_Hook->apply_filters('', Array)
#4 C:\Users\Constant\Local Sites\cli\app\public\wp-includes\plugin.php(565): WP_Hook->do_action(Array)
#5 C:\Users\Constant\Local Sites\cli\app\public\wp-cron.php(191): do_action_ref_array('process_by_wc_m...', Array)
#6 {main}
  thrown in C:\Users\Constant\Local Sites\cli\app\public\wp-content\plugins\tutor\helpers\QueryHelper.php on line 1120
[07-Oct-2025 11:52:47 UTC] WordPress database error Table 'local.wp_wc_orders_meta' doesn't exist for query 
			SELECT COUNT(te.earning_id) as total_count
			FROM wp_tutor_earnings te
			 INNER JOIN wp_wc_orders_meta wcom ON te.order_id = wcom.order_id 
			WHERE te.process_by = 'tutor' AND wcom.meta_key = '_is_tutor_order_for_course'
		 made by do_action_ref_array('process_by_wc_migrator'), WP_Hook->do_action, WP_Hook->apply_filters, Tutor\Migrations\BatchProcessor->process_batch, Tutor\Migrations\ProcessByWcMigrator->get_total_items, Tutor\Helpers\QueryHelper::get_joined_count
[07-Oct-2025 11:52:47 UTC] PHP Fatal error:  Uncaught Exception: Table 'local.wp_wc_orders_meta' doesn't exist in C:\Users\Constant\Local Sites\cli\app\public\wp-content\plugins\tutor\helpers\QueryHelper.php:1120
Stack trace:
#0 C:\Users\Constant\Local Sites\cli\app\public\wp-content\plugins\tutor\migrations\ProcessByWcMigrator.php(82): Tutor\Helpers\QueryHelper::get_joined_count('tutor_earnings ...', Array, Array, Array, 'te.earning_id')
#1 C:\Users\Constant\Local Sites\cli\app\public\wp-content\plugins\tutor\migrations\BatchProcessor.php(179): Tutor\Migrations\ProcessByWcMigrator->get_total_items()
#2 C:\Users\Constant\Local Sites\cli\app\public\wp-includes\class-wp-hook.php(324): Tutor\Migrations\BatchProcessor->process_batch()
#3 C:\Users\Constant\Local Sites\cli\app\public\wp-includes\class-wp-hook.php(348): WP_Hook->apply_filters('', Array)
#4 C:\Users\Constant\Local Sites\cli\app\public\wp-includes\plugin.php(565): WP_Hook->do_action(Array)
#5 C:\Users\Constant\Local Sites\cli\app\public\wp-cron.php(191): do_action_ref_array('process_by_wc_m...', Array)
#6 {main}
  thrown in C:\Users\Constant\Local Sites\cli\app\public\wp-content\plugins\tutor\helpers\QueryHelper.php on line 1120
[07-Oct-2025 11:54:02 UTC] WordPress database error Table 'local.wp_wc_orders_meta' doesn't exist for query 
			SELECT COUNT(te.earning_id) as total_count
			FROM wp_tutor_earnings te
			 INNER JOIN wp_wc_orders_meta wcom ON te.order_id = wcom.order_id 
			WHERE te.process_by = 'tutor' AND wcom.meta_key = '_is_tutor_order_for_course'
		 made by do_action_ref_array('process_by_wc_migrator'), WP_Hook->do_action, WP_Hook->apply_filters, Tutor\Migrations\BatchProcessor->process_batch, Tutor\Migrations\ProcessByWcMigrator->get_total_items, Tutor\Helpers\QueryHelper::get_joined_count
[07-Oct-2025 11:54:02 UTC] PHP Fatal error:  Uncaught Exception: Table 'local.wp_wc_orders_meta' doesn't exist in C:\Users\Constant\Local Sites\cli\app\public\wp-content\plugins\tutor\helpers\QueryHelper.php:1120
Stack trace:
#0 C:\Users\Constant\Local Sites\cli\app\public\wp-content\plugins\tutor\migrations\ProcessByWcMigrator.php(82): Tutor\Helpers\QueryHelper::get_joined_count('tutor_earnings ...', Array, Array, Array, 'te.earning_id')
#1 C:\Users\Constant\Local Sites\cli\app\public\wp-content\plugins\tutor\migrations\BatchProcessor.php(179): Tutor\Migrations\ProcessByWcMigrator->get_total_items()
#2 C:\Users\Constant\Local Sites\cli\app\public\wp-includes\class-wp-hook.php(324): Tutor\Migrations\BatchProcessor->process_batch()
#3 C:\Users\Constant\Local Sites\cli\app\public\wp-includes\class-wp-hook.php(348): WP_Hook->apply_filters('', Array)
#4 C:\Users\Constant\Local Sites\cli\app\public\wp-includes\plugin.php(565): WP_Hook->do_action(Array)
#5 C:\Users\Constant\Local Sites\cli\app\public\wp-cron.php(191): do_action_ref_array('process_by_wc_m...', Array)
#6 {main}
  thrown in C:\Users\Constant\Local Sites\cli\app\public\wp-content\plugins\tutor\helpers\QueryHelper.php on line 1120
[07-Oct-2025 11:55:02 UTC] WordPress database error Table 'local.wp_wc_orders_meta' doesn't exist for query 
			SELECT COUNT(te.earning_id) as total_count
			FROM wp_tutor_earnings te
			 INNER JOIN wp_wc_orders_meta wcom ON te.order_id = wcom.order_id 
			WHERE te.process_by = 'tutor' AND wcom.meta_key = '_is_tutor_order_for_course'
		 made by do_action_ref_array('process_by_wc_migrator'), WP_Hook->do_action, WP_Hook->apply_filters, Tutor\Migrations\BatchProcessor->process_batch, Tutor\Migrations\ProcessByWcMigrator->get_total_items, Tutor\Helpers\QueryHelper::get_joined_count
[07-Oct-2025 11:55:02 UTC] PHP Fatal error:  Uncaught Exception: Table 'local.wp_wc_orders_meta' doesn't exist in C:\Users\Constant\Local Sites\cli\app\public\wp-content\plugins\tutor\helpers\QueryHelper.php:1120
Stack trace:
#0 C:\Users\Constant\Local Sites\cli\app\public\wp-content\plugins\tutor\migrations\ProcessByWcMigrator.php(82): Tutor\Helpers\QueryHelper::get_joined_count('tutor_earnings ...', Array, Array, Array, 'te.earning_id')
#1 C:\Users\Constant\Local Sites\cli\app\public\wp-content\plugins\tutor\migrations\BatchProcessor.php(179): Tutor\Migrations\ProcessByWcMigrator->get_total_items()
#2 C:\Users\Constant\Local Sites\cli\app\public\wp-includes\class-wp-hook.php(324): Tutor\Migrations\BatchProcessor->process_batch()
#3 C:\Users\Constant\Local Sites\cli\app\public\wp-includes\class-wp-hook.php(348): WP_Hook->apply_filters('', Array)
#4 C:\Users\Constant\Local Sites\cli\app\public\wp-includes\plugin.php(565): WP_Hook->do_action(Array)
#5 C:\Users\Constant\Local Sites\cli\app\public\wp-cron.php(191): do_action_ref_array('process_by_wc_m...', Array)
#6 {main}
  thrown in C:\Users\Constant\Local Sites\cli\app\public\wp-content\plugins\tutor\helpers\QueryHelper.php on line 1120
[07-Oct-2025 11:56:17 UTC] WordPress database error Table 'local.wp_wc_orders_meta' doesn't exist for query 
			SELECT COUNT(te.earning_id) as total_count
			FROM wp_tutor_earnings te
			 INNER JOIN wp_wc_orders_meta wcom ON te.order_id = wcom.order_id 
			WHERE te.process_by = 'tutor' AND wcom.meta_key = '_is_tutor_order_for_course'
		 made by do_action_ref_array('process_by_wc_migrator'), WP_Hook->do_action, WP_Hook->apply_filters, Tutor\Migrations\BatchProcessor->process_batch, Tutor\Migrations\ProcessByWcMigrator->get_total_items, Tutor\Helpers\QueryHelper::get_joined_count
[07-Oct-2025 11:56:17 UTC] PHP Fatal error:  Uncaught Exception: Table 'local.wp_wc_orders_meta' doesn't exist in C:\Users\Constant\Local Sites\cli\app\public\wp-content\plugins\tutor\helpers\QueryHelper.php:1120
Stack trace:
#0 C:\Users\Constant\Local Sites\cli\app\public\wp-content\plugins\tutor\migrations\ProcessByWcMigrator.php(82): Tutor\Helpers\QueryHelper::get_joined_count('tutor_earnings ...', Array, Array, Array, 'te.earning_id')
#1 C:\Users\Constant\Local Sites\cli\app\public\wp-content\plugins\tutor\migrations\BatchProcessor.php(179): Tutor\Migrations\ProcessByWcMigrator->get_total_items()
#2 C:\Users\Constant\Local Sites\cli\app\public\wp-includes\class-wp-hook.php(324): Tutor\Migrations\BatchProcessor->process_batch()
#3 C:\Users\Constant\Local Sites\cli\app\public\wp-includes\class-wp-hook.php(348): WP_Hook->apply_filters('', Array)
#4 C:\Users\Constant\Local Sites\cli\app\public\wp-includes\plugin.php(565): WP_Hook->do_action(Array)
#5 C:\Users\Constant\Local Sites\cli\app\public\wp-cron.php(191): do_action_ref_array('process_by_wc_m...', Array)
#6 {main}
  thrown in C:\Users\Constant\Local Sites\cli\app\public\wp-content\plugins\tutor\helpers\QueryHelper.php on line 1120
[07-Oct-2025 11:57:17 UTC] WordPress database error Table 'local.wp_wc_orders_meta' doesn't exist for query 
			SELECT COUNT(te.earning_id) as total_count
			FROM wp_tutor_earnings te
			 INNER JOIN wp_wc_orders_meta wcom ON te.order_id = wcom.order_id 
			WHERE te.process_by = 'tutor' AND wcom.meta_key = '_is_tutor_order_for_course'
		 made by do_action_ref_array('process_by_wc_migrator'), WP_Hook->do_action, WP_Hook->apply_filters, Tutor\Migrations\BatchProcessor->process_batch, Tutor\Migrations\ProcessByWcMigrator->get_total_items, Tutor\Helpers\QueryHelper::get_joined_count
[07-Oct-2025 11:57:17 UTC] PHP Fatal error:  Uncaught Exception: Table 'local.wp_wc_orders_meta' doesn't exist in C:\Users\Constant\Local Sites\cli\app\public\wp-content\plugins\tutor\helpers\QueryHelper.php:1120
Stack trace:
#0 C:\Users\Constant\Local Sites\cli\app\public\wp-content\plugins\tutor\migrations\ProcessByWcMigrator.php(82): Tutor\Helpers\QueryHelper::get_joined_count('tutor_earnings ...', Array, Array, Array, 'te.earning_id')
#1 C:\Users\Constant\Local Sites\cli\app\public\wp-content\plugins\tutor\migrations\BatchProcessor.php(179): Tutor\Migrations\ProcessByWcMigrator->get_total_items()
#2 C:\Users\Constant\Local Sites\cli\app\public\wp-includes\class-wp-hook.php(324): Tutor\Migrations\BatchProcessor->process_batch()
#3 C:\Users\Constant\Local Sites\cli\app\public\wp-includes\class-wp-hook.php(348): WP_Hook->apply_filters('', Array)
#4 C:\Users\Constant\Local Sites\cli\app\public\wp-includes\plugin.php(565): WP_Hook->do_action(Array)
#5 C:\Users\Constant\Local Sites\cli\app\public\wp-cron.php(191): do_action_ref_array('process_by_wc_m...', Array)
#6 {main}
  thrown in C:\Users\Constant\Local Sites\cli\app\public\wp-content\plugins\tutor\helpers\QueryHelper.php on line 1120
[07-Oct-2025 11:58:32 UTC] WordPress database error Table 'local.wp_wc_orders_meta' doesn't exist for query 
			SELECT COUNT(te.earning_id) as total_count
			FROM wp_tutor_earnings te
			 INNER JOIN wp_wc_orders_meta wcom ON te.order_id = wcom.order_id 
			WHERE te.process_by = 'tutor' AND wcom.meta_key = '_is_tutor_order_for_course'
		 made by do_action_ref_array('process_by_wc_migrator'), WP_Hook->do_action, WP_Hook->apply_filters, Tutor\Migrations\BatchProcessor->process_batch, Tutor\Migrations\ProcessByWcMigrator->get_total_items, Tutor\Helpers\QueryHelper::get_joined_count
[07-Oct-2025 11:58:32 UTC] PHP Fatal error:  Uncaught Exception: Table 'local.wp_wc_orders_meta' doesn't exist in C:\Users\Constant\Local Sites\cli\app\public\wp-content\plugins\tutor\helpers\QueryHelper.php:1120
Stack trace:
#0 C:\Users\Constant\Local Sites\cli\app\public\wp-content\plugins\tutor\migrations\ProcessByWcMigrator.php(82): Tutor\Helpers\QueryHelper::get_joined_count('tutor_earnings ...', Array, Array, Array, 'te.earning_id')
#1 C:\Users\Constant\Local Sites\cli\app\public\wp-content\plugins\tutor\migrations\BatchProcessor.php(179): Tutor\Migrations\ProcessByWcMigrator->get_total_items()
#2 C:\Users\Constant\Local Sites\cli\app\public\wp-includes\class-wp-hook.php(324): Tutor\Migrations\BatchProcessor->process_batch()
#3 C:\Users\Constant\Local Sites\cli\app\public\wp-includes\class-wp-hook.php(348): WP_Hook->apply_filters('', Array)
#4 C:\Users\Constant\Local Sites\cli\app\public\wp-includes\plugin.php(565): WP_Hook->do_action(Array)
#5 C:\Users\Constant\Local Sites\cli\app\public\wp-cron.php(191): do_action_ref_array('process_by_wc_m...', Array)
#6 {main}
  thrown in C:\Users\Constant\Local Sites\cli\app\public\wp-content\plugins\tutor\helpers\QueryHelper.php on line 1120
[07-Oct-2025 11:59:47 UTC] WordPress database error Table 'local.wp_wc_orders_meta' doesn't exist for query 
			SELECT COUNT(te.earning_id) as total_count
			FROM wp_tutor_earnings te
			 INNER JOIN wp_wc_orders_meta wcom ON te.order_id = wcom.order_id 
			WHERE te.process_by = 'tutor' AND wcom.meta_key = '_is_tutor_order_for_course'
		 made by do_action_ref_array('process_by_wc_migrator'), WP_Hook->do_action, WP_Hook->apply_filters, Tutor\Migrations\BatchProcessor->process_batch, Tutor\Migrations\ProcessByWcMigrator->get_total_items, Tutor\Helpers\QueryHelper::get_joined_count
[07-Oct-2025 11:59:47 UTC] PHP Fatal error:  Uncaught Exception: Table 'local.wp_wc_orders_meta' doesn't exist in C:\Users\Constant\Local Sites\cli\app\public\wp-content\plugins\tutor\helpers\QueryHelper.php:1120
Stack trace:
#0 C:\Users\Constant\Local Sites\cli\app\public\wp-content\plugins\tutor\migrations\ProcessByWcMigrator.php(82): Tutor\Helpers\QueryHelper::get_joined_count('tutor_earnings ...', Array, Array, Array, 'te.earning_id')
#1 C:\Users\Constant\Local Sites\cli\app\public\wp-content\plugins\tutor\migrations\BatchProcessor.php(179): Tutor\Migrations\ProcessByWcMigrator->get_total_items()
#2 C:\Users\Constant\Local Sites\cli\app\public\wp-includes\class-wp-hook.php(324): Tutor\Migrations\BatchProcessor->process_batch()
#3 C:\Users\Constant\Local Sites\cli\app\public\wp-includes\class-wp-hook.php(348): WP_Hook->apply_filters('', Array)
#4 C:\Users\Constant\Local Sites\cli\app\public\wp-includes\plugin.php(565): WP_Hook->do_action(Array)
#5 C:\Users\Constant\Local Sites\cli\app\public\wp-cron.php(191): do_action_ref_array('process_by_wc_m...', Array)
#6 {main}
  thrown in C:\Users\Constant\Local Sites\cli\app\public\wp-content\plugins\tutor\helpers\QueryHelper.php on line 1120
[07-Oct-2025 12:01:02 UTC] WordPress database error Table 'local.wp_wc_orders_meta' doesn't exist for query 
			SELECT COUNT(te.earning_id) as total_count
			FROM wp_tutor_earnings te
			 INNER JOIN wp_wc_orders_meta wcom ON te.order_id = wcom.order_id 
			WHERE te.process_by = 'tutor' AND wcom.meta_key = '_is_tutor_order_for_course'
		 made by do_action_ref_array('process_by_wc_migrator'), WP_Hook->do_action, WP_Hook->apply_filters, Tutor\Migrations\BatchProcessor->process_batch, Tutor\Migrations\ProcessByWcMigrator->get_total_items, Tutor\Helpers\QueryHelper::get_joined_count
[07-Oct-2025 12:01:02 UTC] PHP Fatal error:  Uncaught Exception: Table 'local.wp_wc_orders_meta' doesn't exist in C:\Users\Constant\Local Sites\cli\app\public\wp-content\plugins\tutor\helpers\QueryHelper.php:1120
Stack trace:
#0 C:\Users\Constant\Local Sites\cli\app\public\wp-content\plugins\tutor\migrations\ProcessByWcMigrator.php(82): Tutor\Helpers\QueryHelper::get_joined_count('tutor_earnings ...', Array, Array, Array, 'te.earning_id')
#1 C:\Users\Constant\Local Sites\cli\app\public\wp-content\plugins\tutor\migrations\BatchProcessor.php(179): Tutor\Migrations\ProcessByWcMigrator->get_total_items()
#2 C:\Users\Constant\Local Sites\cli\app\public\wp-includes\class-wp-hook.php(324): Tutor\Migrations\BatchProcessor->process_batch()
#3 C:\Users\Constant\Local Sites\cli\app\public\wp-includes\class-wp-hook.php(348): WP_Hook->apply_filters('', Array)
#4 C:\Users\Constant\Local Sites\cli\app\public\wp-includes\plugin.php(565): WP_Hook->do_action(Array)
#5 C:\Users\Constant\Local Sites\cli\app\public\wp-cron.php(191): do_action_ref_array('process_by_wc_m...', Array)
#6 {main}
  thrown in C:\Users\Constant\Local Sites\cli\app\public\wp-content\plugins\tutor\helpers\QueryHelper.php on line 1120
[07-Oct-2025 12:02:03 UTC] WordPress database error Table 'local.wp_wc_orders_meta' doesn't exist for query 
			SELECT COUNT(te.earning_id) as total_count
			FROM wp_tutor_earnings te
			 INNER JOIN wp_wc_orders_meta wcom ON te.order_id = wcom.order_id 
			WHERE te.process_by = 'tutor' AND wcom.meta_key = '_is_tutor_order_for_course'
		 made by do_action_ref_array('process_by_wc_migrator'), WP_Hook->do_action, WP_Hook->apply_filters, Tutor\Migrations\BatchProcessor->process_batch, Tutor\Migrations\ProcessByWcMigrator->get_total_items, Tutor\Helpers\QueryHelper::get_joined_count
[07-Oct-2025 12:02:03 UTC] PHP Fatal error:  Uncaught Exception: Table 'local.wp_wc_orders_meta' doesn't exist in C:\Users\Constant\Local Sites\cli\app\public\wp-content\plugins\tutor\helpers\QueryHelper.php:1120
Stack trace:
#0 C:\Users\Constant\Local Sites\cli\app\public\wp-content\plugins\tutor\migrations\ProcessByWcMigrator.php(82): Tutor\Helpers\QueryHelper::get_joined_count('tutor_earnings ...', Array, Array, Array, 'te.earning_id')
#1 C:\Users\Constant\Local Sites\cli\app\public\wp-content\plugins\tutor\migrations\BatchProcessor.php(179): Tutor\Migrations\ProcessByWcMigrator->get_total_items()
#2 C:\Users\Constant\Local Sites\cli\app\public\wp-includes\class-wp-hook.php(324): Tutor\Migrations\BatchProcessor->process_batch()
#3 C:\Users\Constant\Local Sites\cli\app\public\wp-includes\class-wp-hook.php(348): WP_Hook->apply_filters('', Array)
#4 C:\Users\Constant\Local Sites\cli\app\public\wp-includes\plugin.php(565): WP_Hook->do_action(Array)
#5 C:\Users\Constant\Local Sites\cli\app\public\wp-cron.php(191): do_action_ref_array('process_by_wc_m...', Array)
#6 {main}
  thrown in C:\Users\Constant\Local Sites\cli\app\public\wp-content\plugins\tutor\helpers\QueryHelper.php on line 1120
[07-Oct-2025 12:03:03 UTC] WordPress database error Table 'local.wp_wc_orders_meta' doesn't exist for query 
			SELECT COUNT(te.earning_id) as total_count
			FROM wp_tutor_earnings te
			 INNER JOIN wp_wc_orders_meta wcom ON te.order_id = wcom.order_id 
			WHERE te.process_by = 'tutor' AND wcom.meta_key = '_is_tutor_order_for_course'
		 made by do_action_ref_array('process_by_wc_migrator'), WP_Hook->do_action, WP_Hook->apply_filters, Tutor\Migrations\BatchProcessor->process_batch, Tutor\Migrations\ProcessByWcMigrator->get_total_items, Tutor\Helpers\QueryHelper::get_joined_count
[07-Oct-2025 12:03:03 UTC] PHP Fatal error:  Uncaught Exception: Table 'local.wp_wc_orders_meta' doesn't exist in C:\Users\Constant\Local Sites\cli\app\public\wp-content\plugins\tutor\helpers\QueryHelper.php:1120
Stack trace:
#0 C:\Users\Constant\Local Sites\cli\app\public\wp-content\plugins\tutor\migrations\ProcessByWcMigrator.php(82): Tutor\Helpers\QueryHelper::get_joined_count('tutor_earnings ...', Array, Array, Array, 'te.earning_id')
#1 C:\Users\Constant\Local Sites\cli\app\public\wp-content\plugins\tutor\migrations\BatchProcessor.php(179): Tutor\Migrations\ProcessByWcMigrator->get_total_items()
#2 C:\Users\Constant\Local Sites\cli\app\public\wp-includes\class-wp-hook.php(324): Tutor\Migrations\BatchProcessor->process_batch()
#3 C:\Users\Constant\Local Sites\cli\app\public\wp-includes\class-wp-hook.php(348): WP_Hook->apply_filters('', Array)
#4 C:\Users\Constant\Local Sites\cli\app\public\wp-includes\plugin.php(565): WP_Hook->do_action(Array)
#5 C:\Users\Constant\Local Sites\cli\app\public\wp-cron.php(191): do_action_ref_array('process_by_wc_m...', Array)
#6 {main}
  thrown in C:\Users\Constant\Local Sites\cli\app\public\wp-content\plugins\tutor\helpers\QueryHelper.php on line 1120
[07-Oct-2025 12:04:03 UTC] WordPress database error Table 'local.wp_wc_orders_meta' doesn't exist for query 
			SELECT COUNT(te.earning_id) as total_count
			FROM wp_tutor_earnings te
			 INNER JOIN wp_wc_orders_meta wcom ON te.order_id = wcom.order_id 
			WHERE te.process_by = 'tutor' AND wcom.meta_key = '_is_tutor_order_for_course'
		 made by do_action_ref_array('process_by_wc_migrator'), WP_Hook->do_action, WP_Hook->apply_filters, Tutor\Migrations\BatchProcessor->process_batch, Tutor\Migrations\ProcessByWcMigrator->get_total_items, Tutor\Helpers\QueryHelper::get_joined_count
[07-Oct-2025 12:04:03 UTC] PHP Fatal error:  Uncaught Exception: Table 'local.wp_wc_orders_meta' doesn't exist in C:\Users\Constant\Local Sites\cli\app\public\wp-content\plugins\tutor\helpers\QueryHelper.php:1120
Stack trace:
#0 C:\Users\Constant\Local Sites\cli\app\public\wp-content\plugins\tutor\migrations\ProcessByWcMigrator.php(82): Tutor\Helpers\QueryHelper::get_joined_count('tutor_earnings ...', Array, Array, Array, 'te.earning_id')
#1 C:\Users\Constant\Local Sites\cli\app\public\wp-content\plugins\tutor\migrations\BatchProcessor.php(179): Tutor\Migrations\ProcessByWcMigrator->get_total_items()
#2 C:\Users\Constant\Local Sites\cli\app\public\wp-includes\class-wp-hook.php(324): Tutor\Migrations\BatchProcessor->process_batch()
#3 C:\Users\Constant\Local Sites\cli\app\public\wp-includes\class-wp-hook.php(348): WP_Hook->apply_filters('', Array)
#4 C:\Users\Constant\Local Sites\cli\app\public\wp-includes\plugin.php(565): WP_Hook->do_action(Array)
#5 C:\Users\Constant\Local Sites\cli\app\public\wp-cron.php(191): do_action_ref_array('process_by_wc_m...', Array)
#6 {main}
  thrown in C:\Users\Constant\Local Sites\cli\app\public\wp-content\plugins\tutor\helpers\QueryHelper.php on line 1120
[07-Oct-2025 12:05:03 UTC] WordPress database error Table 'local.wp_wc_orders_meta' doesn't exist for query 
			SELECT COUNT(te.earning_id) as total_count
			FROM wp_tutor_earnings te
			 INNER JOIN wp_wc_orders_meta wcom ON te.order_id = wcom.order_id 
			WHERE te.process_by = 'tutor' AND wcom.meta_key = '_is_tutor_order_for_course'
		 made by do_action_ref_array('process_by_wc_migrator'), WP_Hook->do_action, WP_Hook->apply_filters, Tutor\Migrations\BatchProcessor->process_batch, Tutor\Migrations\ProcessByWcMigrator->get_total_items, Tutor\Helpers\QueryHelper::get_joined_count
[07-Oct-2025 12:05:03 UTC] PHP Fatal error:  Uncaught Exception: Table 'local.wp_wc_orders_meta' doesn't exist in C:\Users\Constant\Local Sites\cli\app\public\wp-content\plugins\tutor\helpers\QueryHelper.php:1120
Stack trace:
#0 C:\Users\Constant\Local Sites\cli\app\public\wp-content\plugins\tutor\migrations\ProcessByWcMigrator.php(82): Tutor\Helpers\QueryHelper::get_joined_count('tutor_earnings ...', Array, Array, Array, 'te.earning_id')
#1 C:\Users\Constant\Local Sites\cli\app\public\wp-content\plugins\tutor\migrations\BatchProcessor.php(179): Tutor\Migrations\ProcessByWcMigrator->get_total_items()
#2 C:\Users\Constant\Local Sites\cli\app\public\wp-includes\class-wp-hook.php(324): Tutor\Migrations\BatchProcessor->process_batch()
#3 C:\Users\Constant\Local Sites\cli\app\public\wp-includes\class-wp-hook.php(348): WP_Hook->apply_filters('', Array)
#4 C:\Users\Constant\Local Sites\cli\app\public\wp-includes\plugin.php(565): WP_Hook->do_action(Array)
#5 C:\Users\Constant\Local Sites\cli\app\public\wp-cron.php(191): do_action_ref_array('process_by_wc_m...', Array)
#6 {main}
  thrown in C:\Users\Constant\Local Sites\cli\app\public\wp-content\plugins\tutor\helpers\QueryHelper.php on line 1120
[07-Oct-2025 12:06:05 UTC] WordPress database error Table 'local.wp_wc_orders_meta' doesn't exist for query 
			SELECT COUNT(te.earning_id) as total_count
			FROM wp_tutor_earnings te
			 INNER JOIN wp_wc_orders_meta wcom ON te.order_id = wcom.order_id 
			WHERE te.process_by = 'tutor' AND wcom.meta_key = '_is_tutor_order_for_course'
		 made by do_action_ref_array('process_by_wc_migrator'), WP_Hook->do_action, WP_Hook->apply_filters, Tutor\Migrations\BatchProcessor->process_batch, Tutor\Migrations\ProcessByWcMigrator->get_total_items, Tutor\Helpers\QueryHelper::get_joined_count
[07-Oct-2025 12:06:05 UTC] PHP Fatal error:  Uncaught Exception: Table 'local.wp_wc_orders_meta' doesn't exist in C:\Users\Constant\Local Sites\cli\app\public\wp-content\plugins\tutor\helpers\QueryHelper.php:1120
Stack trace:
#0 C:\Users\Constant\Local Sites\cli\app\public\wp-content\plugins\tutor\migrations\ProcessByWcMigrator.php(82): Tutor\Helpers\QueryHelper::get_joined_count('tutor_earnings ...', Array, Array, Array, 'te.earning_id')
#1 C:\Users\Constant\Local Sites\cli\app\public\wp-content\plugins\tutor\migrations\BatchProcessor.php(179): Tutor\Migrations\ProcessByWcMigrator->get_total_items()
#2 C:\Users\Constant\Local Sites\cli\app\public\wp-includes\class-wp-hook.php(324): Tutor\Migrations\BatchProcessor->process_batch()
#3 C:\Users\Constant\Local Sites\cli\app\public\wp-includes\class-wp-hook.php(348): WP_Hook->apply_filters('', Array)
#4 C:\Users\Constant\Local Sites\cli\app\public\wp-includes\plugin.php(565): WP_Hook->do_action(Array)
#5 C:\Users\Constant\Local Sites\cli\app\public\wp-cron.php(191): do_action_ref_array('process_by_wc_m...', Array)
#6 {main}
  thrown in C:\Users\Constant\Local Sites\cli\app\public\wp-content\plugins\tutor\helpers\QueryHelper.php on line 1120
[07-Oct-2025 12:07:05 UTC] WordPress database error Table 'local.wp_wc_orders_meta' doesn't exist for query 
			SELECT COUNT(te.earning_id) as total_count
			FROM wp_tutor_earnings te
			 INNER JOIN wp_wc_orders_meta wcom ON te.order_id = wcom.order_id 
			WHERE te.process_by = 'tutor' AND wcom.meta_key = '_is_tutor_order_for_course'
		 made by do_action_ref_array('process_by_wc_migrator'), WP_Hook->do_action, WP_Hook->apply_filters, Tutor\Migrations\BatchProcessor->process_batch, Tutor\Migrations\ProcessByWcMigrator->get_total_items, Tutor\Helpers\QueryHelper::get_joined_count
[07-Oct-2025 12:07:05 UTC] PHP Fatal error:  Uncaught Exception: Table 'local.wp_wc_orders_meta' doesn't exist in C:\Users\Constant\Local Sites\cli\app\public\wp-content\plugins\tutor\helpers\QueryHelper.php:1120
Stack trace:
#0 C:\Users\Constant\Local Sites\cli\app\public\wp-content\plugins\tutor\migrations\ProcessByWcMigrator.php(82): Tutor\Helpers\QueryHelper::get_joined_count('tutor_earnings ...', Array, Array, Array, 'te.earning_id')
#1 C:\Users\Constant\Local Sites\cli\app\public\wp-content\plugins\tutor\migrations\BatchProcessor.php(179): Tutor\Migrations\ProcessByWcMigrator->get_total_items()
#2 C:\Users\Constant\Local Sites\cli\app\public\wp-includes\class-wp-hook.php(324): Tutor\Migrations\BatchProcessor->process_batch()
#3 C:\Users\Constant\Local Sites\cli\app\public\wp-includes\class-wp-hook.php(348): WP_Hook->apply_filters('', Array)
#4 C:\Users\Constant\Local Sites\cli\app\public\wp-includes\plugin.php(565): WP_Hook->do_action(Array)
#5 C:\Users\Constant\Local Sites\cli\app\public\wp-cron.php(191): do_action_ref_array('process_by_wc_m...', Array)
#6 {main}
  thrown in C:\Users\Constant\Local Sites\cli\app\public\wp-content\plugins\tutor\helpers\QueryHelper.php on line 1120
[07-Oct-2025 12:08:05 UTC] WordPress database error Table 'local.wp_wc_orders_meta' doesn't exist for query 
			SELECT COUNT(te.earning_id) as total_count
			FROM wp_tutor_earnings te
			 INNER JOIN wp_wc_orders_meta wcom ON te.order_id = wcom.order_id 
			WHERE te.process_by = 'tutor' AND wcom.meta_key = '_is_tutor_order_for_course'
		 made by do_action_ref_array('process_by_wc_migrator'), WP_Hook->do_action, WP_Hook->apply_filters, Tutor\Migrations\BatchProcessor->process_batch, Tutor\Migrations\ProcessByWcMigrator->get_total_items, Tutor\Helpers\QueryHelper::get_joined_count
[07-Oct-2025 12:08:05 UTC] PHP Fatal error:  Uncaught Exception: Table 'local.wp_wc_orders_meta' doesn't exist in C:\Users\Constant\Local Sites\cli\app\public\wp-content\plugins\tutor\helpers\QueryHelper.php:1120
Stack trace:
#0 C:\Users\Constant\Local Sites\cli\app\public\wp-content\plugins\tutor\migrations\ProcessByWcMigrator.php(82): Tutor\Helpers\QueryHelper::get_joined_count('tutor_earnings ...', Array, Array, Array, 'te.earning_id')
#1 C:\Users\Constant\Local Sites\cli\app\public\wp-content\plugins\tutor\migrations\BatchProcessor.php(179): Tutor\Migrations\ProcessByWcMigrator->get_total_items()
#2 C:\Users\Constant\Local Sites\cli\app\public\wp-includes\class-wp-hook.php(324): Tutor\Migrations\BatchProcessor->process_batch()
#3 C:\Users\Constant\Local Sites\cli\app\public\wp-includes\class-wp-hook.php(348): WP_Hook->apply_filters('', Array)
#4 C:\Users\Constant\Local Sites\cli\app\public\wp-includes\plugin.php(565): WP_Hook->do_action(Array)
#5 C:\Users\Constant\Local Sites\cli\app\public\wp-cron.php(191): do_action_ref_array('process_by_wc_m...', Array)
#6 {main}
  thrown in C:\Users\Constant\Local Sites\cli\app\public\wp-content\plugins\tutor\helpers\QueryHelper.php on line 1120
[07-Oct-2025 12:09:05 UTC] WordPress database error Table 'local.wp_wc_orders_meta' doesn't exist for query 
			SELECT COUNT(te.earning_id) as total_count
			FROM wp_tutor_earnings te
			 INNER JOIN wp_wc_orders_meta wcom ON te.order_id = wcom.order_id 
			WHERE te.process_by = 'tutor' AND wcom.meta_key = '_is_tutor_order_for_course'
		 made by do_action_ref_array('process_by_wc_migrator'), WP_Hook->do_action, WP_Hook->apply_filters, Tutor\Migrations\BatchProcessor->process_batch, Tutor\Migrations\ProcessByWcMigrator->get_total_items, Tutor\Helpers\QueryHelper::get_joined_count
[07-Oct-2025 12:09:05 UTC] PHP Fatal error:  Uncaught Exception: Table 'local.wp_wc_orders_meta' doesn't exist in C:\Users\Constant\Local Sites\cli\app\public\wp-content\plugins\tutor\helpers\QueryHelper.php:1120
Stack trace:
#0 C:\Users\Constant\Local Sites\cli\app\public\wp-content\plugins\tutor\migrations\ProcessByWcMigrator.php(82): Tutor\Helpers\QueryHelper::get_joined_count('tutor_earnings ...', Array, Array, Array, 'te.earning_id')
#1 C:\Users\Constant\Local Sites\cli\app\public\wp-content\plugins\tutor\migrations\BatchProcessor.php(179): Tutor\Migrations\ProcessByWcMigrator->get_total_items()
#2 C:\Users\Constant\Local Sites\cli\app\public\wp-includes\class-wp-hook.php(324): Tutor\Migrations\BatchProcessor->process_batch()
#3 C:\Users\Constant\Local Sites\cli\app\public\wp-includes\class-wp-hook.php(348): WP_Hook->apply_filters('', Array)
#4 C:\Users\Constant\Local Sites\cli\app\public\wp-includes\plugin.php(565): WP_Hook->do_action(Array)
#5 C:\Users\Constant\Local Sites\cli\app\public\wp-cron.php(191): do_action_ref_array('process_by_wc_m...', Array)
#6 {main}
  thrown in C:\Users\Constant\Local Sites\cli\app\public\wp-content\plugins\tutor\helpers\QueryHelper.php on line 1120
[07-Oct-2025 12:10:06 UTC] WordPress database error Table 'local.wp_wc_orders_meta' doesn't exist for query 
			SELECT COUNT(te.earning_id) as total_count
			FROM wp_tutor_earnings te
			 INNER JOIN wp_wc_orders_meta wcom ON te.order_id = wcom.order_id 
			WHERE te.process_by = 'tutor' AND wcom.meta_key = '_is_tutor_order_for_course'
		 made by do_action_ref_array('process_by_wc_migrator'), WP_Hook->do_action, WP_Hook->apply_filters, Tutor\Migrations\BatchProcessor->process_batch, Tutor\Migrations\ProcessByWcMigrator->get_total_items, Tutor\Helpers\QueryHelper::get_joined_count
[07-Oct-2025 12:10:06 UTC] PHP Fatal error:  Uncaught Exception: Table 'local.wp_wc_orders_meta' doesn't exist in C:\Users\Constant\Local Sites\cli\app\public\wp-content\plugins\tutor\helpers\QueryHelper.php:1120
Stack trace:
#0 C:\Users\Constant\Local Sites\cli\app\public\wp-content\plugins\tutor\migrations\ProcessByWcMigrator.php(82): Tutor\Helpers\QueryHelper::get_joined_count('tutor_earnings ...', Array, Array, Array, 'te.earning_id')
#1 C:\Users\Constant\Local Sites\cli\app\public\wp-content\plugins\tutor\migrations\BatchProcessor.php(179): Tutor\Migrations\ProcessByWcMigrator->get_total_items()
#2 C:\Users\Constant\Local Sites\cli\app\public\wp-includes\class-wp-hook.php(324): Tutor\Migrations\BatchProcessor->process_batch()
#3 C:\Users\Constant\Local Sites\cli\app\public\wp-includes\class-wp-hook.php(348): WP_Hook->apply_filters('', Array)
#4 C:\Users\Constant\Local Sites\cli\app\public\wp-includes\plugin.php(565): WP_Hook->do_action(Array)
#5 C:\Users\Constant\Local Sites\cli\app\public\wp-cron.php(191): do_action_ref_array('process_by_wc_m...', Array)
#6 {main}
  thrown in C:\Users\Constant\Local Sites\cli\app\public\wp-content\plugins\tutor\helpers\QueryHelper.php on line 1120
[07-Oct-2025 12:11:06 UTC] WordPress database error Table 'local.wp_wc_orders_meta' doesn't exist for query 
			SELECT COUNT(te.earning_id) as total_count
			FROM wp_tutor_earnings te
			 INNER JOIN wp_wc_orders_meta wcom ON te.order_id = wcom.order_id 
			WHERE te.process_by = 'tutor' AND wcom.meta_key = '_is_tutor_order_for_course'
		 made by do_action_ref_array('process_by_wc_migrator'), WP_Hook->do_action, WP_Hook->apply_filters, Tutor\Migrations\BatchProcessor->process_batch, Tutor\Migrations\ProcessByWcMigrator->get_total_items, Tutor\Helpers\QueryHelper::get_joined_count
[07-Oct-2025 12:11:06 UTC] PHP Fatal error:  Uncaught Exception: Table 'local.wp_wc_orders_meta' doesn't exist in C:\Users\Constant\Local Sites\cli\app\public\wp-content\plugins\tutor\helpers\QueryHelper.php:1120
Stack trace:
#0 C:\Users\Constant\Local Sites\cli\app\public\wp-content\plugins\tutor\migrations\ProcessByWcMigrator.php(82): Tutor\Helpers\QueryHelper::get_joined_count('tutor_earnings ...', Array, Array, Array, 'te.earning_id')
#1 C:\Users\Constant\Local Sites\cli\app\public\wp-content\plugins\tutor\migrations\BatchProcessor.php(179): Tutor\Migrations\ProcessByWcMigrator->get_total_items()
#2 C:\Users\Constant\Local Sites\cli\app\public\wp-includes\class-wp-hook.php(324): Tutor\Migrations\BatchProcessor->process_batch()
#3 C:\Users\Constant\Local Sites\cli\app\public\wp-includes\class-wp-hook.php(348): WP_Hook->apply_filters('', Array)
#4 C:\Users\Constant\Local Sites\cli\app\public\wp-includes\plugin.php(565): WP_Hook->do_action(Array)
#5 C:\Users\Constant\Local Sites\cli\app\public\wp-cron.php(191): do_action_ref_array('process_by_wc_m...', Array)
#6 {main}
  thrown in C:\Users\Constant\Local Sites\cli\app\public\wp-content\plugins\tutor\helpers\QueryHelper.php on line 1120
[07-Oct-2025 12:12:22 UTC] WordPress database error Table 'local.wp_wc_orders_meta' doesn't exist for query 
			SELECT COUNT(te.earning_id) as total_count
			FROM wp_tutor_earnings te
			 INNER JOIN wp_wc_orders_meta wcom ON te.order_id = wcom.order_id 
			WHERE te.process_by = 'tutor' AND wcom.meta_key = '_is_tutor_order_for_course'
		 made by do_action_ref_array('process_by_wc_migrator'), WP_Hook->do_action, WP_Hook->apply_filters, Tutor\Migrations\BatchProcessor->process_batch, Tutor\Migrations\ProcessByWcMigrator->get_total_items, Tutor\Helpers\QueryHelper::get_joined_count
[07-Oct-2025 12:12:22 UTC] PHP Fatal error:  Uncaught Exception: Table 'local.wp_wc_orders_meta' doesn't exist in C:\Users\Constant\Local Sites\cli\app\public\wp-content\plugins\tutor\helpers\QueryHelper.php:1120
Stack trace:
#0 C:\Users\Constant\Local Sites\cli\app\public\wp-content\plugins\tutor\migrations\ProcessByWcMigrator.php(82): Tutor\Helpers\QueryHelper::get_joined_count('tutor_earnings ...', Array, Array, Array, 'te.earning_id')
#1 C:\Users\Constant\Local Sites\cli\app\public\wp-content\plugins\tutor\migrations\BatchProcessor.php(179): Tutor\Migrations\ProcessByWcMigrator->get_total_items()
#2 C:\Users\Constant\Local Sites\cli\app\public\wp-includes\class-wp-hook.php(324): Tutor\Migrations\BatchProcessor->process_batch()
#3 C:\Users\Constant\Local Sites\cli\app\public\wp-includes\class-wp-hook.php(348): WP_Hook->apply_filters('', Array)
#4 C:\Users\Constant\Local Sites\cli\app\public\wp-includes\plugin.php(565): WP_Hook->do_action(Array)
#5 C:\Users\Constant\Local Sites\cli\app\public\wp-cron.php(191): do_action_ref_array('process_by_wc_m...', Array)
#6 {main}
  thrown in C:\Users\Constant\Local Sites\cli\app\public\wp-content\plugins\tutor\helpers\QueryHelper.php on line 1120
[07-Oct-2025 12:13:36 UTC] WordPress database error Table 'local.wp_wc_orders_meta' doesn't exist for query 
			SELECT COUNT(te.earning_id) as total_count
			FROM wp_tutor_earnings te
			 INNER JOIN wp_wc_orders_meta wcom ON te.order_id = wcom.order_id 
			WHERE te.process_by = 'tutor' AND wcom.meta_key = '_is_tutor_order_for_course'
		 made by do_action_ref_array('process_by_wc_migrator'), WP_Hook->do_action, WP_Hook->apply_filters, Tutor\Migrations\BatchProcessor->process_batch, Tutor\Migrations\ProcessByWcMigrator->get_total_items, Tutor\Helpers\QueryHelper::get_joined_count
[07-Oct-2025 12:13:36 UTC] PHP Fatal error:  Uncaught Exception: Table 'local.wp_wc_orders_meta' doesn't exist in C:\Users\Constant\Local Sites\cli\app\public\wp-content\plugins\tutor\helpers\QueryHelper.php:1120
Stack trace:
#0 C:\Users\Constant\Local Sites\cli\app\public\wp-content\plugins\tutor\migrations\ProcessByWcMigrator.php(82): Tutor\Helpers\QueryHelper::get_joined_count('tutor_earnings ...', Array, Array, Array, 'te.earning_id')
#1 C:\Users\Constant\Local Sites\cli\app\public\wp-content\plugins\tutor\migrations\BatchProcessor.php(179): Tutor\Migrations\ProcessByWcMigrator->get_total_items()
#2 C:\Users\Constant\Local Sites\cli\app\public\wp-includes\class-wp-hook.php(324): Tutor\Migrations\BatchProcessor->process_batch()
#3 C:\Users\Constant\Local Sites\cli\app\public\wp-includes\class-wp-hook.php(348): WP_Hook->apply_filters('', Array)
#4 C:\Users\Constant\Local Sites\cli\app\public\wp-includes\plugin.php(565): WP_Hook->do_action(Array)
#5 C:\Users\Constant\Local Sites\cli\app\public\wp-cron.php(191): do_action_ref_array('process_by_wc_m...', Array)
#6 {main}
  thrown in C:\Users\Constant\Local Sites\cli\app\public\wp-content\plugins\tutor\helpers\QueryHelper.php on line 1120
[07-Oct-2025 12:14:36 UTC] WordPress database error Table 'local.wp_wc_orders_meta' doesn't exist for query 
			SELECT COUNT(te.earning_id) as total_count
			FROM wp_tutor_earnings te
			 INNER JOIN wp_wc_orders_meta wcom ON te.order_id = wcom.order_id 
			WHERE te.process_by = 'tutor' AND wcom.meta_key = '_is_tutor_order_for_course'
		 made by do_action_ref_array('process_by_wc_migrator'), WP_Hook->do_action, WP_Hook->apply_filters, Tutor\Migrations\BatchProcessor->process_batch, Tutor\Migrations\ProcessByWcMigrator->get_total_items, Tutor\Helpers\QueryHelper::get_joined_count
[07-Oct-2025 12:14:36 UTC] PHP Fatal error:  Uncaught Exception: Table 'local.wp_wc_orders_meta' doesn't exist in C:\Users\Constant\Local Sites\cli\app\public\wp-content\plugins\tutor\helpers\QueryHelper.php:1120
Stack trace:
#0 C:\Users\Constant\Local Sites\cli\app\public\wp-content\plugins\tutor\migrations\ProcessByWcMigrator.php(82): Tutor\Helpers\QueryHelper::get_joined_count('tutor_earnings ...', Array, Array, Array, 'te.earning_id')
#1 C:\Users\Constant\Local Sites\cli\app\public\wp-content\plugins\tutor\migrations\BatchProcessor.php(179): Tutor\Migrations\ProcessByWcMigrator->get_total_items()
#2 C:\Users\Constant\Local Sites\cli\app\public\wp-includes\class-wp-hook.php(324): Tutor\Migrations\BatchProcessor->process_batch()
#3 C:\Users\Constant\Local Sites\cli\app\public\wp-includes\class-wp-hook.php(348): WP_Hook->apply_filters('', Array)
#4 C:\Users\Constant\Local Sites\cli\app\public\wp-includes\plugin.php(565): WP_Hook->do_action(Array)
#5 C:\Users\Constant\Local Sites\cli\app\public\wp-cron.php(191): do_action_ref_array('process_by_wc_m...', Array)
#6 {main}
  thrown in C:\Users\Constant\Local Sites\cli\app\public\wp-content\plugins\tutor\helpers\QueryHelper.php on line 1120
[07-Oct-2025 12:15:51 UTC] WordPress database error Table 'local.wp_wc_orders_meta' doesn't exist for query 
			SELECT COUNT(te.earning_id) as total_count
			FROM wp_tutor_earnings te
			 INNER JOIN wp_wc_orders_meta wcom ON te.order_id = wcom.order_id 
			WHERE te.process_by = 'tutor' AND wcom.meta_key = '_is_tutor_order_for_course'
		 made by do_action_ref_array('process_by_wc_migrator'), WP_Hook->do_action, WP_Hook->apply_filters, Tutor\Migrations\BatchProcessor->process_batch, Tutor\Migrations\ProcessByWcMigrator->get_total_items, Tutor\Helpers\QueryHelper::get_joined_count
[07-Oct-2025 12:15:51 UTC] PHP Fatal error:  Uncaught Exception: Table 'local.wp_wc_orders_meta' doesn't exist in C:\Users\Constant\Local Sites\cli\app\public\wp-content\plugins\tutor\helpers\QueryHelper.php:1120
Stack trace:
#0 C:\Users\Constant\Local Sites\cli\app\public\wp-content\plugins\tutor\migrations\ProcessByWcMigrator.php(82): Tutor\Helpers\QueryHelper::get_joined_count('tutor_earnings ...', Array, Array, Array, 'te.earning_id')
#1 C:\Users\Constant\Local Sites\cli\app\public\wp-content\plugins\tutor\migrations\BatchProcessor.php(179): Tutor\Migrations\ProcessByWcMigrator->get_total_items()
#2 C:\Users\Constant\Local Sites\cli\app\public\wp-includes\class-wp-hook.php(324): Tutor\Migrations\BatchProcessor->process_batch()
#3 C:\Users\Constant\Local Sites\cli\app\public\wp-includes\class-wp-hook.php(348): WP_Hook->apply_filters('', Array)
#4 C:\Users\Constant\Local Sites\cli\app\public\wp-includes\plugin.php(565): WP_Hook->do_action(Array)
#5 C:\Users\Constant\Local Sites\cli\app\public\wp-cron.php(191): do_action_ref_array('process_by_wc_m...', Array)
#6 {main}
  thrown in C:\Users\Constant\Local Sites\cli\app\public\wp-content\plugins\tutor\helpers\QueryHelper.php on line 1120
[07-Oct-2025 12:16:51 UTC] WordPress database error Table 'local.wp_wc_orders_meta' doesn't exist for query 
			SELECT COUNT(te.earning_id) as total_count
			FROM wp_tutor_earnings te
			 INNER JOIN wp_wc_orders_meta wcom ON te.order_id = wcom.order_id 
			WHERE te.process_by = 'tutor' AND wcom.meta_key = '_is_tutor_order_for_course'
		 made by do_action_ref_array('process_by_wc_migrator'), WP_Hook->do_action, WP_Hook->apply_filters, Tutor\Migrations\BatchProcessor->process_batch, Tutor\Migrations\ProcessByWcMigrator->get_total_items, Tutor\Helpers\QueryHelper::get_joined_count
[07-Oct-2025 12:16:51 UTC] PHP Fatal error:  Uncaught Exception: Table 'local.wp_wc_orders_meta' doesn't exist in C:\Users\Constant\Local Sites\cli\app\public\wp-content\plugins\tutor\helpers\QueryHelper.php:1120
Stack trace:
#0 C:\Users\Constant\Local Sites\cli\app\public\wp-content\plugins\tutor\migrations\ProcessByWcMigrator.php(82): Tutor\Helpers\QueryHelper::get_joined_count('tutor_earnings ...', Array, Array, Array, 'te.earning_id')
#1 C:\Users\Constant\Local Sites\cli\app\public\wp-content\plugins\tutor\migrations\BatchProcessor.php(179): Tutor\Migrations\ProcessByWcMigrator->get_total_items()
#2 C:\Users\Constant\Local Sites\cli\app\public\wp-includes\class-wp-hook.php(324): Tutor\Migrations\BatchProcessor->process_batch()
#3 C:\Users\Constant\Local Sites\cli\app\public\wp-includes\class-wp-hook.php(348): WP_Hook->apply_filters('', Array)
#4 C:\Users\Constant\Local Sites\cli\app\public\wp-includes\plugin.php(565): WP_Hook->do_action(Array)
#5 C:\Users\Constant\Local Sites\cli\app\public\wp-cron.php(191): do_action_ref_array('process_by_wc_m...', Array)
#6 {main}
  thrown in C:\Users\Constant\Local Sites\cli\app\public\wp-content\plugins\tutor\helpers\QueryHelper.php on line 1120
[07-Oct-2025 12:19:28 UTC] WordPress database error Table 'local.wp_wc_orders_meta' doesn't exist for query 
			SELECT COUNT(te.earning_id) as total_count
			FROM wp_tutor_earnings te
			 INNER JOIN wp_wc_orders_meta wcom ON te.order_id = wcom.order_id 
			WHERE te.process_by = 'tutor' AND wcom.meta_key = '_is_tutor_order_for_course'
		 made by do_action_ref_array('process_by_wc_migrator'), WP_Hook->do_action, WP_Hook->apply_filters, Tutor\Migrations\BatchProcessor->process_batch, Tutor\Migrations\ProcessByWcMigrator->get_total_items, Tutor\Helpers\QueryHelper::get_joined_count
[07-Oct-2025 12:19:28 UTC] PHP Fatal error:  Uncaught Exception: Table 'local.wp_wc_orders_meta' doesn't exist in C:\Users\Constant\Local Sites\cli\app\public\wp-content\plugins\tutor\helpers\QueryHelper.php:1120
Stack trace:
#0 C:\Users\Constant\Local Sites\cli\app\public\wp-content\plugins\tutor\migrations\ProcessByWcMigrator.php(82): Tutor\Helpers\QueryHelper::get_joined_count('tutor_earnings ...', Array, Array, Array, 'te.earning_id')
#1 C:\Users\Constant\Local Sites\cli\app\public\wp-content\plugins\tutor\migrations\BatchProcessor.php(179): Tutor\Migrations\ProcessByWcMigrator->get_total_items()
#2 C:\Users\Constant\Local Sites\cli\app\public\wp-includes\class-wp-hook.php(324): Tutor\Migrations\BatchProcessor->process_batch()
#3 C:\Users\Constant\Local Sites\cli\app\public\wp-includes\class-wp-hook.php(348): WP_Hook->apply_filters('', Array)
#4 C:\Users\Constant\Local Sites\cli\app\public\wp-includes\plugin.php(565): WP_Hook->do_action(Array)
#5 C:\Users\Constant\Local Sites\cli\app\public\wp-cron.php(191): do_action_ref_array('process_by_wc_m...', Array)
#6 {main}
  thrown in C:\Users\Constant\Local Sites\cli\app\public\wp-content\plugins\tutor\helpers\QueryHelper.php on line 1120
[07-Oct-2025 12:19:36 UTC] PHP Warning:  Undefined array key "pro-free-trial-popup" in C:\Users\Constant\Local Sites\cli\app\public\wp-content\plugins\elementor\modules\pro-free-trial-popup\module.php on line 118
[07-Oct-2025 12:19:36 UTC] PHP Warning:  Trying to access array offset on value of type null in C:\Users\Constant\Local Sites\cli\app\public\wp-content\plugins\elementor\modules\pro-free-trial-popup\module.php on line 118
[07-Oct-2025 12:19:36 UTC] PHP Warning:  Trying to access array offset on value of type null in C:\Users\Constant\Local Sites\cli\app\public\wp-content\plugins\elementor\modules\pro-free-trial-popup\module.php on line 118
[07-Oct-2025 12:20:38 UTC] WordPress database error Table 'local.wp_wc_orders_meta' doesn't exist for query 
			SELECT COUNT(te.earning_id) as total_count
			FROM wp_tutor_earnings te
			 INNER JOIN wp_wc_orders_meta wcom ON te.order_id = wcom.order_id 
			WHERE te.process_by = 'tutor' AND wcom.meta_key = '_is_tutor_order_for_course'
		 made by do_action_ref_array('process_by_wc_migrator'), WP_Hook->do_action, WP_Hook->apply_filters, Tutor\Migrations\BatchProcessor->process_batch, Tutor\Migrations\ProcessByWcMigrator->get_total_items, Tutor\Helpers\QueryHelper::get_joined_count
[07-Oct-2025 12:20:38 UTC] PHP Fatal error:  Uncaught Exception: Table 'local.wp_wc_orders_meta' doesn't exist in C:\Users\Constant\Local Sites\cli\app\public\wp-content\plugins\tutor\helpers\QueryHelper.php:1120
Stack trace:
#0 C:\Users\Constant\Local Sites\cli\app\public\wp-content\plugins\tutor\migrations\ProcessByWcMigrator.php(82): Tutor\Helpers\QueryHelper::get_joined_count('tutor_earnings ...', Array, Array, Array, 'te.earning_id')
#1 C:\Users\Constant\Local Sites\cli\app\public\wp-content\plugins\tutor\migrations\BatchProcessor.php(179): Tutor\Migrations\ProcessByWcMigrator->get_total_items()
#2 C:\Users\Constant\Local Sites\cli\app\public\wp-includes\class-wp-hook.php(324): Tutor\Migrations\BatchProcessor->process_batch()
#3 C:\Users\Constant\Local Sites\cli\app\public\wp-includes\class-wp-hook.php(348): WP_Hook->apply_filters('', Array)
#4 C:\Users\Constant\Local Sites\cli\app\public\wp-includes\plugin.php(565): WP_Hook->do_action(Array)
#5 C:\Users\Constant\Local Sites\cli\app\public\wp-cron.php(191): do_action_ref_array('process_by_wc_m...', Array)
#6 {main}
  thrown in C:\Users\Constant\Local Sites\cli\app\public\wp-content\plugins\tutor\helpers\QueryHelper.php on line 1120
[07-Oct-2025 12:21:38 UTC] WordPress database error Table 'local.wp_wc_orders_meta' doesn't exist for query 
			SELECT COUNT(te.earning_id) as total_count
			FROM wp_tutor_earnings te
			 INNER JOIN wp_wc_orders_meta wcom ON te.order_id = wcom.order_id 
			WHERE te.process_by = 'tutor' AND wcom.meta_key = '_is_tutor_order_for_course'
		 made by do_action_ref_array('process_by_wc_migrator'), WP_Hook->do_action, WP_Hook->apply_filters, Tutor\Migrations\BatchProcessor->process_batch, Tutor\Migrations\ProcessByWcMigrator->get_total_items, Tutor\Helpers\QueryHelper::get_joined_count
[07-Oct-2025 12:21:38 UTC] PHP Fatal error:  Uncaught Exception: Table 'local.wp_wc_orders_meta' doesn't exist in C:\Users\Constant\Local Sites\cli\app\public\wp-content\plugins\tutor\helpers\QueryHelper.php:1120
Stack trace:
#0 C:\Users\Constant\Local Sites\cli\app\public\wp-content\plugins\tutor\migrations\ProcessByWcMigrator.php(82): Tutor\Helpers\QueryHelper::get_joined_count('tutor_earnings ...', Array, Array, Array, 'te.earning_id')
#1 C:\Users\Constant\Local Sites\cli\app\public\wp-content\plugins\tutor\migrations\BatchProcessor.php(179): Tutor\Migrations\ProcessByWcMigrator->get_total_items()
#2 C:\Users\Constant\Local Sites\cli\app\public\wp-includes\class-wp-hook.php(324): Tutor\Migrations\BatchProcessor->process_batch()
#3 C:\Users\Constant\Local Sites\cli\app\public\wp-includes\class-wp-hook.php(348): WP_Hook->apply_filters('', Array)
#4 C:\Users\Constant\Local Sites\cli\app\public\wp-includes\plugin.php(565): WP_Hook->do_action(Array)
#5 C:\Users\Constant\Local Sites\cli\app\public\wp-cron.php(191): do_action_ref_array('process_by_wc_m...', Array)
#6 {main}
  thrown in C:\Users\Constant\Local Sites\cli\app\public\wp-content\plugins\tutor\helpers\QueryHelper.php on line 1120
[07-Oct-2025 12:24:11 UTC] WordPress database error Table 'local.wp_wc_orders_meta' doesn't exist for query 
			SELECT COUNT(te.earning_id) as total_count
			FROM wp_tutor_earnings te
			 INNER JOIN wp_wc_orders_meta wcom ON te.order_id = wcom.order_id 
			WHERE te.process_by = 'tutor' AND wcom.meta_key = '_is_tutor_order_for_course'
		 made by do_action_ref_array('process_by_wc_migrator'), WP_Hook->do_action, WP_Hook->apply_filters, Tutor\Migrations\BatchProcessor->process_batch, Tutor\Migrations\ProcessByWcMigrator->get_total_items, Tutor\Helpers\QueryHelper::get_joined_count
[07-Oct-2025 12:24:11 UTC] PHP Fatal error:  Uncaught Exception: Table 'local.wp_wc_orders_meta' doesn't exist in C:\Users\Constant\Local Sites\cli\app\public\wp-content\plugins\tutor\helpers\QueryHelper.php:1120
Stack trace:
#0 C:\Users\Constant\Local Sites\cli\app\public\wp-content\plugins\tutor\migrations\ProcessByWcMigrator.php(82): Tutor\Helpers\QueryHelper::get_joined_count('tutor_earnings ...', Array, Array, Array, 'te.earning_id')
#1 C:\Users\Constant\Local Sites\cli\app\public\wp-content\plugins\tutor\migrations\BatchProcessor.php(179): Tutor\Migrations\ProcessByWcMigrator->get_total_items()
#2 C:\Users\Constant\Local Sites\cli\app\public\wp-includes\class-wp-hook.php(324): Tutor\Migrations\BatchProcessor->process_batch()
#3 C:\Users\Constant\Local Sites\cli\app\public\wp-includes\class-wp-hook.php(348): WP_Hook->apply_filters('', Array)
#4 C:\Users\Constant\Local Sites\cli\app\public\wp-includes\plugin.php(565): WP_Hook->do_action(Array)
#5 C:\Users\Constant\Local Sites\cli\app\public\wp-cron.php(191): do_action_ref_array('process_by_wc_m...', Array)
#6 {main}
  thrown in C:\Users\Constant\Local Sites\cli\app\public\wp-content\plugins\tutor\helpers\QueryHelper.php on line 1120
[07-Oct-2025 12:24:21 UTC] PHP Warning:  Undefined array key "pro-free-trial-popup" in C:\Users\Constant\Local Sites\cli\app\public\wp-content\plugins\elementor\modules\pro-free-trial-popup\module.php on line 118
[07-Oct-2025 12:24:21 UTC] PHP Warning:  Trying to access array offset on value of type null in C:\Users\Constant\Local Sites\cli\app\public\wp-content\plugins\elementor\modules\pro-free-trial-popup\module.php on line 118
[07-Oct-2025 12:24:21 UTC] PHP Warning:  Trying to access array offset on value of type null in C:\Users\Constant\Local Sites\cli\app\public\wp-content\plugins\elementor\modules\pro-free-trial-popup\module.php on line 118
[07-Oct-2025 12:25:14 UTC] WordPress database error Table 'local.wp_wc_orders_meta' doesn't exist for query 
			SELECT COUNT(te.earning_id) as total_count
			FROM wp_tutor_earnings te
			 INNER JOIN wp_wc_orders_meta wcom ON te.order_id = wcom.order_id 
			WHERE te.process_by = 'tutor' AND wcom.meta_key = '_is_tutor_order_for_course'
		 made by do_action_ref_array('process_by_wc_migrator'), WP_Hook->do_action, WP_Hook->apply_filters, Tutor\Migrations\BatchProcessor->process_batch, Tutor\Migrations\ProcessByWcMigrator->get_total_items, Tutor\Helpers\QueryHelper::get_joined_count
[07-Oct-2025 12:25:14 UTC] PHP Fatal error:  Uncaught Exception: Table 'local.wp_wc_orders_meta' doesn't exist in C:\Users\Constant\Local Sites\cli\app\public\wp-content\plugins\tutor\helpers\QueryHelper.php:1120
Stack trace:
#0 C:\Users\Constant\Local Sites\cli\app\public\wp-content\plugins\tutor\migrations\ProcessByWcMigrator.php(82): Tutor\Helpers\QueryHelper::get_joined_count('tutor_earnings ...', Array, Array, Array, 'te.earning_id')
#1 C:\Users\Constant\Local Sites\cli\app\public\wp-content\plugins\tutor\migrations\BatchProcessor.php(179): Tutor\Migrations\ProcessByWcMigrator->get_total_items()
#2 C:\Users\Constant\Local Sites\cli\app\public\wp-includes\class-wp-hook.php(324): Tutor\Migrations\BatchProcessor->process_batch()
#3 C:\Users\Constant\Local Sites\cli\app\public\wp-includes\class-wp-hook.php(348): WP_Hook->apply_filters('', Array)
#4 C:\Users\Constant\Local Sites\cli\app\public\wp-includes\plugin.php(565): WP_Hook->do_action(Array)
#5 C:\Users\Constant\Local Sites\cli\app\public\wp-cron.php(191): do_action_ref_array('process_by_wc_m...', Array)
#6 {main}
  thrown in C:\Users\Constant\Local Sites\cli\app\public\wp-content\plugins\tutor\helpers\QueryHelper.php on line 1120
[07-Oct-2025 12:26:23 UTC] WordPress database error Table 'local.wp_wc_orders_meta' doesn't exist for query 
			SELECT COUNT(te.earning_id) as total_count
			FROM wp_tutor_earnings te
			 INNER JOIN wp_wc_orders_meta wcom ON te.order_id = wcom.order_id 
			WHERE te.process_by = 'tutor' AND wcom.meta_key = '_is_tutor_order_for_course'
		 made by do_action_ref_array('process_by_wc_migrator'), WP_Hook->do_action, WP_Hook->apply_filters, Tutor\Migrations\BatchProcessor->process_batch, Tutor\Migrations\ProcessByWcMigrator->get_total_items, Tutor\Helpers\QueryHelper::get_joined_count
[07-Oct-2025 12:26:23 UTC] PHP Fatal error:  Uncaught Exception: Table 'local.wp_wc_orders_meta' doesn't exist in C:\Users\Constant\Local Sites\cli\app\public\wp-content\plugins\tutor\helpers\QueryHelper.php:1120
Stack trace:
#0 C:\Users\Constant\Local Sites\cli\app\public\wp-content\plugins\tutor\migrations\ProcessByWcMigrator.php(82): Tutor\Helpers\QueryHelper::get_joined_count('tutor_earnings ...', Array, Array, Array, 'te.earning_id')
#1 C:\Users\Constant\Local Sites\cli\app\public\wp-content\plugins\tutor\migrations\BatchProcessor.php(179): Tutor\Migrations\ProcessByWcMigrator->get_total_items()
#2 C:\Users\Constant\Local Sites\cli\app\public\wp-includes\class-wp-hook.php(324): Tutor\Migrations\BatchProcessor->process_batch()
#3 C:\Users\Constant\Local Sites\cli\app\public\wp-includes\class-wp-hook.php(348): WP_Hook->apply_filters('', Array)
#4 C:\Users\Constant\Local Sites\cli\app\public\wp-includes\plugin.php(565): WP_Hook->do_action(Array)
#5 C:\Users\Constant\Local Sites\cli\app\public\wp-cron.php(191): do_action_ref_array('process_by_wc_m...', Array)
#6 {main}
  thrown in C:\Users\Constant\Local Sites\cli\app\public\wp-content\plugins\tutor\helpers\QueryHelper.php on line 1120
[07-Oct-2025 12:27:24 UTC] WordPress database error Table 'local.wp_wc_orders_meta' doesn't exist for query 
			SELECT COUNT(te.earning_id) as total_count
			FROM wp_tutor_earnings te
			 INNER JOIN wp_wc_orders_meta wcom ON te.order_id = wcom.order_id 
			WHERE te.process_by = 'tutor' AND wcom.meta_key = '_is_tutor_order_for_course'
		 made by do_action_ref_array('process_by_wc_migrator'), WP_Hook->do_action, WP_Hook->apply_filters, Tutor\Migrations\BatchProcessor->process_batch, Tutor\Migrations\ProcessByWcMigrator->get_total_items, Tutor\Helpers\QueryHelper::get_joined_count
[07-Oct-2025 12:27:24 UTC] PHP Fatal error:  Uncaught Exception: Table 'local.wp_wc_orders_meta' doesn't exist in C:\Users\Constant\Local Sites\cli\app\public\wp-content\plugins\tutor\helpers\QueryHelper.php:1120
Stack trace:
#0 C:\Users\Constant\Local Sites\cli\app\public\wp-content\plugins\tutor\migrations\ProcessByWcMigrator.php(82): Tutor\Helpers\QueryHelper::get_joined_count('tutor_earnings ...', Array, Array, Array, 'te.earning_id')
#1 C:\Users\Constant\Local Sites\cli\app\public\wp-content\plugins\tutor\migrations\BatchProcessor.php(179): Tutor\Migrations\ProcessByWcMigrator->get_total_items()
#2 C:\Users\Constant\Local Sites\cli\app\public\wp-includes\class-wp-hook.php(324): Tutor\Migrations\BatchProcessor->process_batch()
#3 C:\Users\Constant\Local Sites\cli\app\public\wp-includes\class-wp-hook.php(348): WP_Hook->apply_filters('', Array)
#4 C:\Users\Constant\Local Sites\cli\app\public\wp-includes\plugin.php(565): WP_Hook->do_action(Array)
#5 C:\Users\Constant\Local Sites\cli\app\public\wp-cron.php(191): do_action_ref_array('process_by_wc_m...', Array)
#6 {main}
  thrown in C:\Users\Constant\Local Sites\cli\app\public\wp-content\plugins\tutor\helpers\QueryHelper.php on line 1120
[07-Oct-2025 12:28:24 UTC] WordPress database error Table 'local.wp_wc_orders_meta' doesn't exist for query 
			SELECT COUNT(te.earning_id) as total_count
			FROM wp_tutor_earnings te
			 INNER JOIN wp_wc_orders_meta wcom ON te.order_id = wcom.order_id 
			WHERE te.process_by = 'tutor' AND wcom.meta_key = '_is_tutor_order_for_course'
		 made by do_action_ref_array('process_by_wc_migrator'), WP_Hook->do_action, WP_Hook->apply_filters, Tutor\Migrations\BatchProcessor->process_batch, Tutor\Migrations\ProcessByWcMigrator->get_total_items, Tutor\Helpers\QueryHelper::get_joined_count
[07-Oct-2025 12:28:24 UTC] PHP Fatal error:  Uncaught Exception: Table 'local.wp_wc_orders_meta' doesn't exist in C:\Users\Constant\Local Sites\cli\app\public\wp-content\plugins\tutor\helpers\QueryHelper.php:1120
Stack trace:
#0 C:\Users\Constant\Local Sites\cli\app\public\wp-content\plugins\tutor\migrations\ProcessByWcMigrator.php(82): Tutor\Helpers\QueryHelper::get_joined_count('tutor_earnings ...', Array, Array, Array, 'te.earning_id')
#1 C:\Users\Constant\Local Sites\cli\app\public\wp-content\plugins\tutor\migrations\BatchProcessor.php(179): Tutor\Migrations\ProcessByWcMigrator->get_total_items()
#2 C:\Users\Constant\Local Sites\cli\app\public\wp-includes\class-wp-hook.php(324): Tutor\Migrations\BatchProcessor->process_batch()
#3 C:\Users\Constant\Local Sites\cli\app\public\wp-includes\class-wp-hook.php(348): WP_Hook->apply_filters('', Array)
#4 C:\Users\Constant\Local Sites\cli\app\public\wp-includes\plugin.php(565): WP_Hook->do_action(Array)
#5 C:\Users\Constant\Local Sites\cli\app\public\wp-cron.php(191): do_action_ref_array('process_by_wc_m...', Array)
#6 {main}
  thrown in C:\Users\Constant\Local Sites\cli\app\public\wp-content\plugins\tutor\helpers\QueryHelper.php on line 1120
[07-Oct-2025 12:29:24 UTC] WordPress database error Table 'local.wp_wc_orders_meta' doesn't exist for query 
			SELECT COUNT(te.earning_id) as total_count
			FROM wp_tutor_earnings te
			 INNER JOIN wp_wc_orders_meta wcom ON te.order_id = wcom.order_id 
			WHERE te.process_by = 'tutor' AND wcom.meta_key = '_is_tutor_order_for_course'
		 made by do_action_ref_array('process_by_wc_migrator'), WP_Hook->do_action, WP_Hook->apply_filters, Tutor\Migrations\BatchProcessor->process_batch, Tutor\Migrations\ProcessByWcMigrator->get_total_items, Tutor\Helpers\QueryHelper::get_joined_count
[07-Oct-2025 12:29:24 UTC] PHP Fatal error:  Uncaught Exception: Table 'local.wp_wc_orders_meta' doesn't exist in C:\Users\Constant\Local Sites\cli\app\public\wp-content\plugins\tutor\helpers\QueryHelper.php:1120
Stack trace:
#0 C:\Users\Constant\Local Sites\cli\app\public\wp-content\plugins\tutor\migrations\ProcessByWcMigrator.php(82): Tutor\Helpers\QueryHelper::get_joined_count('tutor_earnings ...', Array, Array, Array, 'te.earning_id')
#1 C:\Users\Constant\Local Sites\cli\app\public\wp-content\plugins\tutor\migrations\BatchProcessor.php(179): Tutor\Migrations\ProcessByWcMigrator->get_total_items()
#2 C:\Users\Constant\Local Sites\cli\app\public\wp-includes\class-wp-hook.php(324): Tutor\Migrations\BatchProcessor->process_batch()
#3 C:\Users\Constant\Local Sites\cli\app\public\wp-includes\class-wp-hook.php(348): WP_Hook->apply_filters('', Array)
#4 C:\Users\Constant\Local Sites\cli\app\public\wp-includes\plugin.php(565): WP_Hook->do_action(Array)
#5 C:\Users\Constant\Local Sites\cli\app\public\wp-cron.php(191): do_action_ref_array('process_by_wc_m...', Array)
#6 {main}
  thrown in C:\Users\Constant\Local Sites\cli\app\public\wp-content\plugins\tutor\helpers\QueryHelper.php on line 1120
[07-Oct-2025 12:30:24 UTC] WordPress database error Table 'local.wp_wc_orders_meta' doesn't exist for query 
			SELECT COUNT(te.earning_id) as total_count
			FROM wp_tutor_earnings te
			 INNER JOIN wp_wc_orders_meta wcom ON te.order_id = wcom.order_id 
			WHERE te.process_by = 'tutor' AND wcom.meta_key = '_is_tutor_order_for_course'
		 made by do_action_ref_array('process_by_wc_migrator'), WP_Hook->do_action, WP_Hook->apply_filters, Tutor\Migrations\BatchProcessor->process_batch, Tutor\Migrations\ProcessByWcMigrator->get_total_items, Tutor\Helpers\QueryHelper::get_joined_count
[07-Oct-2025 12:30:24 UTC] PHP Fatal error:  Uncaught Exception: Table 'local.wp_wc_orders_meta' doesn't exist in C:\Users\Constant\Local Sites\cli\app\public\wp-content\plugins\tutor\helpers\QueryHelper.php:1120
Stack trace:
#0 C:\Users\Constant\Local Sites\cli\app\public\wp-content\plugins\tutor\migrations\ProcessByWcMigrator.php(82): Tutor\Helpers\QueryHelper::get_joined_count('tutor_earnings ...', Array, Array, Array, 'te.earning_id')
#1 C:\Users\Constant\Local Sites\cli\app\public\wp-content\plugins\tutor\migrations\BatchProcessor.php(179): Tutor\Migrations\ProcessByWcMigrator->get_total_items()
#2 C:\Users\Constant\Local Sites\cli\app\public\wp-includes\class-wp-hook.php(324): Tutor\Migrations\BatchProcessor->process_batch()
#3 C:\Users\Constant\Local Sites\cli\app\public\wp-includes\class-wp-hook.php(348): WP_Hook->apply_filters('', Array)
#4 C:\Users\Constant\Local Sites\cli\app\public\wp-includes\plugin.php(565): WP_Hook->do_action(Array)
#5 C:\Users\Constant\Local Sites\cli\app\public\wp-cron.php(191): do_action_ref_array('process_by_wc_m...', Array)
#6 {main}
  thrown in C:\Users\Constant\Local Sites\cli\app\public\wp-content\plugins\tutor\helpers\QueryHelper.php on line 1120
[07-Oct-2025 12:31:24 UTC] WordPress database error Table 'local.wp_wc_orders_meta' doesn't exist for query 
			SELECT COUNT(te.earning_id) as total_count
			FROM wp_tutor_earnings te
			 INNER JOIN wp_wc_orders_meta wcom ON te.order_id = wcom.order_id 
			WHERE te.process_by = 'tutor' AND wcom.meta_key = '_is_tutor_order_for_course'
		 made by do_action_ref_array('process_by_wc_migrator'), WP_Hook->do_action, WP_Hook->apply_filters, Tutor\Migrations\BatchProcessor->process_batch, Tutor\Migrations\ProcessByWcMigrator->get_total_items, Tutor\Helpers\QueryHelper::get_joined_count
[07-Oct-2025 12:31:24 UTC] PHP Fatal error:  Uncaught Exception: Table 'local.wp_wc_orders_meta' doesn't exist in C:\Users\Constant\Local Sites\cli\app\public\wp-content\plugins\tutor\helpers\QueryHelper.php:1120
Stack trace:
#0 C:\Users\Constant\Local Sites\cli\app\public\wp-content\plugins\tutor\migrations\ProcessByWcMigrator.php(82): Tutor\Helpers\QueryHelper::get_joined_count('tutor_earnings ...', Array, Array, Array, 'te.earning_id')
#1 C:\Users\Constant\Local Sites\cli\app\public\wp-content\plugins\tutor\migrations\BatchProcessor.php(179): Tutor\Migrations\ProcessByWcMigrator->get_total_items()
#2 C:\Users\Constant\Local Sites\cli\app\public\wp-includes\class-wp-hook.php(324): Tutor\Migrations\BatchProcessor->process_batch()
#3 C:\Users\Constant\Local Sites\cli\app\public\wp-includes\class-wp-hook.php(348): WP_Hook->apply_filters('', Array)
#4 C:\Users\Constant\Local Sites\cli\app\public\wp-includes\plugin.php(565): WP_Hook->do_action(Array)
#5 C:\Users\Constant\Local Sites\cli\app\public\wp-cron.php(191): do_action_ref_array('process_by_wc_m...', Array)
#6 {main}
  thrown in C:\Users\Constant\Local Sites\cli\app\public\wp-content\plugins\tutor\helpers\QueryHelper.php on line 1120
[07-Oct-2025 12:32:24 UTC] WordPress database error Table 'local.wp_wc_orders_meta' doesn't exist for query 
			SELECT COUNT(te.earning_id) as total_count
			FROM wp_tutor_earnings te
			 INNER JOIN wp_wc_orders_meta wcom ON te.order_id = wcom.order_id 
			WHERE te.process_by = 'tutor' AND wcom.meta_key = '_is_tutor_order_for_course'
		 made by do_action_ref_array('process_by_wc_migrator'), WP_Hook->do_action, WP_Hook->apply_filters, Tutor\Migrations\BatchProcessor->process_batch, Tutor\Migrations\ProcessByWcMigrator->get_total_items, Tutor\Helpers\QueryHelper::get_joined_count
[07-Oct-2025 12:32:24 UTC] PHP Fatal error:  Uncaught Exception: Table 'local.wp_wc_orders_meta' doesn't exist in C:\Users\Constant\Local Sites\cli\app\public\wp-content\plugins\tutor\helpers\QueryHelper.php:1120
Stack trace:
#0 C:\Users\Constant\Local Sites\cli\app\public\wp-content\plugins\tutor\migrations\ProcessByWcMigrator.php(82): Tutor\Helpers\QueryHelper::get_joined_count('tutor_earnings ...', Array, Array, Array, 'te.earning_id')
#1 C:\Users\Constant\Local Sites\cli\app\public\wp-content\plugins\tutor\migrations\BatchProcessor.php(179): Tutor\Migrations\ProcessByWcMigrator->get_total_items()
#2 C:\Users\Constant\Local Sites\cli\app\public\wp-includes\class-wp-hook.php(324): Tutor\Migrations\BatchProcessor->process_batch()
#3 C:\Users\Constant\Local Sites\cli\app\public\wp-includes\class-wp-hook.php(348): WP_Hook->apply_filters('', Array)
#4 C:\Users\Constant\Local Sites\cli\app\public\wp-includes\plugin.php(565): WP_Hook->do_action(Array)
#5 C:\Users\Constant\Local Sites\cli\app\public\wp-cron.php(191): do_action_ref_array('process_by_wc_m...', Array)
#6 {main}
  thrown in C:\Users\Constant\Local Sites\cli\app\public\wp-content\plugins\tutor\helpers\QueryHelper.php on line 1120
[07-Oct-2025 12:33:27 UTC] WordPress database error Table 'local.wp_wc_orders_meta' doesn't exist for query 
			SELECT COUNT(te.earning_id) as total_count
			FROM wp_tutor_earnings te
			 INNER JOIN wp_wc_orders_meta wcom ON te.order_id = wcom.order_id 
			WHERE te.process_by = 'tutor' AND wcom.meta_key = '_is_tutor_order_for_course'
		 made by do_action_ref_array('process_by_wc_migrator'), WP_Hook->do_action, WP_Hook->apply_filters, Tutor\Migrations\BatchProcessor->process_batch, Tutor\Migrations\ProcessByWcMigrator->get_total_items, Tutor\Helpers\QueryHelper::get_joined_count
[07-Oct-2025 12:33:27 UTC] PHP Fatal error:  Uncaught Exception: Table 'local.wp_wc_orders_meta' doesn't exist in C:\Users\Constant\Local Sites\cli\app\public\wp-content\plugins\tutor\helpers\QueryHelper.php:1120
Stack trace:
#0 C:\Users\Constant\Local Sites\cli\app\public\wp-content\plugins\tutor\migrations\ProcessByWcMigrator.php(82): Tutor\Helpers\QueryHelper::get_joined_count('tutor_earnings ...', Array, Array, Array, 'te.earning_id')
#1 C:\Users\Constant\Local Sites\cli\app\public\wp-content\plugins\tutor\migrations\BatchProcessor.php(179): Tutor\Migrations\ProcessByWcMigrator->get_total_items()
#2 C:\Users\Constant\Local Sites\cli\app\public\wp-includes\class-wp-hook.php(324): Tutor\Migrations\BatchProcessor->process_batch()
#3 C:\Users\Constant\Local Sites\cli\app\public\wp-includes\class-wp-hook.php(348): WP_Hook->apply_filters('', Array)
#4 C:\Users\Constant\Local Sites\cli\app\public\wp-includes\plugin.php(565): WP_Hook->do_action(Array)
#5 C:\Users\Constant\Local Sites\cli\app\public\wp-cron.php(191): do_action_ref_array('process_by_wc_m...', Array)
#6 {main}
  thrown in C:\Users\Constant\Local Sites\cli\app\public\wp-content\plugins\tutor\helpers\QueryHelper.php on line 1120
[07-Oct-2025 12:34:27 UTC] WordPress database error Table 'local.wp_wc_orders_meta' doesn't exist for query 
			SELECT COUNT(te.earning_id) as total_count
			FROM wp_tutor_earnings te
			 INNER JOIN wp_wc_orders_meta wcom ON te.order_id = wcom.order_id 
			WHERE te.process_by = 'tutor' AND wcom.meta_key = '_is_tutor_order_for_course'
		 made by do_action_ref_array('process_by_wc_migrator'), WP_Hook->do_action, WP_Hook->apply_filters, Tutor\Migrations\BatchProcessor->process_batch, Tutor\Migrations\ProcessByWcMigrator->get_total_items, Tutor\Helpers\QueryHelper::get_joined_count
[07-Oct-2025 12:34:27 UTC] PHP Fatal error:  Uncaught Exception: Table 'local.wp_wc_orders_meta' doesn't exist in C:\Users\Constant\Local Sites\cli\app\public\wp-content\plugins\tutor\helpers\QueryHelper.php:1120
Stack trace:
#0 C:\Users\Constant\Local Sites\cli\app\public\wp-content\plugins\tutor\migrations\ProcessByWcMigrator.php(82): Tutor\Helpers\QueryHelper::get_joined_count('tutor_earnings ...', Array, Array, Array, 'te.earning_id')
#1 C:\Users\Constant\Local Sites\cli\app\public\wp-content\plugins\tutor\migrations\BatchProcessor.php(179): Tutor\Migrations\ProcessByWcMigrator->get_total_items()
#2 C:\Users\Constant\Local Sites\cli\app\public\wp-includes\class-wp-hook.php(324): Tutor\Migrations\BatchProcessor->process_batch()
#3 C:\Users\Constant\Local Sites\cli\app\public\wp-includes\class-wp-hook.php(348): WP_Hook->apply_filters('', Array)
#4 C:\Users\Constant\Local Sites\cli\app\public\wp-includes\plugin.php(565): WP_Hook->do_action(Array)
#5 C:\Users\Constant\Local Sites\cli\app\public\wp-cron.php(191): do_action_ref_array('process_by_wc_m...', Array)
#6 {main}
  thrown in C:\Users\Constant\Local Sites\cli\app\public\wp-content\plugins\tutor\helpers\QueryHelper.php on line 1120
[07-Oct-2025 12:35:27 UTC] WordPress database error Table 'local.wp_wc_orders_meta' doesn't exist for query 
			SELECT COUNT(te.earning_id) as total_count
			FROM wp_tutor_earnings te
			 INNER JOIN wp_wc_orders_meta wcom ON te.order_id = wcom.order_id 
			WHERE te.process_by = 'tutor' AND wcom.meta_key = '_is_tutor_order_for_course'
		 made by do_action_ref_array('process_by_wc_migrator'), WP_Hook->do_action, WP_Hook->apply_filters, Tutor\Migrations\BatchProcessor->process_batch, Tutor\Migrations\ProcessByWcMigrator->get_total_items, Tutor\Helpers\QueryHelper::get_joined_count
[07-Oct-2025 12:35:27 UTC] PHP Fatal error:  Uncaught Exception: Table 'local.wp_wc_orders_meta' doesn't exist in C:\Users\Constant\Local Sites\cli\app\public\wp-content\plugins\tutor\helpers\QueryHelper.php:1120
Stack trace:
#0 C:\Users\Constant\Local Sites\cli\app\public\wp-content\plugins\tutor\migrations\ProcessByWcMigrator.php(82): Tutor\Helpers\QueryHelper::get_joined_count('tutor_earnings ...', Array, Array, Array, 'te.earning_id')
#1 C:\Users\Constant\Local Sites\cli\app\public\wp-content\plugins\tutor\migrations\BatchProcessor.php(179): Tutor\Migrations\ProcessByWcMigrator->get_total_items()
#2 C:\Users\Constant\Local Sites\cli\app\public\wp-includes\class-wp-hook.php(324): Tutor\Migrations\BatchProcessor->process_batch()
#3 C:\Users\Constant\Local Sites\cli\app\public\wp-includes\class-wp-hook.php(348): WP_Hook->apply_filters('', Array)
#4 C:\Users\Constant\Local Sites\cli\app\public\wp-includes\plugin.php(565): WP_Hook->do_action(Array)
#5 C:\Users\Constant\Local Sites\cli\app\public\wp-cron.php(191): do_action_ref_array('process_by_wc_m...', Array)
#6 {main}
  thrown in C:\Users\Constant\Local Sites\cli\app\public\wp-content\plugins\tutor\helpers\QueryHelper.php on line 1120
[07-Oct-2025 12:36:28 UTC] WordPress database error Table 'local.wp_wc_orders_meta' doesn't exist for query 
			SELECT COUNT(te.earning_id) as total_count
			FROM wp_tutor_earnings te
			 INNER JOIN wp_wc_orders_meta wcom ON te.order_id = wcom.order_id 
			WHERE te.process_by = 'tutor' AND wcom.meta_key = '_is_tutor_order_for_course'
		 made by do_action_ref_array('process_by_wc_migrator'), WP_Hook->do_action, WP_Hook->apply_filters, Tutor\Migrations\BatchProcessor->process_batch, Tutor\Migrations\ProcessByWcMigrator->get_total_items, Tutor\Helpers\QueryHelper::get_joined_count
[07-Oct-2025 12:36:28 UTC] PHP Fatal error:  Uncaught Exception: Table 'local.wp_wc_orders_meta' doesn't exist in C:\Users\Constant\Local Sites\cli\app\public\wp-content\plugins\tutor\helpers\QueryHelper.php:1120
Stack trace:
#0 C:\Users\Constant\Local Sites\cli\app\public\wp-content\plugins\tutor\migrations\ProcessByWcMigrator.php(82): Tutor\Helpers\QueryHelper::get_joined_count('tutor_earnings ...', Array, Array, Array, 'te.earning_id')
#1 C:\Users\Constant\Local Sites\cli\app\public\wp-content\plugins\tutor\migrations\BatchProcessor.php(179): Tutor\Migrations\ProcessByWcMigrator->get_total_items()
#2 C:\Users\Constant\Local Sites\cli\app\public\wp-includes\class-wp-hook.php(324): Tutor\Migrations\BatchProcessor->process_batch()
#3 C:\Users\Constant\Local Sites\cli\app\public\wp-includes\class-wp-hook.php(348): WP_Hook->apply_filters('', Array)
#4 C:\Users\Constant\Local Sites\cli\app\public\wp-includes\plugin.php(565): WP_Hook->do_action(Array)
#5 C:\Users\Constant\Local Sites\cli\app\public\wp-cron.php(191): do_action_ref_array('process_by_wc_m...', Array)
#6 {main}
  thrown in C:\Users\Constant\Local Sites\cli\app\public\wp-content\plugins\tutor\helpers\QueryHelper.php on line 1120
[07-Oct-2025 12:37:42 UTC] WordPress database error Table 'local.wp_wc_orders_meta' doesn't exist for query 
			SELECT COUNT(te.earning_id) as total_count
			FROM wp_tutor_earnings te
			 INNER JOIN wp_wc_orders_meta wcom ON te.order_id = wcom.order_id 
			WHERE te.process_by = 'tutor' AND wcom.meta_key = '_is_tutor_order_for_course'
		 made by do_action_ref_array('process_by_wc_migrator'), WP_Hook->do_action, WP_Hook->apply_filters, Tutor\Migrations\BatchProcessor->process_batch, Tutor\Migrations\ProcessByWcMigrator->get_total_items, Tutor\Helpers\QueryHelper::get_joined_count
[07-Oct-2025 12:37:42 UTC] PHP Fatal error:  Uncaught Exception: Table 'local.wp_wc_orders_meta' doesn't exist in C:\Users\Constant\Local Sites\cli\app\public\wp-content\plugins\tutor\helpers\QueryHelper.php:1120
Stack trace:
#0 C:\Users\Constant\Local Sites\cli\app\public\wp-content\plugins\tutor\migrations\ProcessByWcMigrator.php(82): Tutor\Helpers\QueryHelper::get_joined_count('tutor_earnings ...', Array, Array, Array, 'te.earning_id')
#1 C:\Users\Constant\Local Sites\cli\app\public\wp-content\plugins\tutor\migrations\BatchProcessor.php(179): Tutor\Migrations\ProcessByWcMigrator->get_total_items()
#2 C:\Users\Constant\Local Sites\cli\app\public\wp-includes\class-wp-hook.php(324): Tutor\Migrations\BatchProcessor->process_batch()
#3 C:\Users\Constant\Local Sites\cli\app\public\wp-includes\class-wp-hook.php(348): WP_Hook->apply_filters('', Array)
#4 C:\Users\Constant\Local Sites\cli\app\public\wp-includes\plugin.php(565): WP_Hook->do_action(Array)
#5 C:\Users\Constant\Local Sites\cli\app\public\wp-cron.php(191): do_action_ref_array('process_by_wc_m...', Array)
#6 {main}
  thrown in C:\Users\Constant\Local Sites\cli\app\public\wp-content\plugins\tutor\helpers\QueryHelper.php on line 1120
[07-Oct-2025 12:38:43 UTC] WordPress database error Table 'local.wp_wc_orders_meta' doesn't exist for query 
			SELECT COUNT(te.earning_id) as total_count
			FROM wp_tutor_earnings te
			 INNER JOIN wp_wc_orders_meta wcom ON te.order_id = wcom.order_id 
			WHERE te.process_by = 'tutor' AND wcom.meta_key = '_is_tutor_order_for_course'
		 made by do_action_ref_array('process_by_wc_migrator'), WP_Hook->do_action, WP_Hook->apply_filters, Tutor\Migrations\BatchProcessor->process_batch, Tutor\Migrations\ProcessByWcMigrator->get_total_items, Tutor\Helpers\QueryHelper::get_joined_count
[07-Oct-2025 12:38:43 UTC] PHP Fatal error:  Uncaught Exception: Table 'local.wp_wc_orders_meta' doesn't exist in C:\Users\Constant\Local Sites\cli\app\public\wp-content\plugins\tutor\helpers\QueryHelper.php:1120
Stack trace:
#0 C:\Users\Constant\Local Sites\cli\app\public\wp-content\plugins\tutor\migrations\ProcessByWcMigrator.php(82): Tutor\Helpers\QueryHelper::get_joined_count('tutor_earnings ...', Array, Array, Array, 'te.earning_id')
#1 C:\Users\Constant\Local Sites\cli\app\public\wp-content\plugins\tutor\migrations\BatchProcessor.php(179): Tutor\Migrations\ProcessByWcMigrator->get_total_items()
#2 C:\Users\Constant\Local Sites\cli\app\public\wp-includes\class-wp-hook.php(324): Tutor\Migrations\BatchProcessor->process_batch()
#3 C:\Users\Constant\Local Sites\cli\app\public\wp-includes\class-wp-hook.php(348): WP_Hook->apply_filters('', Array)
#4 C:\Users\Constant\Local Sites\cli\app\public\wp-includes\plugin.php(565): WP_Hook->do_action(Array)
#5 C:\Users\Constant\Local Sites\cli\app\public\wp-cron.php(191): do_action_ref_array('process_by_wc_m...', Array)
#6 {main}
  thrown in C:\Users\Constant\Local Sites\cli\app\public\wp-content\plugins\tutor\helpers\QueryHelper.php on line 1120
[07-Oct-2025 12:39:42 UTC] WordPress database error Table 'local.wp_wc_orders_meta' doesn't exist for query 
			SELECT COUNT(te.earning_id) as total_count
			FROM wp_tutor_earnings te
			 INNER JOIN wp_wc_orders_meta wcom ON te.order_id = wcom.order_id 
			WHERE te.process_by = 'tutor' AND wcom.meta_key = '_is_tutor_order_for_course'
		 made by do_action_ref_array('process_by_wc_migrator'), WP_Hook->do_action, WP_Hook->apply_filters, Tutor\Migrations\BatchProcessor->process_batch, Tutor\Migrations\ProcessByWcMigrator->get_total_items, Tutor\Helpers\QueryHelper::get_joined_count
[07-Oct-2025 12:39:42 UTC] PHP Fatal error:  Uncaught Exception: Table 'local.wp_wc_orders_meta' doesn't exist in C:\Users\Constant\Local Sites\cli\app\public\wp-content\plugins\tutor\helpers\QueryHelper.php:1120
Stack trace:
#0 C:\Users\Constant\Local Sites\cli\app\public\wp-content\plugins\tutor\migrations\ProcessByWcMigrator.php(82): Tutor\Helpers\QueryHelper::get_joined_count('tutor_earnings ...', Array, Array, Array, 'te.earning_id')
#1 C:\Users\Constant\Local Sites\cli\app\public\wp-content\plugins\tutor\migrations\BatchProcessor.php(179): Tutor\Migrations\ProcessByWcMigrator->get_total_items()
#2 C:\Users\Constant\Local Sites\cli\app\public\wp-includes\class-wp-hook.php(324): Tutor\Migrations\BatchProcessor->process_batch()
#3 C:\Users\Constant\Local Sites\cli\app\public\wp-includes\class-wp-hook.php(348): WP_Hook->apply_filters('', Array)
#4 C:\Users\Constant\Local Sites\cli\app\public\wp-includes\plugin.php(565): WP_Hook->do_action(Array)
#5 C:\Users\Constant\Local Sites\cli\app\public\wp-cron.php(191): do_action_ref_array('process_by_wc_m...', Array)
#6 {main}
  thrown in C:\Users\Constant\Local Sites\cli\app\public\wp-content\plugins\tutor\helpers\QueryHelper.php on line 1120
[07-Oct-2025 12:40:43 UTC] WordPress database error Table 'local.wp_wc_orders_meta' doesn't exist for query 
			SELECT COUNT(te.earning_id) as total_count
			FROM wp_tutor_earnings te
			 INNER JOIN wp_wc_orders_meta wcom ON te.order_id = wcom.order_id 
			WHERE te.process_by = 'tutor' AND wcom.meta_key = '_is_tutor_order_for_course'
		 made by do_action_ref_array('process_by_wc_migrator'), WP_Hook->do_action, WP_Hook->apply_filters, Tutor\Migrations\BatchProcessor->process_batch, Tutor\Migrations\ProcessByWcMigrator->get_total_items, Tutor\Helpers\QueryHelper::get_joined_count
[07-Oct-2025 12:40:43 UTC] PHP Fatal error:  Uncaught Exception: Table 'local.wp_wc_orders_meta' doesn't exist in C:\Users\Constant\Local Sites\cli\app\public\wp-content\plugins\tutor\helpers\QueryHelper.php:1120
Stack trace:
#0 C:\Users\Constant\Local Sites\cli\app\public\wp-content\plugins\tutor\migrations\ProcessByWcMigrator.php(82): Tutor\Helpers\QueryHelper::get_joined_count('tutor_earnings ...', Array, Array, Array, 'te.earning_id')
#1 C:\Users\Constant\Local Sites\cli\app\public\wp-content\plugins\tutor\migrations\BatchProcessor.php(179): Tutor\Migrations\ProcessByWcMigrator->get_total_items()
#2 C:\Users\Constant\Local Sites\cli\app\public\wp-includes\class-wp-hook.php(324): Tutor\Migrations\BatchProcessor->process_batch()
#3 C:\Users\Constant\Local Sites\cli\app\public\wp-includes\class-wp-hook.php(348): WP_Hook->apply_filters('', Array)
#4 C:\Users\Constant\Local Sites\cli\app\public\wp-includes\plugin.php(565): WP_Hook->do_action(Array)
#5 C:\Users\Constant\Local Sites\cli\app\public\wp-cron.php(191): do_action_ref_array('process_by_wc_m...', Array)
#6 {main}
  thrown in C:\Users\Constant\Local Sites\cli\app\public\wp-content\plugins\tutor\helpers\QueryHelper.php on line 1120
[07-Oct-2025 12:41:44 UTC] WordPress database error Table 'local.wp_wc_orders_meta' doesn't exist for query 
			SELECT COUNT(te.earning_id) as total_count
			FROM wp_tutor_earnings te
			 INNER JOIN wp_wc_orders_meta wcom ON te.order_id = wcom.order_id 
			WHERE te.process_by = 'tutor' AND wcom.meta_key = '_is_tutor_order_for_course'
		 made by do_action_ref_array('process_by_wc_migrator'), WP_Hook->do_action, WP_Hook->apply_filters, Tutor\Migrations\BatchProcessor->process_batch, Tutor\Migrations\ProcessByWcMigrator->get_total_items, Tutor\Helpers\QueryHelper::get_joined_count
[07-Oct-2025 12:41:44 UTC] PHP Fatal error:  Uncaught Exception: Table 'local.wp_wc_orders_meta' doesn't exist in C:\Users\Constant\Local Sites\cli\app\public\wp-content\plugins\tutor\helpers\QueryHelper.php:1120
Stack trace:
#0 C:\Users\Constant\Local Sites\cli\app\public\wp-content\plugins\tutor\migrations\ProcessByWcMigrator.php(82): Tutor\Helpers\QueryHelper::get_joined_count('tutor_earnings ...', Array, Array, Array, 'te.earning_id')
#1 C:\Users\Constant\Local Sites\cli\app\public\wp-content\plugins\tutor\migrations\BatchProcessor.php(179): Tutor\Migrations\ProcessByWcMigrator->get_total_items()
#2 C:\Users\Constant\Local Sites\cli\app\public\wp-includes\class-wp-hook.php(324): Tutor\Migrations\BatchProcessor->process_batch()
#3 C:\Users\Constant\Local Sites\cli\app\public\wp-includes\class-wp-hook.php(348): WP_Hook->apply_filters('', Array)
#4 C:\Users\Constant\Local Sites\cli\app\public\wp-includes\plugin.php(565): WP_Hook->do_action(Array)
#5 C:\Users\Constant\Local Sites\cli\app\public\wp-cron.php(191): do_action_ref_array('process_by_wc_m...', Array)
#6 {main}
  thrown in C:\Users\Constant\Local Sites\cli\app\public\wp-content\plugins\tutor\helpers\QueryHelper.php on line 1120
[07-Oct-2025 12:42:51 UTC] WordPress database error Table 'local.wp_wc_orders_meta' doesn't exist for query 
			SELECT COUNT(te.earning_id) as total_count
			FROM wp_tutor_earnings te
			 INNER JOIN wp_wc_orders_meta wcom ON te.order_id = wcom.order_id 
			WHERE te.process_by = 'tutor' AND wcom.meta_key = '_is_tutor_order_for_course'
		 made by do_action_ref_array('process_by_wc_migrator'), WP_Hook->do_action, WP_Hook->apply_filters, Tutor\Migrations\BatchProcessor->process_batch, Tutor\Migrations\ProcessByWcMigrator->get_total_items, Tutor\Helpers\QueryHelper::get_joined_count
[07-Oct-2025 12:42:51 UTC] PHP Fatal error:  Uncaught Exception: Table 'local.wp_wc_orders_meta' doesn't exist in C:\Users\Constant\Local Sites\cli\app\public\wp-content\plugins\tutor\helpers\QueryHelper.php:1120
Stack trace:
#0 C:\Users\Constant\Local Sites\cli\app\public\wp-content\plugins\tutor\migrations\ProcessByWcMigrator.php(82): Tutor\Helpers\QueryHelper::get_joined_count('tutor_earnings ...', Array, Array, Array, 'te.earning_id')
#1 C:\Users\Constant\Local Sites\cli\app\public\wp-content\plugins\tutor\migrations\BatchProcessor.php(179): Tutor\Migrations\ProcessByWcMigrator->get_total_items()
#2 C:\Users\Constant\Local Sites\cli\app\public\wp-includes\class-wp-hook.php(324): Tutor\Migrations\BatchProcessor->process_batch()
#3 C:\Users\Constant\Local Sites\cli\app\public\wp-includes\class-wp-hook.php(348): WP_Hook->apply_filters('', Array)
#4 C:\Users\Constant\Local Sites\cli\app\public\wp-includes\plugin.php(565): WP_Hook->do_action(Array)
#5 C:\Users\Constant\Local Sites\cli\app\public\wp-cron.php(191): do_action_ref_array('process_by_wc_m...', Array)
#6 {main}
  thrown in C:\Users\Constant\Local Sites\cli\app\public\wp-content\plugins\tutor\helpers\QueryHelper.php on line 1120
[07-Oct-2025 12:43:01 UTC] PHP Warning:  Undefined array key "pro-free-trial-popup" in C:\Users\Constant\Local Sites\cli\app\public\wp-content\plugins\elementor\modules\pro-free-trial-popup\module.php on line 118
[07-Oct-2025 12:43:01 UTC] PHP Warning:  Trying to access array offset on value of type null in C:\Users\Constant\Local Sites\cli\app\public\wp-content\plugins\elementor\modules\pro-free-trial-popup\module.php on line 118
[07-Oct-2025 12:43:01 UTC] PHP Warning:  Trying to access array offset on value of type null in C:\Users\Constant\Local Sites\cli\app\public\wp-content\plugins\elementor\modules\pro-free-trial-popup\module.php on line 118
[07-Oct-2025 12:43:56 UTC] WordPress database error Table 'local.wp_wc_orders_meta' doesn't exist for query 
			SELECT COUNT(te.earning_id) as total_count
			FROM wp_tutor_earnings te
			 INNER JOIN wp_wc_orders_meta wcom ON te.order_id = wcom.order_id 
			WHERE te.process_by = 'tutor' AND wcom.meta_key = '_is_tutor_order_for_course'
		 made by do_action_ref_array('process_by_wc_migrator'), WP_Hook->do_action, WP_Hook->apply_filters, Tutor\Migrations\BatchProcessor->process_batch, Tutor\Migrations\ProcessByWcMigrator->get_total_items, Tutor\Helpers\QueryHelper::get_joined_count
[07-Oct-2025 12:43:56 UTC] PHP Fatal error:  Uncaught Exception: Table 'local.wp_wc_orders_meta' doesn't exist in C:\Users\Constant\Local Sites\cli\app\public\wp-content\plugins\tutor\helpers\QueryHelper.php:1120
Stack trace:
#0 C:\Users\Constant\Local Sites\cli\app\public\wp-content\plugins\tutor\migrations\ProcessByWcMigrator.php(82): Tutor\Helpers\QueryHelper::get_joined_count('tutor_earnings ...', Array, Array, Array, 'te.earning_id')
#1 C:\Users\Constant\Local Sites\cli\app\public\wp-content\plugins\tutor\migrations\BatchProcessor.php(179): Tutor\Migrations\ProcessByWcMigrator->get_total_items()
#2 C:\Users\Constant\Local Sites\cli\app\public\wp-includes\class-wp-hook.php(324): Tutor\Migrations\BatchProcessor->process_batch()
#3 C:\Users\Constant\Local Sites\cli\app\public\wp-includes\class-wp-hook.php(348): WP_Hook->apply_filters('', Array)
#4 C:\Users\Constant\Local Sites\cli\app\public\wp-includes\plugin.php(565): WP_Hook->do_action(Array)
#5 C:\Users\Constant\Local Sites\cli\app\public\wp-cron.php(191): do_action_ref_array('process_by_wc_m...', Array)
#6 {main}
  thrown in C:\Users\Constant\Local Sites\cli\app\public\wp-content\plugins\tutor\helpers\QueryHelper.php on line 1120
[07-Oct-2025 12:43:57 UTC] PHP Warning:  Undefined array key "pro-free-trial-popup" in C:\Users\Constant\Local Sites\cli\app\public\wp-content\plugins\elementor\modules\pro-free-trial-popup\module.php on line 118
[07-Oct-2025 12:43:57 UTC] PHP Warning:  Trying to access array offset on value of type null in C:\Users\Constant\Local Sites\cli\app\public\wp-content\plugins\elementor\modules\pro-free-trial-popup\module.php on line 118
[07-Oct-2025 12:43:57 UTC] PHP Warning:  Trying to access array offset on value of type null in C:\Users\Constant\Local Sites\cli\app\public\wp-content\plugins\elementor\modules\pro-free-trial-popup\module.php on line 118
[07-Oct-2025 12:44:58 UTC] WordPress database error Table 'local.wp_wc_orders_meta' doesn't exist for query 
			SELECT COUNT(te.earning_id) as total_count
			FROM wp_tutor_earnings te
			 INNER JOIN wp_wc_orders_meta wcom ON te.order_id = wcom.order_id 
			WHERE te.process_by = 'tutor' AND wcom.meta_key = '_is_tutor_order_for_course'
		 made by do_action_ref_array('process_by_wc_migrator'), WP_Hook->do_action, WP_Hook->apply_filters, Tutor\Migrations\BatchProcessor->process_batch, Tutor\Migrations\ProcessByWcMigrator->get_total_items, Tutor\Helpers\QueryHelper::get_joined_count
[07-Oct-2025 12:44:58 UTC] PHP Fatal error:  Uncaught Exception: Table 'local.wp_wc_orders_meta' doesn't exist in C:\Users\Constant\Local Sites\cli\app\public\wp-content\plugins\tutor\helpers\QueryHelper.php:1120
Stack trace:
#0 C:\Users\Constant\Local Sites\cli\app\public\wp-content\plugins\tutor\migrations\ProcessByWcMigrator.php(82): Tutor\Helpers\QueryHelper::get_joined_count('tutor_earnings ...', Array, Array, Array, 'te.earning_id')
#1 C:\Users\Constant\Local Sites\cli\app\public\wp-content\plugins\tutor\migrations\BatchProcessor.php(179): Tutor\Migrations\ProcessByWcMigrator->get_total_items()
#2 C:\Users\Constant\Local Sites\cli\app\public\wp-includes\class-wp-hook.php(324): Tutor\Migrations\BatchProcessor->process_batch()
#3 C:\Users\Constant\Local Sites\cli\app\public\wp-includes\class-wp-hook.php(348): WP_Hook->apply_filters('', Array)
#4 C:\Users\Constant\Local Sites\cli\app\public\wp-includes\plugin.php(565): WP_Hook->do_action(Array)
#5 C:\Users\Constant\Local Sites\cli\app\public\wp-cron.php(191): do_action_ref_array('process_by_wc_m...', Array)
#6 {main}
  thrown in C:\Users\Constant\Local Sites\cli\app\public\wp-content\plugins\tutor\helpers\QueryHelper.php on line 1120
[07-Oct-2025 12:47:29 UTC] WordPress database error Table 'local.wp_wc_orders_meta' doesn't exist for query 
			SELECT COUNT(te.earning_id) as total_count
			FROM wp_tutor_earnings te
			 INNER JOIN wp_wc_orders_meta wcom ON te.order_id = wcom.order_id 
			WHERE te.process_by = 'tutor' AND wcom.meta_key = '_is_tutor_order_for_course'
		 made by do_action_ref_array('process_by_wc_migrator'), WP_Hook->do_action, WP_Hook->apply_filters, Tutor\Migrations\BatchProcessor->process_batch, Tutor\Migrations\ProcessByWcMigrator->get_total_items, Tutor\Helpers\QueryHelper::get_joined_count
[07-Oct-2025 12:47:29 UTC] PHP Fatal error:  Uncaught Exception: Table 'local.wp_wc_orders_meta' doesn't exist in C:\Users\Constant\Local Sites\cli\app\public\wp-content\plugins\tutor\helpers\QueryHelper.php:1120
Stack trace:
#0 C:\Users\Constant\Local Sites\cli\app\public\wp-content\plugins\tutor\migrations\ProcessByWcMigrator.php(82): Tutor\Helpers\QueryHelper::get_joined_count('tutor_earnings ...', Array, Array, Array, 'te.earning_id')
#1 C:\Users\Constant\Local Sites\cli\app\public\wp-content\plugins\tutor\migrations\BatchProcessor.php(179): Tutor\Migrations\ProcessByWcMigrator->get_total_items()
#2 C:\Users\Constant\Local Sites\cli\app\public\wp-includes\class-wp-hook.php(324): Tutor\Migrations\BatchProcessor->process_batch()
#3 C:\Users\Constant\Local Sites\cli\app\public\wp-includes\class-wp-hook.php(348): WP_Hook->apply_filters('', Array)
#4 C:\Users\Constant\Local Sites\cli\app\public\wp-includes\plugin.php(565): WP_Hook->do_action(Array)
#5 C:\Users\Constant\Local Sites\cli\app\public\wp-cron.php(191): do_action_ref_array('process_by_wc_m...', Array)
#6 {main}
  thrown in C:\Users\Constant\Local Sites\cli\app\public\wp-content\plugins\tutor\helpers\QueryHelper.php on line 1120
[07-Oct-2025 12:48:35 UTC] WordPress database error Table 'local.wp_wc_orders_meta' doesn't exist for query 
			SELECT COUNT(te.earning_id) as total_count
			FROM wp_tutor_earnings te
			 INNER JOIN wp_wc_orders_meta wcom ON te.order_id = wcom.order_id 
			WHERE te.process_by = 'tutor' AND wcom.meta_key = '_is_tutor_order_for_course'
		 made by do_action_ref_array('process_by_wc_migrator'), WP_Hook->do_action, WP_Hook->apply_filters, Tutor\Migrations\BatchProcessor->process_batch, Tutor\Migrations\ProcessByWcMigrator->get_total_items, Tutor\Helpers\QueryHelper::get_joined_count
[07-Oct-2025 12:48:35 UTC] PHP Fatal error:  Uncaught Exception: Table 'local.wp_wc_orders_meta' doesn't exist in C:\Users\Constant\Local Sites\cli\app\public\wp-content\plugins\tutor\helpers\QueryHelper.php:1120
Stack trace:
#0 C:\Users\Constant\Local Sites\cli\app\public\wp-content\plugins\tutor\migrations\ProcessByWcMigrator.php(82): Tutor\Helpers\QueryHelper::get_joined_count('tutor_earnings ...', Array, Array, Array, 'te.earning_id')
#1 C:\Users\Constant\Local Sites\cli\app\public\wp-content\plugins\tutor\migrations\BatchProcessor.php(179): Tutor\Migrations\ProcessByWcMigrator->get_total_items()
#2 C:\Users\Constant\Local Sites\cli\app\public\wp-includes\class-wp-hook.php(324): Tutor\Migrations\BatchProcessor->process_batch()
#3 C:\Users\Constant\Local Sites\cli\app\public\wp-includes\class-wp-hook.php(348): WP_Hook->apply_filters('', Array)
#4 C:\Users\Constant\Local Sites\cli\app\public\wp-includes\plugin.php(565): WP_Hook->do_action(Array)
#5 C:\Users\Constant\Local Sites\cli\app\public\wp-cron.php(191): do_action_ref_array('process_by_wc_m...', Array)
#6 {main}
  thrown in C:\Users\Constant\Local Sites\cli\app\public\wp-content\plugins\tutor\helpers\QueryHelper.php on line 1120
[07-Oct-2025 12:49:36 UTC] WordPress database error Table 'local.wp_wc_orders_meta' doesn't exist for query 
			SELECT COUNT(te.earning_id) as total_count
			FROM wp_tutor_earnings te
			 INNER JOIN wp_wc_orders_meta wcom ON te.order_id = wcom.order_id 
			WHERE te.process_by = 'tutor' AND wcom.meta_key = '_is_tutor_order_for_course'
		 made by do_action_ref_array('process_by_wc_migrator'), WP_Hook->do_action, WP_Hook->apply_filters, Tutor\Migrations\BatchProcessor->process_batch, Tutor\Migrations\ProcessByWcMigrator->get_total_items, Tutor\Helpers\QueryHelper::get_joined_count
[07-Oct-2025 12:49:36 UTC] PHP Fatal error:  Uncaught Exception: Table 'local.wp_wc_orders_meta' doesn't exist in C:\Users\Constant\Local Sites\cli\app\public\wp-content\plugins\tutor\helpers\QueryHelper.php:1120
Stack trace:
#0 C:\Users\Constant\Local Sites\cli\app\public\wp-content\plugins\tutor\migrations\ProcessByWcMigrator.php(82): Tutor\Helpers\QueryHelper::get_joined_count('tutor_earnings ...', Array, Array, Array, 'te.earning_id')
#1 C:\Users\Constant\Local Sites\cli\app\public\wp-content\plugins\tutor\migrations\BatchProcessor.php(179): Tutor\Migrations\ProcessByWcMigrator->get_total_items()
#2 C:\Users\Constant\Local Sites\cli\app\public\wp-includes\class-wp-hook.php(324): Tutor\Migrations\BatchProcessor->process_batch()
#3 C:\Users\Constant\Local Sites\cli\app\public\wp-includes\class-wp-hook.php(348): WP_Hook->apply_filters('', Array)
#4 C:\Users\Constant\Local Sites\cli\app\public\wp-includes\plugin.php(565): WP_Hook->do_action(Array)
#5 C:\Users\Constant\Local Sites\cli\app\public\wp-cron.php(191): do_action_ref_array('process_by_wc_m...', Array)
#6 {main}
  thrown in C:\Users\Constant\Local Sites\cli\app\public\wp-content\plugins\tutor\helpers\QueryHelper.php on line 1120
[07-Oct-2025 12:50:50 UTC] WordPress database error Table 'local.wp_wc_orders_meta' doesn't exist for query 
			SELECT COUNT(te.earning_id) as total_count
			FROM wp_tutor_earnings te
			 INNER JOIN wp_wc_orders_meta wcom ON te.order_id = wcom.order_id 
			WHERE te.process_by = 'tutor' AND wcom.meta_key = '_is_tutor_order_for_course'
		 made by do_action_ref_array('process_by_wc_migrator'), WP_Hook->do_action, WP_Hook->apply_filters, Tutor\Migrations\BatchProcessor->process_batch, Tutor\Migrations\ProcessByWcMigrator->get_total_items, Tutor\Helpers\QueryHelper::get_joined_count
[07-Oct-2025 12:50:50 UTC] PHP Fatal error:  Uncaught Exception: Table 'local.wp_wc_orders_meta' doesn't exist in C:\Users\Constant\Local Sites\cli\app\public\wp-content\plugins\tutor\helpers\QueryHelper.php:1120
Stack trace:
#0 C:\Users\Constant\Local Sites\cli\app\public\wp-content\plugins\tutor\migrations\ProcessByWcMigrator.php(82): Tutor\Helpers\QueryHelper::get_joined_count('tutor_earnings ...', Array, Array, Array, 'te.earning_id')
#1 C:\Users\Constant\Local Sites\cli\app\public\wp-content\plugins\tutor\migrations\BatchProcessor.php(179): Tutor\Migrations\ProcessByWcMigrator->get_total_items()
#2 C:\Users\Constant\Local Sites\cli\app\public\wp-includes\class-wp-hook.php(324): Tutor\Migrations\BatchProcessor->process_batch()
#3 C:\Users\Constant\Local Sites\cli\app\public\wp-includes\class-wp-hook.php(348): WP_Hook->apply_filters('', Array)
#4 C:\Users\Constant\Local Sites\cli\app\public\wp-includes\plugin.php(565): WP_Hook->do_action(Array)
#5 C:\Users\Constant\Local Sites\cli\app\public\wp-cron.php(191): do_action_ref_array('process_by_wc_m...', Array)
#6 {main}
  thrown in C:\Users\Constant\Local Sites\cli\app\public\wp-content\plugins\tutor\helpers\QueryHelper.php on line 1120
[07-Oct-2025 12:51:50 UTC] WordPress database error Table 'local.wp_wc_orders_meta' doesn't exist for query 
			SELECT COUNT(te.earning_id) as total_count
			FROM wp_tutor_earnings te
			 INNER JOIN wp_wc_orders_meta wcom ON te.order_id = wcom.order_id 
			WHERE te.process_by = 'tutor' AND wcom.meta_key = '_is_tutor_order_for_course'
		 made by do_action_ref_array('process_by_wc_migrator'), WP_Hook->do_action, WP_Hook->apply_filters, Tutor\Migrations\BatchProcessor->process_batch, Tutor\Migrations\ProcessByWcMigrator->get_total_items, Tutor\Helpers\QueryHelper::get_joined_count
[07-Oct-2025 12:51:50 UTC] PHP Fatal error:  Uncaught Exception: Table 'local.wp_wc_orders_meta' doesn't exist in C:\Users\Constant\Local Sites\cli\app\public\wp-content\plugins\tutor\helpers\QueryHelper.php:1120
Stack trace:
#0 C:\Users\Constant\Local Sites\cli\app\public\wp-content\plugins\tutor\migrations\ProcessByWcMigrator.php(82): Tutor\Helpers\QueryHelper::get_joined_count('tutor_earnings ...', Array, Array, Array, 'te.earning_id')
#1 C:\Users\Constant\Local Sites\cli\app\public\wp-content\plugins\tutor\migrations\BatchProcessor.php(179): Tutor\Migrations\ProcessByWcMigrator->get_total_items()
#2 C:\Users\Constant\Local Sites\cli\app\public\wp-includes\class-wp-hook.php(324): Tutor\Migrations\BatchProcessor->process_batch()
#3 C:\Users\Constant\Local Sites\cli\app\public\wp-includes\class-wp-hook.php(348): WP_Hook->apply_filters('', Array)
#4 C:\Users\Constant\Local Sites\cli\app\public\wp-includes\plugin.php(565): WP_Hook->do_action(Array)
#5 C:\Users\Constant\Local Sites\cli\app\public\wp-cron.php(191): do_action_ref_array('process_by_wc_m...', Array)
#6 {main}
  thrown in C:\Users\Constant\Local Sites\cli\app\public\wp-content\plugins\tutor\helpers\QueryHelper.php on line 1120
[07-Oct-2025 12:52:50 UTC] WordPress database error Table 'local.wp_wc_orders_meta' doesn't exist for query 
			SELECT COUNT(te.earning_id) as total_count
			FROM wp_tutor_earnings te
			 INNER JOIN wp_wc_orders_meta wcom ON te.order_id = wcom.order_id 
			WHERE te.process_by = 'tutor' AND wcom.meta_key = '_is_tutor_order_for_course'
		 made by do_action_ref_array('process_by_wc_migrator'), WP_Hook->do_action, WP_Hook->apply_filters, Tutor\Migrations\BatchProcessor->process_batch, Tutor\Migrations\ProcessByWcMigrator->get_total_items, Tutor\Helpers\QueryHelper::get_joined_count
[07-Oct-2025 12:52:50 UTC] PHP Fatal error:  Uncaught Exception: Table 'local.wp_wc_orders_meta' doesn't exist in C:\Users\Constant\Local Sites\cli\app\public\wp-content\plugins\tutor\helpers\QueryHelper.php:1120
Stack trace:
#0 C:\Users\Constant\Local Sites\cli\app\public\wp-content\plugins\tutor\migrations\ProcessByWcMigrator.php(82): Tutor\Helpers\QueryHelper::get_joined_count('tutor_earnings ...', Array, Array, Array, 'te.earning_id')
#1 C:\Users\Constant\Local Sites\cli\app\public\wp-content\plugins\tutor\migrations\BatchProcessor.php(179): Tutor\Migrations\ProcessByWcMigrator->get_total_items()
#2 C:\Users\Constant\Local Sites\cli\app\public\wp-includes\class-wp-hook.php(324): Tutor\Migrations\BatchProcessor->process_batch()
#3 C:\Users\Constant\Local Sites\cli\app\public\wp-includes\class-wp-hook.php(348): WP_Hook->apply_filters('', Array)
#4 C:\Users\Constant\Local Sites\cli\app\public\wp-includes\plugin.php(565): WP_Hook->do_action(Array)
#5 C:\Users\Constant\Local Sites\cli\app\public\wp-cron.php(191): do_action_ref_array('process_by_wc_m...', Array)
#6 {main}
  thrown in C:\Users\Constant\Local Sites\cli\app\public\wp-content\plugins\tutor\helpers\QueryHelper.php on line 1120
[07-Oct-2025 12:54:05 UTC] WordPress database error Table 'local.wp_wc_orders_meta' doesn't exist for query 
			SELECT COUNT(te.earning_id) as total_count
			FROM wp_tutor_earnings te
			 INNER JOIN wp_wc_orders_meta wcom ON te.order_id = wcom.order_id 
			WHERE te.process_by = 'tutor' AND wcom.meta_key = '_is_tutor_order_for_course'
		 made by do_action_ref_array('process_by_wc_migrator'), WP_Hook->do_action, WP_Hook->apply_filters, Tutor\Migrations\BatchProcessor->process_batch, Tutor\Migrations\ProcessByWcMigrator->get_total_items, Tutor\Helpers\QueryHelper::get_joined_count
[07-Oct-2025 12:54:05 UTC] PHP Fatal error:  Uncaught Exception: Table 'local.wp_wc_orders_meta' doesn't exist in C:\Users\Constant\Local Sites\cli\app\public\wp-content\plugins\tutor\helpers\QueryHelper.php:1120
Stack trace:
#0 C:\Users\Constant\Local Sites\cli\app\public\wp-content\plugins\tutor\migrations\ProcessByWcMigrator.php(82): Tutor\Helpers\QueryHelper::get_joined_count('tutor_earnings ...', Array, Array, Array, 'te.earning_id')
#1 C:\Users\Constant\Local Sites\cli\app\public\wp-content\plugins\tutor\migrations\BatchProcessor.php(179): Tutor\Migrations\ProcessByWcMigrator->get_total_items()
#2 C:\Users\Constant\Local Sites\cli\app\public\wp-includes\class-wp-hook.php(324): Tutor\Migrations\BatchProcessor->process_batch()
#3 C:\Users\Constant\Local Sites\cli\app\public\wp-includes\class-wp-hook.php(348): WP_Hook->apply_filters('', Array)
#4 C:\Users\Constant\Local Sites\cli\app\public\wp-includes\plugin.php(565): WP_Hook->do_action(Array)
#5 C:\Users\Constant\Local Sites\cli\app\public\wp-cron.php(191): do_action_ref_array('process_by_wc_m...', Array)
#6 {main}
  thrown in C:\Users\Constant\Local Sites\cli\app\public\wp-content\plugins\tutor\helpers\QueryHelper.php on line 1120
[07-Oct-2025 12:55:06 UTC] WordPress database error Table 'local.wp_wc_orders_meta' doesn't exist for query 
			SELECT COUNT(te.earning_id) as total_count
			FROM wp_tutor_earnings te
			 INNER JOIN wp_wc_orders_meta wcom ON te.order_id = wcom.order_id 
			WHERE te.process_by = 'tutor' AND wcom.meta_key = '_is_tutor_order_for_course'
		 made by do_action_ref_array('process_by_wc_migrator'), WP_Hook->do_action, WP_Hook->apply_filters, Tutor\Migrations\BatchProcessor->process_batch, Tutor\Migrations\ProcessByWcMigrator->get_total_items, Tutor\Helpers\QueryHelper::get_joined_count
[07-Oct-2025 12:55:06 UTC] PHP Fatal error:  Uncaught Exception: Table 'local.wp_wc_orders_meta' doesn't exist in C:\Users\Constant\Local Sites\cli\app\public\wp-content\plugins\tutor\helpers\QueryHelper.php:1120
Stack trace:
#0 C:\Users\Constant\Local Sites\cli\app\public\wp-content\plugins\tutor\migrations\ProcessByWcMigrator.php(82): Tutor\Helpers\QueryHelper::get_joined_count('tutor_earnings ...', Array, Array, Array, 'te.earning_id')
#1 C:\Users\Constant\Local Sites\cli\app\public\wp-content\plugins\tutor\migrations\BatchProcessor.php(179): Tutor\Migrations\ProcessByWcMigrator->get_total_items()
#2 C:\Users\Constant\Local Sites\cli\app\public\wp-includes\class-wp-hook.php(324): Tutor\Migrations\BatchProcessor->process_batch()
#3 C:\Users\Constant\Local Sites\cli\app\public\wp-includes\class-wp-hook.php(348): WP_Hook->apply_filters('', Array)
#4 C:\Users\Constant\Local Sites\cli\app\public\wp-includes\plugin.php(565): WP_Hook->do_action(Array)
#5 C:\Users\Constant\Local Sites\cli\app\public\wp-cron.php(191): do_action_ref_array('process_by_wc_m...', Array)
#6 {main}
  thrown in C:\Users\Constant\Local Sites\cli\app\public\wp-content\plugins\tutor\helpers\QueryHelper.php on line 1120
[07-Oct-2025 12:56:21 UTC] WordPress database error Table 'local.wp_wc_orders_meta' doesn't exist for query 
			SELECT COUNT(te.earning_id) as total_count
			FROM wp_tutor_earnings te
			 INNER JOIN wp_wc_orders_meta wcom ON te.order_id = wcom.order_id 
			WHERE te.process_by = 'tutor' AND wcom.meta_key = '_is_tutor_order_for_course'
		 made by do_action_ref_array('process_by_wc_migrator'), WP_Hook->do_action, WP_Hook->apply_filters, Tutor\Migrations\BatchProcessor->process_batch, Tutor\Migrations\ProcessByWcMigrator->get_total_items, Tutor\Helpers\QueryHelper::get_joined_count
[07-Oct-2025 12:56:21 UTC] PHP Fatal error:  Uncaught Exception: Table 'local.wp_wc_orders_meta' doesn't exist in C:\Users\Constant\Local Sites\cli\app\public\wp-content\plugins\tutor\helpers\QueryHelper.php:1120
Stack trace:
#0 C:\Users\Constant\Local Sites\cli\app\public\wp-content\plugins\tutor\migrations\ProcessByWcMigrator.php(82): Tutor\Helpers\QueryHelper::get_joined_count('tutor_earnings ...', Array, Array, Array, 'te.earning_id')
#1 C:\Users\Constant\Local Sites\cli\app\public\wp-content\plugins\tutor\migrations\BatchProcessor.php(179): Tutor\Migrations\ProcessByWcMigrator->get_total_items()
#2 C:\Users\Constant\Local Sites\cli\app\public\wp-includes\class-wp-hook.php(324): Tutor\Migrations\BatchProcessor->process_batch()
#3 C:\Users\Constant\Local Sites\cli\app\public\wp-includes\class-wp-hook.php(348): WP_Hook->apply_filters('', Array)
#4 C:\Users\Constant\Local Sites\cli\app\public\wp-includes\plugin.php(565): WP_Hook->do_action(Array)
#5 C:\Users\Constant\Local Sites\cli\app\public\wp-cron.php(191): do_action_ref_array('process_by_wc_m...', Array)
#6 {main}
  thrown in C:\Users\Constant\Local Sites\cli\app\public\wp-content\plugins\tutor\helpers\QueryHelper.php on line 1120
[07-Oct-2025 12:57:33 UTC] WordPress database error Table 'local.wp_wc_orders_meta' doesn't exist for query 
			SELECT COUNT(te.earning_id) as total_count
			FROM wp_tutor_earnings te
			 INNER JOIN wp_wc_orders_meta wcom ON te.order_id = wcom.order_id 
			WHERE te.process_by = 'tutor' AND wcom.meta_key = '_is_tutor_order_for_course'
		 made by do_action_ref_array('process_by_wc_migrator'), WP_Hook->do_action, WP_Hook->apply_filters, Tutor\Migrations\BatchProcessor->process_batch, Tutor\Migrations\ProcessByWcMigrator->get_total_items, Tutor\Helpers\QueryHelper::get_joined_count
[07-Oct-2025 12:57:33 UTC] PHP Fatal error:  Uncaught Exception: Table 'local.wp_wc_orders_meta' doesn't exist in C:\Users\Constant\Local Sites\cli\app\public\wp-content\plugins\tutor\helpers\QueryHelper.php:1120
Stack trace:
#0 C:\Users\Constant\Local Sites\cli\app\public\wp-content\plugins\tutor\migrations\ProcessByWcMigrator.php(82): Tutor\Helpers\QueryHelper::get_joined_count('tutor_earnings ...', Array, Array, Array, 'te.earning_id')
#1 C:\Users\Constant\Local Sites\cli\app\public\wp-content\plugins\tutor\migrations\BatchProcessor.php(179): Tutor\Migrations\ProcessByWcMigrator->get_total_items()
#2 C:\Users\Constant\Local Sites\cli\app\public\wp-includes\class-wp-hook.php(324): Tutor\Migrations\BatchProcessor->process_batch()
#3 C:\Users\Constant\Local Sites\cli\app\public\wp-includes\class-wp-hook.php(348): WP_Hook->apply_filters('', Array)
#4 C:\Users\Constant\Local Sites\cli\app\public\wp-includes\plugin.php(565): WP_Hook->do_action(Array)
#5 C:\Users\Constant\Local Sites\cli\app\public\wp-cron.php(191): do_action_ref_array('process_by_wc_m...', Array)
#6 {main}
  thrown in C:\Users\Constant\Local Sites\cli\app\public\wp-content\plugins\tutor\helpers\QueryHelper.php on line 1120
[07-Oct-2025 12:58:37 UTC] WordPress database error Table 'local.wp_wc_orders_meta' doesn't exist for query 
			SELECT COUNT(te.earning_id) as total_count
			FROM wp_tutor_earnings te
			 INNER JOIN wp_wc_orders_meta wcom ON te.order_id = wcom.order_id 
			WHERE te.process_by = 'tutor' AND wcom.meta_key = '_is_tutor_order_for_course'
		 made by do_action_ref_array('process_by_wc_migrator'), WP_Hook->do_action, WP_Hook->apply_filters, Tutor\Migrations\BatchProcessor->process_batch, Tutor\Migrations\ProcessByWcMigrator->get_total_items, Tutor\Helpers\QueryHelper::get_joined_count
[07-Oct-2025 12:58:37 UTC] PHP Fatal error:  Uncaught Exception: Table 'local.wp_wc_orders_meta' doesn't exist in C:\Users\Constant\Local Sites\cli\app\public\wp-content\plugins\tutor\helpers\QueryHelper.php:1120
Stack trace:
#0 C:\Users\Constant\Local Sites\cli\app\public\wp-content\plugins\tutor\migrations\ProcessByWcMigrator.php(82): Tutor\Helpers\QueryHelper::get_joined_count('tutor_earnings ...', Array, Array, Array, 'te.earning_id')
#1 C:\Users\Constant\Local Sites\cli\app\public\wp-content\plugins\tutor\migrations\BatchProcessor.php(179): Tutor\Migrations\ProcessByWcMigrator->get_total_items()
#2 C:\Users\Constant\Local Sites\cli\app\public\wp-includes\class-wp-hook.php(324): Tutor\Migrations\BatchProcessor->process_batch()
#3 C:\Users\Constant\Local Sites\cli\app\public\wp-includes\class-wp-hook.php(348): WP_Hook->apply_filters('', Array)
#4 C:\Users\Constant\Local Sites\cli\app\public\wp-includes\plugin.php(565): WP_Hook->do_action(Array)
#5 C:\Users\Constant\Local Sites\cli\app\public\wp-cron.php(191): do_action_ref_array('process_by_wc_m...', Array)
#6 {main}
  thrown in C:\Users\Constant\Local Sites\cli\app\public\wp-content\plugins\tutor\helpers\QueryHelper.php on line 1120
[07-Oct-2025 12:59:49 UTC] WordPress database error Table 'local.wp_wc_orders_meta' doesn't exist for query 
			SELECT COUNT(te.earning_id) as total_count
			FROM wp_tutor_earnings te
			 INNER JOIN wp_wc_orders_meta wcom ON te.order_id = wcom.order_id 
			WHERE te.process_by = 'tutor' AND wcom.meta_key = '_is_tutor_order_for_course'
		 made by do_action_ref_array('process_by_wc_migrator'), WP_Hook->do_action, WP_Hook->apply_filters, Tutor\Migrations\BatchProcessor->process_batch, Tutor\Migrations\ProcessByWcMigrator->get_total_items, Tutor\Helpers\QueryHelper::get_joined_count
[07-Oct-2025 12:59:49 UTC] PHP Fatal error:  Uncaught Exception: Table 'local.wp_wc_orders_meta' doesn't exist in C:\Users\Constant\Local Sites\cli\app\public\wp-content\plugins\tutor\helpers\QueryHelper.php:1120
Stack trace:
#0 C:\Users\Constant\Local Sites\cli\app\public\wp-content\plugins\tutor\migrations\ProcessByWcMigrator.php(82): Tutor\Helpers\QueryHelper::get_joined_count('tutor_earnings ...', Array, Array, Array, 'te.earning_id')
#1 C:\Users\Constant\Local Sites\cli\app\public\wp-content\plugins\tutor\migrations\BatchProcessor.php(179): Tutor\Migrations\ProcessByWcMigrator->get_total_items()
#2 C:\Users\Constant\Local Sites\cli\app\public\wp-includes\class-wp-hook.php(324): Tutor\Migrations\BatchProcessor->process_batch()
#3 C:\Users\Constant\Local Sites\cli\app\public\wp-includes\class-wp-hook.php(348): WP_Hook->apply_filters('', Array)
#4 C:\Users\Constant\Local Sites\cli\app\public\wp-includes\plugin.php(565): WP_Hook->do_action(Array)
#5 C:\Users\Constant\Local Sites\cli\app\public\wp-cron.php(191): do_action_ref_array('process_by_wc_m...', Array)
#6 {main}
  thrown in C:\Users\Constant\Local Sites\cli\app\public\wp-content\plugins\tutor\helpers\QueryHelper.php on line 1120
[07-Oct-2025 13:00:48 UTC] WordPress database error Table 'local.wp_wc_orders_meta' doesn't exist for query 
			SELECT COUNT(te.earning_id) as total_count
			FROM wp_tutor_earnings te
			 INNER JOIN wp_wc_orders_meta wcom ON te.order_id = wcom.order_id 
			WHERE te.process_by = 'tutor' AND wcom.meta_key = '_is_tutor_order_for_course'
		 made by do_action_ref_array('process_by_wc_migrator'), WP_Hook->do_action, WP_Hook->apply_filters, Tutor\Migrations\BatchProcessor->process_batch, Tutor\Migrations\ProcessByWcMigrator->get_total_items, Tutor\Helpers\QueryHelper::get_joined_count
[07-Oct-2025 13:00:48 UTC] PHP Fatal error:  Uncaught Exception: Table 'local.wp_wc_orders_meta' doesn't exist in C:\Users\Constant\Local Sites\cli\app\public\wp-content\plugins\tutor\helpers\QueryHelper.php:1120
Stack trace:
#0 C:\Users\Constant\Local Sites\cli\app\public\wp-content\plugins\tutor\migrations\ProcessByWcMigrator.php(82): Tutor\Helpers\QueryHelper::get_joined_count('tutor_earnings ...', Array, Array, Array, 'te.earning_id')
#1 C:\Users\Constant\Local Sites\cli\app\public\wp-content\plugins\tutor\migrations\BatchProcessor.php(179): Tutor\Migrations\ProcessByWcMigrator->get_total_items()
#2 C:\Users\Constant\Local Sites\cli\app\public\wp-includes\class-wp-hook.php(324): Tutor\Migrations\BatchProcessor->process_batch()
#3 C:\Users\Constant\Local Sites\cli\app\public\wp-includes\class-wp-hook.php(348): WP_Hook->apply_filters('', Array)
#4 C:\Users\Constant\Local Sites\cli\app\public\wp-includes\plugin.php(565): WP_Hook->do_action(Array)
#5 C:\Users\Constant\Local Sites\cli\app\public\wp-cron.php(191): do_action_ref_array('process_by_wc_m...', Array)
#6 {main}
  thrown in C:\Users\Constant\Local Sites\cli\app\public\wp-content\plugins\tutor\helpers\QueryHelper.php on line 1120
[07-Oct-2025 13:02:03 UTC] WordPress database error Table 'local.wp_wc_orders_meta' doesn't exist for query 
			SELECT COUNT(te.earning_id) as total_count
			FROM wp_tutor_earnings te
			 INNER JOIN wp_wc_orders_meta wcom ON te.order_id = wcom.order_id 
			WHERE te.process_by = 'tutor' AND wcom.meta_key = '_is_tutor_order_for_course'
		 made by do_action_ref_array('process_by_wc_migrator'), WP_Hook->do_action, WP_Hook->apply_filters, Tutor\Migrations\BatchProcessor->process_batch, Tutor\Migrations\ProcessByWcMigrator->get_total_items, Tutor\Helpers\QueryHelper::get_joined_count
[07-Oct-2025 13:02:03 UTC] PHP Fatal error:  Uncaught Exception: Table 'local.wp_wc_orders_meta' doesn't exist in C:\Users\Constant\Local Sites\cli\app\public\wp-content\plugins\tutor\helpers\QueryHelper.php:1120
Stack trace:
#0 C:\Users\Constant\Local Sites\cli\app\public\wp-content\plugins\tutor\migrations\ProcessByWcMigrator.php(82): Tutor\Helpers\QueryHelper::get_joined_count('tutor_earnings ...', Array, Array, Array, 'te.earning_id')
#1 C:\Users\Constant\Local Sites\cli\app\public\wp-content\plugins\tutor\migrations\BatchProcessor.php(179): Tutor\Migrations\ProcessByWcMigrator->get_total_items()
#2 C:\Users\Constant\Local Sites\cli\app\public\wp-includes\class-wp-hook.php(324): Tutor\Migrations\BatchProcessor->process_batch()
#3 C:\Users\Constant\Local Sites\cli\app\public\wp-includes\class-wp-hook.php(348): WP_Hook->apply_filters('', Array)
#4 C:\Users\Constant\Local Sites\cli\app\public\wp-includes\plugin.php(565): WP_Hook->do_action(Array)
#5 C:\Users\Constant\Local Sites\cli\app\public\wp-cron.php(191): do_action_ref_array('process_by_wc_m...', Array)
#6 {main}
  thrown in C:\Users\Constant\Local Sites\cli\app\public\wp-content\plugins\tutor\helpers\QueryHelper.php on line 1120
[07-Oct-2025 13:03:03 UTC] WordPress database error Table 'local.wp_wc_orders_meta' doesn't exist for query 
			SELECT COUNT(te.earning_id) as total_count
			FROM wp_tutor_earnings te
			 INNER JOIN wp_wc_orders_meta wcom ON te.order_id = wcom.order_id 
			WHERE te.process_by = 'tutor' AND wcom.meta_key = '_is_tutor_order_for_course'
		 made by do_action_ref_array('process_by_wc_migrator'), WP_Hook->do_action, WP_Hook->apply_filters, Tutor\Migrations\BatchProcessor->process_batch, Tutor\Migrations\ProcessByWcMigrator->get_total_items, Tutor\Helpers\QueryHelper::get_joined_count
[07-Oct-2025 13:03:03 UTC] PHP Fatal error:  Uncaught Exception: Table 'local.wp_wc_orders_meta' doesn't exist in C:\Users\Constant\Local Sites\cli\app\public\wp-content\plugins\tutor\helpers\QueryHelper.php:1120
Stack trace:
#0 C:\Users\Constant\Local Sites\cli\app\public\wp-content\plugins\tutor\migrations\ProcessByWcMigrator.php(82): Tutor\Helpers\QueryHelper::get_joined_count('tutor_earnings ...', Array, Array, Array, 'te.earning_id')
#1 C:\Users\Constant\Local Sites\cli\app\public\wp-content\plugins\tutor\migrations\BatchProcessor.php(179): Tutor\Migrations\ProcessByWcMigrator->get_total_items()
#2 C:\Users\Constant\Local Sites\cli\app\public\wp-includes\class-wp-hook.php(324): Tutor\Migrations\BatchProcessor->process_batch()
#3 C:\Users\Constant\Local Sites\cli\app\public\wp-includes\class-wp-hook.php(348): WP_Hook->apply_filters('', Array)
#4 C:\Users\Constant\Local Sites\cli\app\public\wp-includes\plugin.php(565): WP_Hook->do_action(Array)
#5 C:\Users\Constant\Local Sites\cli\app\public\wp-cron.php(191): do_action_ref_array('process_by_wc_m...', Array)
#6 {main}
  thrown in C:\Users\Constant\Local Sites\cli\app\public\wp-content\plugins\tutor\helpers\QueryHelper.php on line 1120
[07-Oct-2025 13:04:18 UTC] WordPress database error Table 'local.wp_wc_orders_meta' doesn't exist for query 
			SELECT COUNT(te.earning_id) as total_count
			FROM wp_tutor_earnings te
			 INNER JOIN wp_wc_orders_meta wcom ON te.order_id = wcom.order_id 
			WHERE te.process_by = 'tutor' AND wcom.meta_key = '_is_tutor_order_for_course'
		 made by do_action_ref_array('process_by_wc_migrator'), WP_Hook->do_action, WP_Hook->apply_filters, Tutor\Migrations\BatchProcessor->process_batch, Tutor\Migrations\ProcessByWcMigrator->get_total_items, Tutor\Helpers\QueryHelper::get_joined_count
[07-Oct-2025 13:04:18 UTC] PHP Fatal error:  Uncaught Exception: Table 'local.wp_wc_orders_meta' doesn't exist in C:\Users\Constant\Local Sites\cli\app\public\wp-content\plugins\tutor\helpers\QueryHelper.php:1120
Stack trace:
#0 C:\Users\Constant\Local Sites\cli\app\public\wp-content\plugins\tutor\migrations\ProcessByWcMigrator.php(82): Tutor\Helpers\QueryHelper::get_joined_count('tutor_earnings ...', Array, Array, Array, 'te.earning_id')
#1 C:\Users\Constant\Local Sites\cli\app\public\wp-content\plugins\tutor\migrations\BatchProcessor.php(179): Tutor\Migrations\ProcessByWcMigrator->get_total_items()
#2 C:\Users\Constant\Local Sites\cli\app\public\wp-includes\class-wp-hook.php(324): Tutor\Migrations\BatchProcessor->process_batch()
#3 C:\Users\Constant\Local Sites\cli\app\public\wp-includes\class-wp-hook.php(348): WP_Hook->apply_filters('', Array)
#4 C:\Users\Constant\Local Sites\cli\app\public\wp-includes\plugin.php(565): WP_Hook->do_action(Array)
#5 C:\Users\Constant\Local Sites\cli\app\public\wp-cron.php(191): do_action_ref_array('process_by_wc_m...', Array)
#6 {main}
  thrown in C:\Users\Constant\Local Sites\cli\app\public\wp-content\plugins\tutor\helpers\QueryHelper.php on line 1120
[07-Oct-2025 13:05:22 UTC] WordPress database error Table 'local.wp_wc_orders_meta' doesn't exist for query 
			SELECT COUNT(te.earning_id) as total_count
			FROM wp_tutor_earnings te
			 INNER JOIN wp_wc_orders_meta wcom ON te.order_id = wcom.order_id 
			WHERE te.process_by = 'tutor' AND wcom.meta_key = '_is_tutor_order_for_course'
		 made by do_action_ref_array('process_by_wc_migrator'), WP_Hook->do_action, WP_Hook->apply_filters, Tutor\Migrations\BatchProcessor->process_batch, Tutor\Migrations\ProcessByWcMigrator->get_total_items, Tutor\Helpers\QueryHelper::get_joined_count
[07-Oct-2025 13:05:22 UTC] PHP Fatal error:  Uncaught Exception: Table 'local.wp_wc_orders_meta' doesn't exist in C:\Users\Constant\Local Sites\cli\app\public\wp-content\plugins\tutor\helpers\QueryHelper.php:1120
Stack trace:
#0 C:\Users\Constant\Local Sites\cli\app\public\wp-content\plugins\tutor\migrations\ProcessByWcMigrator.php(82): Tutor\Helpers\QueryHelper::get_joined_count('tutor_earnings ...', Array, Array, Array, 'te.earning_id')
#1 C:\Users\Constant\Local Sites\cli\app\public\wp-content\plugins\tutor\migrations\BatchProcessor.php(179): Tutor\Migrations\ProcessByWcMigrator->get_total_items()
#2 C:\Users\Constant\Local Sites\cli\app\public\wp-includes\class-wp-hook.php(324): Tutor\Migrations\BatchProcessor->process_batch()
#3 C:\Users\Constant\Local Sites\cli\app\public\wp-includes\class-wp-hook.php(348): WP_Hook->apply_filters('', Array)
#4 C:\Users\Constant\Local Sites\cli\app\public\wp-includes\plugin.php(565): WP_Hook->do_action(Array)
#5 C:\Users\Constant\Local Sites\cli\app\public\wp-cron.php(191): do_action_ref_array('process_by_wc_m...', Array)
#6 {main}
  thrown in C:\Users\Constant\Local Sites\cli\app\public\wp-content\plugins\tutor\helpers\QueryHelper.php on line 1120
[07-Oct-2025 13:06:25 UTC] WordPress database error Table 'local.wp_wc_orders_meta' doesn't exist for query 
			SELECT COUNT(te.earning_id) as total_count
			FROM wp_tutor_earnings te
			 INNER JOIN wp_wc_orders_meta wcom ON te.order_id = wcom.order_id 
			WHERE te.process_by = 'tutor' AND wcom.meta_key = '_is_tutor_order_for_course'
		 made by do_action_ref_array('process_by_wc_migrator'), WP_Hook->do_action, WP_Hook->apply_filters, Tutor\Migrations\BatchProcessor->process_batch, Tutor\Migrations\ProcessByWcMigrator->get_total_items, Tutor\Helpers\QueryHelper::get_joined_count
[07-Oct-2025 13:06:25 UTC] PHP Fatal error:  Uncaught Exception: Table 'local.wp_wc_orders_meta' doesn't exist in C:\Users\Constant\Local Sites\cli\app\public\wp-content\plugins\tutor\helpers\QueryHelper.php:1120
Stack trace:
#0 C:\Users\Constant\Local Sites\cli\app\public\wp-content\plugins\tutor\migrations\ProcessByWcMigrator.php(82): Tutor\Helpers\QueryHelper::get_joined_count('tutor_earnings ...', Array, Array, Array, 'te.earning_id')
#1 C:\Users\Constant\Local Sites\cli\app\public\wp-content\plugins\tutor\migrations\BatchProcessor.php(179): Tutor\Migrations\ProcessByWcMigrator->get_total_items()
#2 C:\Users\Constant\Local Sites\cli\app\public\wp-includes\class-wp-hook.php(324): Tutor\Migrations\BatchProcessor->process_batch()
#3 C:\Users\Constant\Local Sites\cli\app\public\wp-includes\class-wp-hook.php(348): WP_Hook->apply_filters('', Array)
#4 C:\Users\Constant\Local Sites\cli\app\public\wp-includes\plugin.php(565): WP_Hook->do_action(Array)
#5 C:\Users\Constant\Local Sites\cli\app\public\wp-cron.php(191): do_action_ref_array('process_by_wc_m...', Array)
#6 {main}
  thrown in C:\Users\Constant\Local Sites\cli\app\public\wp-content\plugins\tutor\helpers\QueryHelper.php on line 1120
[07-Oct-2025 13:07:24 UTC] WordPress database error Table 'local.wp_wc_orders_meta' doesn't exist for query 
			SELECT COUNT(te.earning_id) as total_count
			FROM wp_tutor_earnings te
			 INNER JOIN wp_wc_orders_meta wcom ON te.order_id = wcom.order_id 
			WHERE te.process_by = 'tutor' AND wcom.meta_key = '_is_tutor_order_for_course'
		 made by do_action_ref_array('process_by_wc_migrator'), WP_Hook->do_action, WP_Hook->apply_filters, Tutor\Migrations\BatchProcessor->process_batch, Tutor\Migrations\ProcessByWcMigrator->get_total_items, Tutor\Helpers\QueryHelper::get_joined_count
[07-Oct-2025 13:07:24 UTC] PHP Fatal error:  Uncaught Exception: Table 'local.wp_wc_orders_meta' doesn't exist in C:\Users\Constant\Local Sites\cli\app\public\wp-content\plugins\tutor\helpers\QueryHelper.php:1120
Stack trace:
#0 C:\Users\Constant\Local Sites\cli\app\public\wp-content\plugins\tutor\migrations\ProcessByWcMigrator.php(82): Tutor\Helpers\QueryHelper::get_joined_count('tutor_earnings ...', Array, Array, Array, 'te.earning_id')
#1 C:\Users\Constant\Local Sites\cli\app\public\wp-content\plugins\tutor\migrations\BatchProcessor.php(179): Tutor\Migrations\ProcessByWcMigrator->get_total_items()
#2 C:\Users\Constant\Local Sites\cli\app\public\wp-includes\class-wp-hook.php(324): Tutor\Migrations\BatchProcessor->process_batch()
#3 C:\Users\Constant\Local Sites\cli\app\public\wp-includes\class-wp-hook.php(348): WP_Hook->apply_filters('', Array)
#4 C:\Users\Constant\Local Sites\cli\app\public\wp-includes\plugin.php(565): WP_Hook->do_action(Array)
#5 C:\Users\Constant\Local Sites\cli\app\public\wp-cron.php(191): do_action_ref_array('process_by_wc_m...', Array)
#6 {main}
  thrown in C:\Users\Constant\Local Sites\cli\app\public\wp-content\plugins\tutor\helpers\QueryHelper.php on line 1120
[07-Oct-2025 13:08:34 UTC] WordPress database error Table 'local.wp_wc_orders_meta' doesn't exist for query 
			SELECT COUNT(te.earning_id) as total_count
			FROM wp_tutor_earnings te
			 INNER JOIN wp_wc_orders_meta wcom ON te.order_id = wcom.order_id 
			WHERE te.process_by = 'tutor' AND wcom.meta_key = '_is_tutor_order_for_course'
		 made by do_action_ref_array('process_by_wc_migrator'), WP_Hook->do_action, WP_Hook->apply_filters, Tutor\Migrations\BatchProcessor->process_batch, Tutor\Migrations\ProcessByWcMigrator->get_total_items, Tutor\Helpers\QueryHelper::get_joined_count
[07-Oct-2025 13:08:34 UTC] PHP Fatal error:  Uncaught Exception: Table 'local.wp_wc_orders_meta' doesn't exist in C:\Users\Constant\Local Sites\cli\app\public\wp-content\plugins\tutor\helpers\QueryHelper.php:1120
Stack trace:
#0 C:\Users\Constant\Local Sites\cli\app\public\wp-content\plugins\tutor\migrations\ProcessByWcMigrator.php(82): Tutor\Helpers\QueryHelper::get_joined_count('tutor_earnings ...', Array, Array, Array, 'te.earning_id')
#1 C:\Users\Constant\Local Sites\cli\app\public\wp-content\plugins\tutor\migrations\BatchProcessor.php(179): Tutor\Migrations\ProcessByWcMigrator->get_total_items()
#2 C:\Users\Constant\Local Sites\cli\app\public\wp-includes\class-wp-hook.php(324): Tutor\Migrations\BatchProcessor->process_batch()
#3 C:\Users\Constant\Local Sites\cli\app\public\wp-includes\class-wp-hook.php(348): WP_Hook->apply_filters('', Array)
#4 C:\Users\Constant\Local Sites\cli\app\public\wp-includes\plugin.php(565): WP_Hook->do_action(Array)
#5 C:\Users\Constant\Local Sites\cli\app\public\wp-cron.php(191): do_action_ref_array('process_by_wc_m...', Array)
#6 {main}
  thrown in C:\Users\Constant\Local Sites\cli\app\public\wp-content\plugins\tutor\helpers\QueryHelper.php on line 1120
[07-Oct-2025 13:09:34 UTC] WordPress database error Table 'local.wp_wc_orders_meta' doesn't exist for query 
			SELECT COUNT(te.earning_id) as total_count
			FROM wp_tutor_earnings te
			 INNER JOIN wp_wc_orders_meta wcom ON te.order_id = wcom.order_id 
			WHERE te.process_by = 'tutor' AND wcom.meta_key = '_is_tutor_order_for_course'
		 made by do_action_ref_array('process_by_wc_migrator'), WP_Hook->do_action, WP_Hook->apply_filters, Tutor\Migrations\BatchProcessor->process_batch, Tutor\Migrations\ProcessByWcMigrator->get_total_items, Tutor\Helpers\QueryHelper::get_joined_count
[07-Oct-2025 13:09:34 UTC] PHP Fatal error:  Uncaught Exception: Table 'local.wp_wc_orders_meta' doesn't exist in C:\Users\Constant\Local Sites\cli\app\public\wp-content\plugins\tutor\helpers\QueryHelper.php:1120
Stack trace:
#0 C:\Users\Constant\Local Sites\cli\app\public\wp-content\plugins\tutor\migrations\ProcessByWcMigrator.php(82): Tutor\Helpers\QueryHelper::get_joined_count('tutor_earnings ...', Array, Array, Array, 'te.earning_id')
#1 C:\Users\Constant\Local Sites\cli\app\public\wp-content\plugins\tutor\migrations\BatchProcessor.php(179): Tutor\Migrations\ProcessByWcMigrator->get_total_items()
#2 C:\Users\Constant\Local Sites\cli\app\public\wp-includes\class-wp-hook.php(324): Tutor\Migrations\BatchProcessor->process_batch()
#3 C:\Users\Constant\Local Sites\cli\app\public\wp-includes\class-wp-hook.php(348): WP_Hook->apply_filters('', Array)
#4 C:\Users\Constant\Local Sites\cli\app\public\wp-includes\plugin.php(565): WP_Hook->do_action(Array)
#5 C:\Users\Constant\Local Sites\cli\app\public\wp-cron.php(191): do_action_ref_array('process_by_wc_m...', Array)
#6 {main}
  thrown in C:\Users\Constant\Local Sites\cli\app\public\wp-content\plugins\tutor\helpers\QueryHelper.php on line 1120
[07-Oct-2025 13:10:34 UTC] WordPress database error Table 'local.wp_wc_orders_meta' doesn't exist for query 
			SELECT COUNT(te.earning_id) as total_count
			FROM wp_tutor_earnings te
			 INNER JOIN wp_wc_orders_meta wcom ON te.order_id = wcom.order_id 
			WHERE te.process_by = 'tutor' AND wcom.meta_key = '_is_tutor_order_for_course'
		 made by do_action_ref_array('process_by_wc_migrator'), WP_Hook->do_action, WP_Hook->apply_filters, Tutor\Migrations\BatchProcessor->process_batch, Tutor\Migrations\ProcessByWcMigrator->get_total_items, Tutor\Helpers\QueryHelper::get_joined_count
[07-Oct-2025 13:10:34 UTC] PHP Fatal error:  Uncaught Exception: Table 'local.wp_wc_orders_meta' doesn't exist in C:\Users\Constant\Local Sites\cli\app\public\wp-content\plugins\tutor\helpers\QueryHelper.php:1120
Stack trace:
#0 C:\Users\Constant\Local Sites\cli\app\public\wp-content\plugins\tutor\migrations\ProcessByWcMigrator.php(82): Tutor\Helpers\QueryHelper::get_joined_count('tutor_earnings ...', Array, Array, Array, 'te.earning_id')
#1 C:\Users\Constant\Local Sites\cli\app\public\wp-content\plugins\tutor\migrations\BatchProcessor.php(179): Tutor\Migrations\ProcessByWcMigrator->get_total_items()
#2 C:\Users\Constant\Local Sites\cli\app\public\wp-includes\class-wp-hook.php(324): Tutor\Migrations\BatchProcessor->process_batch()
#3 C:\Users\Constant\Local Sites\cli\app\public\wp-includes\class-wp-hook.php(348): WP_Hook->apply_filters('', Array)
#4 C:\Users\Constant\Local Sites\cli\app\public\wp-includes\plugin.php(565): WP_Hook->do_action(Array)
#5 C:\Users\Constant\Local Sites\cli\app\public\wp-cron.php(191): do_action_ref_array('process_by_wc_m...', Array)
#6 {main}
  thrown in C:\Users\Constant\Local Sites\cli\app\public\wp-content\plugins\tutor\helpers\QueryHelper.php on line 1120
[07-Oct-2025 13:11:39 UTC] WordPress database error Table 'local.wp_wc_orders_meta' doesn't exist for query 
			SELECT COUNT(te.earning_id) as total_count
			FROM wp_tutor_earnings te
			 INNER JOIN wp_wc_orders_meta wcom ON te.order_id = wcom.order_id 
			WHERE te.process_by = 'tutor' AND wcom.meta_key = '_is_tutor_order_for_course'
		 made by do_action_ref_array('process_by_wc_migrator'), WP_Hook->do_action, WP_Hook->apply_filters, Tutor\Migrations\BatchProcessor->process_batch, Tutor\Migrations\ProcessByWcMigrator->get_total_items, Tutor\Helpers\QueryHelper::get_joined_count
[07-Oct-2025 13:11:39 UTC] PHP Fatal error:  Uncaught Exception: Table 'local.wp_wc_orders_meta' doesn't exist in C:\Users\Constant\Local Sites\cli\app\public\wp-content\plugins\tutor\helpers\QueryHelper.php:1120
Stack trace:
#0 C:\Users\Constant\Local Sites\cli\app\public\wp-content\plugins\tutor\migrations\ProcessByWcMigrator.php(82): Tutor\Helpers\QueryHelper::get_joined_count('tutor_earnings ...', Array, Array, Array, 'te.earning_id')
#1 C:\Users\Constant\Local Sites\cli\app\public\wp-content\plugins\tutor\migrations\BatchProcessor.php(179): Tutor\Migrations\ProcessByWcMigrator->get_total_items()
#2 C:\Users\Constant\Local Sites\cli\app\public\wp-includes\class-wp-hook.php(324): Tutor\Migrations\BatchProcessor->process_batch()
#3 C:\Users\Constant\Local Sites\cli\app\public\wp-includes\class-wp-hook.php(348): WP_Hook->apply_filters('', Array)
#4 C:\Users\Constant\Local Sites\cli\app\public\wp-includes\plugin.php(565): WP_Hook->do_action(Array)
#5 C:\Users\Constant\Local Sites\cli\app\public\wp-cron.php(191): do_action_ref_array('process_by_wc_m...', Array)
#6 {main}
  thrown in C:\Users\Constant\Local Sites\cli\app\public\wp-content\plugins\tutor\helpers\QueryHelper.php on line 1120
[07-Oct-2025 13:13:26 UTC] WordPress database error Table 'local.wp_wc_orders_meta' doesn't exist for query 
			SELECT COUNT(te.earning_id) as total_count
			FROM wp_tutor_earnings te
			 INNER JOIN wp_wc_orders_meta wcom ON te.order_id = wcom.order_id 
			WHERE te.process_by = 'tutor' AND wcom.meta_key = '_is_tutor_order_for_course'
		 made by do_action_ref_array('process_by_wc_migrator'), WP_Hook->do_action, WP_Hook->apply_filters, Tutor\Migrations\BatchProcessor->process_batch, Tutor\Migrations\ProcessByWcMigrator->get_total_items, Tutor\Helpers\QueryHelper::get_joined_count
[07-Oct-2025 13:13:26 UTC] PHP Fatal error:  Uncaught Exception: Table 'local.wp_wc_orders_meta' doesn't exist in C:\Users\Constant\Local Sites\cli\app\public\wp-content\plugins\tutor\helpers\QueryHelper.php:1120
Stack trace:
#0 C:\Users\Constant\Local Sites\cli\app\public\wp-content\plugins\tutor\migrations\ProcessByWcMigrator.php(82): Tutor\Helpers\QueryHelper::get_joined_count('tutor_earnings ...', Array, Array, Array, 'te.earning_id')
#1 C:\Users\Constant\Local Sites\cli\app\public\wp-content\plugins\tutor\migrations\BatchProcessor.php(179): Tutor\Migrations\ProcessByWcMigrator->get_total_items()
#2 C:\Users\Constant\Local Sites\cli\app\public\wp-includes\class-wp-hook.php(324): Tutor\Migrations\BatchProcessor->process_batch()
#3 C:\Users\Constant\Local Sites\cli\app\public\wp-includes\class-wp-hook.php(348): WP_Hook->apply_filters('', Array)
#4 C:\Users\Constant\Local Sites\cli\app\public\wp-includes\plugin.php(565): WP_Hook->do_action(Array)
#5 C:\Users\Constant\Local Sites\cli\app\public\wp-cron.php(191): do_action_ref_array('process_by_wc_m...', Array)
#6 {main}
  thrown in C:\Users\Constant\Local Sites\cli\app\public\wp-content\plugins\tutor\helpers\QueryHelper.php on line 1120
[07-Oct-2025 13:15:14 UTC] Process by WC migration completed!
[07-Oct-2025 13:23:17 UTC] PHP Fatal error:  Maximum execution time of 300 seconds exceeded in C:\Users\Constant\Local Sites\cli\app\public\wp-includes\Requests\src\Transport\Curl.php on line 205
[07-Oct-2025 13:23:17 UTC] PHP Fatal error:  Uncaught InvalidArgumentException: Unidentified action 1310: we were unable to mark this action as having failed. It may may have been deleted by another process. in C:\Users\Constant\Local Sites\cli\app\public\wp-content\plugins\woocommerce\packages\action-scheduler\classes\data-stores\ActionScheduler_DBStore.php:1232
Stack trace:
#0 C:\Users\Constant\Local Sites\cli\app\public\wp-content\plugins\woocommerce\packages\action-scheduler\classes\ActionScheduler_FatalErrorMonitor.php(90): ActionScheduler_DBStore->mark_failure(1310)
#1 C:\Users\Constant\Local Sites\cli\app\public\wp-includes\class-wp-hook.php(324): ActionScheduler_FatalErrorMonitor->handle_unexpected_shutdown('')
#2 C:\Users\Constant\Local Sites\cli\app\public\wp-includes\class-wp-hook.php(348): WP_Hook->apply_filters(NULL, Array)
#3 C:\Users\Constant\Local Sites\cli\app\public\wp-includes\plugin.php(517): WP_Hook->do_action(Array)
#4 C:\Users\Constant\Local Sites\cli\app\public\wp-includes\load.php(1304): do_action('shutdown')
#5 [internal function]: shutdown_action_hook()
#6 {main}
  thrown in C:\Users\Constant\Local Sites\cli\app\public\wp-content\plugins\woocommerce\packages\action-scheduler\classes\data-stores\ActionScheduler_DBStore.php on line 1232
[07-Oct-2025 13:30:49 UTC] Cron reschedule event error for hook: action_scheduler_run_queue, Error code: invalid_schedule, Error message: Event schedule does not exist., Data: {"schedule":"every_minute","args":["WP Cron"],"interval":60}
[07-Oct-2025 13:31:15 UTC] PHP Warning:  Undefined array key "pro-free-trial-popup" in C:\Users\Constant\Local Sites\cli\app\public\wp-content\plugins\elementor\modules\pro-free-trial-popup\module.php on line 118
[07-Oct-2025 13:31:15 UTC] PHP Warning:  Trying to access array offset on value of type null in C:\Users\Constant\Local Sites\cli\app\public\wp-content\plugins\elementor\modules\pro-free-trial-popup\module.php on line 118
[07-Oct-2025 13:31:15 UTC] PHP Warning:  Trying to access array offset on value of type null in C:\Users\Constant\Local Sites\cli\app\public\wp-content\plugins\elementor\modules\pro-free-trial-popup\module.php on line 118
[07-Oct-2025 13:39:47 UTC] PHP Warning:  Undefined array key "pro-free-trial-popup" in C:\Users\Constant\Local Sites\cli\app\public\wp-content\plugins\elementor\modules\pro-free-trial-popup\module.php on line 118
[07-Oct-2025 13:39:47 UTC] PHP Warning:  Trying to access array offset on value of type null in C:\Users\Constant\Local Sites\cli\app\public\wp-content\plugins\elementor\modules\pro-free-trial-popup\module.php on line 118
[07-Oct-2025 13:39:47 UTC] PHP Warning:  Trying to access array offset on value of type null in C:\Users\Constant\Local Sites\cli\app\public\wp-content\plugins\elementor\modules\pro-free-trial-popup\module.php on line 118
[07-Oct-2025 13:44:04 UTC] PHP Warning:  Undefined array key "pro-free-trial-popup" in C:\Users\Constant\Local Sites\cli\app\public\wp-content\plugins\elementor\modules\pro-free-trial-popup\module.php on line 118
[07-Oct-2025 13:44:04 UTC] PHP Warning:  Trying to access array offset on value of type null in C:\Users\Constant\Local Sites\cli\app\public\wp-content\plugins\elementor\modules\pro-free-trial-popup\module.php on line 118
[07-Oct-2025 13:44:04 UTC] PHP Warning:  Trying to access array offset on value of type null in C:\Users\Constant\Local Sites\cli\app\public\wp-content\plugins\elementor\modules\pro-free-trial-popup\module.php on line 118
[07-Oct-2025 13:50:28 UTC] PHP Warning:  Undefined array key "pro-free-trial-popup" in C:\Users\Constant\Local Sites\cli\app\public\wp-content\plugins\elementor\modules\pro-free-trial-popup\module.php on line 118
[07-Oct-2025 13:50:28 UTC] PHP Warning:  Trying to access array offset on value of type null in C:\Users\Constant\Local Sites\cli\app\public\wp-content\plugins\elementor\modules\pro-free-trial-popup\module.php on line 118
[07-Oct-2025 13:50:28 UTC] PHP Warning:  Trying to access array offset on value of type null in C:\Users\Constant\Local Sites\cli\app\public\wp-content\plugins\elementor\modules\pro-free-trial-popup\module.php on line 118
[07-Oct-2025 13:57:04 UTC] PHP Warning:  Undefined array key "pro-free-trial-popup" in C:\Users\Constant\Local Sites\cli\app\public\wp-content\plugins\elementor\modules\pro-free-trial-popup\module.php on line 118
[07-Oct-2025 13:57:04 UTC] PHP Warning:  Trying to access array offset on value of type null in C:\Users\Constant\Local Sites\cli\app\public\wp-content\plugins\elementor\modules\pro-free-trial-popup\module.php on line 118
[07-Oct-2025 13:57:04 UTC] PHP Warning:  Trying to access array offset on value of type null in C:\Users\Constant\Local Sites\cli\app\public\wp-content\plugins\elementor\modules\pro-free-trial-popup\module.php on line 118
[07-Oct-2025 14:16:20 UTC] PHP Warning:  Undefined array key "pro-free-trial-popup" in C:\Users\Constant\Local Sites\cli\app\public\wp-content\plugins\elementor\modules\pro-free-trial-popup\module.php on line 118
[07-Oct-2025 14:16:20 UTC] PHP Warning:  Trying to access array offset on value of type null in C:\Users\Constant\Local Sites\cli\app\public\wp-content\plugins\elementor\modules\pro-free-trial-popup\module.php on line 118
[07-Oct-2025 14:16:20 UTC] PHP Warning:  Trying to access array offset on value of type null in C:\Users\Constant\Local Sites\cli\app\public\wp-content\plugins\elementor\modules\pro-free-trial-popup\module.php on line 118
[07-Oct-2025 14:17:35 UTC] PHP Warning:  Undefined array key "pro-free-trial-popup" in C:\Users\Constant\Local Sites\cli\app\public\wp-content\plugins\elementor\modules\pro-free-trial-popup\module.php on line 118
[07-Oct-2025 14:17:35 UTC] PHP Warning:  Trying to access array offset on value of type null in C:\Users\Constant\Local Sites\cli\app\public\wp-content\plugins\elementor\modules\pro-free-trial-popup\module.php on line 118
[07-Oct-2025 14:17:35 UTC] PHP Warning:  Trying to access array offset on value of type null in C:\Users\Constant\Local Sites\cli\app\public\wp-content\plugins\elementor\modules\pro-free-trial-popup\module.php on line 118
[07-Oct-2025 14:21:50 UTC] PHP Warning:  Undefined array key "pro-free-trial-popup" in C:\Users\Constant\Local Sites\cli\app\public\wp-content\plugins\elementor\modules\pro-free-trial-popup\module.php on line 118
[07-Oct-2025 14:21:50 UTC] PHP Warning:  Trying to access array offset on value of type null in C:\Users\Constant\Local Sites\cli\app\public\wp-content\plugins\elementor\modules\pro-free-trial-popup\module.php on line 118
[07-Oct-2025 14:21:50 UTC] PHP Warning:  Trying to access array offset on value of type null in C:\Users\Constant\Local Sites\cli\app\public\wp-content\plugins\elementor\modules\pro-free-trial-popup\module.php on line 118
[07-Oct-2025 14:22:00 UTC] PHP Warning:  Undefined array key "pro-free-trial-popup" in C:\Users\Constant\Local Sites\cli\app\public\wp-content\plugins\elementor\modules\pro-free-trial-popup\module.php on line 118
[07-Oct-2025 14:22:00 UTC] PHP Warning:  Trying to access array offset on value of type null in C:\Users\Constant\Local Sites\cli\app\public\wp-content\plugins\elementor\modules\pro-free-trial-popup\module.php on line 118
[07-Oct-2025 14:22:00 UTC] PHP Warning:  Trying to access array offset on value of type null in C:\Users\Constant\Local Sites\cli\app\public\wp-content\plugins\elementor\modules\pro-free-trial-popup\module.php on line 118
[07-Oct-2025 14:27:57 UTC] PHP Warning:  Undefined array key "pro-free-trial-popup" in C:\Users\Constant\Local Sites\cli\app\public\wp-content\plugins\elementor\modules\pro-free-trial-popup\module.php on line 118
[07-Oct-2025 14:27:57 UTC] PHP Warning:  Trying to access array offset on value of type null in C:\Users\Constant\Local Sites\cli\app\public\wp-content\plugins\elementor\modules\pro-free-trial-popup\module.php on line 118
[07-Oct-2025 14:27:57 UTC] PHP Warning:  Trying to access array offset on value of type null in C:\Users\Constant\Local Sites\cli\app\public\wp-content\plugins\elementor\modules\pro-free-trial-popup\module.php on line 118
[07-Oct-2025 14:28:08 UTC] PHP Warning:  Undefined array key "pro-free-trial-popup" in C:\Users\Constant\Local Sites\cli\app\public\wp-content\plugins\elementor\modules\pro-free-trial-popup\module.php on line 118
[07-Oct-2025 14:28:08 UTC] PHP Warning:  Trying to access array offset on value of type null in C:\Users\Constant\Local Sites\cli\app\public\wp-content\plugins\elementor\modules\pro-free-trial-popup\module.php on line 118
[07-Oct-2025 14:28:08 UTC] PHP Warning:  Trying to access array offset on value of type null in C:\Users\Constant\Local Sites\cli\app\public\wp-content\plugins\elementor\modules\pro-free-trial-popup\module.php on line 118
[07-Oct-2025 14:29:04 UTC] PHP Warning:  Undefined array key "pro-free-trial-popup" in C:\Users\Constant\Local Sites\cli\app\public\wp-content\plugins\elementor\modules\pro-free-trial-popup\module.php on line 118
[07-Oct-2025 14:29:04 UTC] PHP Warning:  Trying to access array offset on value of type null in C:\Users\Constant\Local Sites\cli\app\public\wp-content\plugins\elementor\modules\pro-free-trial-popup\module.php on line 118
[07-Oct-2025 14:29:04 UTC] PHP Warning:  Trying to access array offset on value of type null in C:\Users\Constant\Local Sites\cli\app\public\wp-content\plugins\elementor\modules\pro-free-trial-popup\module.php on line 118
[07-Oct-2025 14:34:25 UTC] PHP Warning:  Undefined array key "pro-free-trial-popup" in C:\Users\Constant\Local Sites\cli\app\public\wp-content\plugins\elementor\modules\pro-free-trial-popup\module.php on line 118
[07-Oct-2025 14:34:25 UTC] PHP Warning:  Trying to access array offset on value of type null in C:\Users\Constant\Local Sites\cli\app\public\wp-content\plugins\elementor\modules\pro-free-trial-popup\module.php on line 118
[07-Oct-2025 14:34:25 UTC] PHP Warning:  Trying to access array offset on value of type null in C:\Users\Constant\Local Sites\cli\app\public\wp-content\plugins\elementor\modules\pro-free-trial-popup\module.php on line 118
[07-Oct-2025 15:29:45 UTC] PHP Warning:  Undefined array key "pro-free-trial-popup" in C:\Users\Constant\Local Sites\cli\app\public\wp-content\plugins\elementor\modules\pro-free-trial-popup\module.php on line 118
[07-Oct-2025 15:29:45 UTC] PHP Warning:  Trying to access array offset on value of type null in C:\Users\Constant\Local Sites\cli\app\public\wp-content\plugins\elementor\modules\pro-free-trial-popup\module.php on line 118
[07-Oct-2025 15:29:45 UTC] PHP Warning:  Trying to access array offset on value of type null in C:\Users\Constant\Local Sites\cli\app\public\wp-content\plugins\elementor\modules\pro-free-trial-popup\module.php on line 118
[07-Oct-2025 17:32:27 UTC] PHP Warning:  foreach() argument must be of type array|object, bool given in C:\Users\Constant\Local Sites\cli\app\public\wp-content\plugins\edumel-core\inc\elementor\archive-courses.php on line 147
[07-Oct-2025 17:32:27 UTC] PHP Warning:  foreach() argument must be of type array|object, bool given in C:\Users\Constant\Local Sites\cli\app\public\wp-content\plugins\edumel-core\inc\elementor\archive-courses.php on line 147
[07-Oct-2025 17:36:09 UTC] PHP Warning:  foreach() argument must be of type array|object, bool given in C:\Users\Constant\Local Sites\cli\app\public\wp-content\plugins\edumel-core\inc\elementor\archive-courses.php on line 147
[07-Oct-2025 17:36:09 UTC] PHP Warning:  foreach() argument must be of type array|object, bool given in C:\Users\Constant\Local Sites\cli\app\public\wp-content\plugins\edumel-core\inc\elementor\archive-courses.php on line 147
[07-Oct-2025 18:33:39 UTC] PHP Warning:  Trying to access array offset on value of type bool in C:\Users\Constant\Local Sites\cli\app\public\wp-content\themes\edumel\inc\edumel-functions.php on line 209
[07-Oct-2025 18:34:41 UTC] PHP Warning:  Trying to access array offset on value of type bool in C:\Users\Constant\Local Sites\cli\app\public\wp-content\themes\edumel\inc\edumel-functions.php on line 209
[07-Oct-2025 18:36:05 UTC] PHP Warning:  Trying to access array offset on value of type bool in C:\Users\Constant\Local Sites\cli\app\public\wp-content\themes\edumel\inc\edumel-functions.php on line 209
[07-Oct-2025 18:36:35 UTC] PHP Warning:  Trying to access array offset on value of type bool in C:\Users\Constant\Local Sites\cli\app\public\wp-content\themes\edumel\inc\edumel-functions.php on line 209
[07-Oct-2025 18:37:55 UTC] PHP Warning:  foreach() argument must be of type array|object, bool given in C:\Users\Constant\Local Sites\cli\app\public\wp-content\plugins\edumel-core\inc\elementor\courses.php on line 170
[07-Oct-2025 18:37:55 UTC] PHP Warning:  foreach() argument must be of type array|object, bool given in C:\Users\Constant\Local Sites\cli\app\public\wp-content\plugins\edumel-core\inc\elementor\courses.php on line 170
[07-Oct-2025 18:37:55 UTC] PHP Warning:  foreach() argument must be of type array|object, bool given in C:\Users\Constant\Local Sites\cli\app\public\wp-content\plugins\edumel-core\inc\elementor\popular-course.php on line 266
[07-Oct-2025 18:38:10 UTC] PHP Warning:  Trying to access array offset on value of type bool in C:\Users\Constant\Local Sites\cli\app\public\wp-content\themes\edumel\inc\edumel-functions.php on line 209
[07-Oct-2025 18:41:48 UTC] PHP Warning:  foreach() argument must be of type array|object, bool given in C:\Users\Constant\Local Sites\cli\app\public\wp-content\plugins\edumel-core\inc\elementor\courses.php on line 170
[07-Oct-2025 18:41:48 UTC] PHP Warning:  foreach() argument must be of type array|object, bool given in C:\Users\Constant\Local Sites\cli\app\public\wp-content\plugins\edumel-core\inc\elementor\courses.php on line 170
[07-Oct-2025 18:43:00 UTC] PHP Warning:  foreach() argument must be of type array|object, bool given in C:\Users\Constant\Local Sites\cli\app\public\wp-content\plugins\edumel-core\inc\elementor\popular-course.php on line 266
[07-Oct-2025 18:43:26 UTC] PHP Warning:  foreach() argument must be of type array|object, bool given in C:\Users\Constant\Local Sites\cli\app\public\wp-content\plugins\edumel-core\inc\elementor\courses.php on line 170
[07-Oct-2025 18:43:26 UTC] PHP Warning:  foreach() argument must be of type array|object, bool given in C:\Users\Constant\Local Sites\cli\app\public\wp-content\plugins\edumel-core\inc\elementor\courses.php on line 170
[07-Oct-2025 18:44:08 UTC] PHP Warning:  foreach() argument must be of type array|object, bool given in C:\Users\Constant\Local Sites\cli\app\public\wp-content\plugins\edumel-core\inc\elementor\popular-course.php on line 266
[07-Oct-2025 18:45:04 UTC] PHP Warning:  Undefined array key "pro-free-trial-popup" in C:\Users\Constant\Local Sites\cli\app\public\wp-content\plugins\elementor\modules\pro-free-trial-popup\module.php on line 118
[07-Oct-2025 18:45:04 UTC] PHP Warning:  Trying to access array offset on value of type null in C:\Users\Constant\Local Sites\cli\app\public\wp-content\plugins\elementor\modules\pro-free-trial-popup\module.php on line 118
[07-Oct-2025 18:45:04 UTC] PHP Warning:  Trying to access array offset on value of type null in C:\Users\Constant\Local Sites\cli\app\public\wp-content\plugins\elementor\modules\pro-free-trial-popup\module.php on line 118
[07-Oct-2025 18:45:14 UTC] PHP Warning:  foreach() argument must be of type array|object, bool given in C:\Users\Constant\Local Sites\cli\app\public\wp-content\plugins\edumel-core\inc\elementor\popular-course.php on line 266
[07-Oct-2025 18:45:14 UTC] PHP Warning:  foreach() argument must be of type array|object, bool given in C:\Users\Constant\Local Sites\cli\app\public\wp-content\plugins\edumel-core\inc\elementor\popular-course.php on line 266
[07-Oct-2025 18:49:15 UTC] PHP Warning:  foreach() argument must be of type array|object, bool given in C:\Users\Constant\Local Sites\cli\app\public\wp-content\plugins\edumel-core\inc\elementor\popular-course.php on line 266
[07-Oct-2025 18:49:52 UTC] PHP Warning:  foreach() argument must be of type array|object, bool given in C:\Users\Constant\Local Sites\cli\app\public\wp-content\plugins\edumel-core\inc\elementor\popular-course.php on line 266
[07-Oct-2025 18:49:52 UTC] PHP Warning:  foreach() argument must be of type array|object, bool given in C:\Users\Constant\Local Sites\cli\app\public\wp-content\plugins\edumel-core\inc\elementor\popular-course.php on line 266
[07-Oct-2025 18:50:15 UTC] PHP Warning:  foreach() argument must be of type array|object, bool given in C:\Users\Constant\Local Sites\cli\app\public\wp-content\plugins\edumel-core\inc\elementor\popular-course.php on line 266
[07-Oct-2025 18:50:29 UTC] PHP Warning:  foreach() argument must be of type array|object, bool given in C:\Users\Constant\Local Sites\cli\app\public\wp-content\plugins\edumel-core\inc\elementor\popular-course.php on line 266
[07-Oct-2025 18:51:36 UTC] PHP Warning:  foreach() argument must be of type array|object, bool given in C:\Users\Constant\Local Sites\cli\app\public\wp-content\plugins\edumel-core\inc\elementor\courses.php on line 170
[07-Oct-2025 18:51:36 UTC] PHP Warning:  foreach() argument must be of type array|object, bool given in C:\Users\Constant\Local Sites\cli\app\public\wp-content\plugins\edumel-core\inc\elementor\courses.php on line 170
[07-Oct-2025 18:51:53 UTC] PHP Warning:  foreach() argument must be of type array|object, bool given in C:\Users\Constant\Local Sites\cli\app\public\wp-content\plugins\edumel-core\inc\elementor\popular-course.php on line 266
[07-Oct-2025 19:07:44 UTC] PHP Warning:  foreach() argument must be of type array|object, bool given in C:\Users\Constant\Local Sites\cli\app\public\wp-content\plugins\edumel-core\inc\elementor\popular-course.php on line 266
[07-Oct-2025 20:04:35 UTC] PHP Warning:  Undefined array key "pro-free-trial-popup" in C:\Users\Constant\Local Sites\cli\app\public\wp-content\plugins\elementor\modules\pro-free-trial-popup\module.php on line 118
[07-Oct-2025 20:04:35 UTC] PHP Warning:  Trying to access array offset on value of type null in C:\Users\Constant\Local Sites\cli\app\public\wp-content\plugins\elementor\modules\pro-free-trial-popup\module.php on line 118
[07-Oct-2025 20:04:35 UTC] PHP Warning:  Trying to access array offset on value of type null in C:\Users\Constant\Local Sites\cli\app\public\wp-content\plugins\elementor\modules\pro-free-trial-popup\module.php on line 118
[07-Oct-2025 20:09:44 UTC] PHP Warning:  Undefined array key "pro-free-trial-popup" in C:\Users\Constant\Local Sites\cli\app\public\wp-content\plugins\elementor\modules\pro-free-trial-popup\module.php on line 118
[07-Oct-2025 20:09:44 UTC] PHP Warning:  Trying to access array offset on value of type null in C:\Users\Constant\Local Sites\cli\app\public\wp-content\plugins\elementor\modules\pro-free-trial-popup\module.php on line 118
[07-Oct-2025 20:09:44 UTC] PHP Warning:  Trying to access array offset on value of type null in C:\Users\Constant\Local Sites\cli\app\public\wp-content\plugins\elementor\modules\pro-free-trial-popup\module.php on line 118
[07-Oct-2025 20:20:02 UTC] PHP Warning:  Undefined array key "pro-free-trial-popup" in C:\Users\Constant\Local Sites\cli\app\public\wp-content\plugins\elementor\modules\pro-free-trial-popup\module.php on line 118
[07-Oct-2025 20:20:02 UTC] PHP Warning:  Trying to access array offset on value of type null in C:\Users\Constant\Local Sites\cli\app\public\wp-content\plugins\elementor\modules\pro-free-trial-popup\module.php on line 118
[07-Oct-2025 20:20:02 UTC] PHP Warning:  Trying to access array offset on value of type null in C:\Users\Constant\Local Sites\cli\app\public\wp-content\plugins\elementor\modules\pro-free-trial-popup\module.php on line 118
[07-Oct-2025 21:09:29 UTC] PHP Warning:  Undefined array key "pro-free-trial-popup" in C:\Users\Constant\Local Sites\cli\app\public\wp-content\plugins\elementor\modules\pro-free-trial-popup\module.php on line 118
[07-Oct-2025 21:09:29 UTC] PHP Warning:  Trying to access array offset on value of type null in C:\Users\Constant\Local Sites\cli\app\public\wp-content\plugins\elementor\modules\pro-free-trial-popup\module.php on line 118
[07-Oct-2025 21:09:29 UTC] PHP Warning:  Trying to access array offset on value of type null in C:\Users\Constant\Local Sites\cli\app\public\wp-content\plugins\elementor\modules\pro-free-trial-popup\module.php on line 118
[07-Oct-2025 21:09:57 UTC] PHP Warning:  Undefined array key "pro-free-trial-popup" in C:\Users\Constant\Local Sites\cli\app\public\wp-content\plugins\elementor\modules\pro-free-trial-popup\module.php on line 118
[07-Oct-2025 21:09:57 UTC] PHP Warning:  Trying to access array offset on value of type null in C:\Users\Constant\Local Sites\cli\app\public\wp-content\plugins\elementor\modules\pro-free-trial-popup\module.php on line 118
[07-Oct-2025 21:09:57 UTC] PHP Warning:  Trying to access array offset on value of type null in C:\Users\Constant\Local Sites\cli\app\public\wp-content\plugins\elementor\modules\pro-free-trial-popup\module.php on line 118
[07-Oct-2025 21:14:56 UTC] PHP Warning:  Undefined array key "pro-free-trial-popup" in C:\Users\Constant\Local Sites\cli\app\public\wp-content\plugins\elementor\modules\pro-free-trial-popup\module.php on line 118
[07-Oct-2025 21:14:56 UTC] PHP Warning:  Trying to access array offset on value of type null in C:\Users\Constant\Local Sites\cli\app\public\wp-content\plugins\elementor\modules\pro-free-trial-popup\module.php on line 118
[07-Oct-2025 21:14:56 UTC] PHP Warning:  Trying to access array offset on value of type null in C:\Users\Constant\Local Sites\cli\app\public\wp-content\plugins\elementor\modules\pro-free-trial-popup\module.php on line 118
[07-Oct-2025 21:22:42 UTC] PHP Warning:  Array to string conversion in C:\Users\Constant\Local Sites\cli\app\public\wp-includes\functions.php on line 3915
[07-Oct-2025 21:22:42 UTC] PHP Warning:  Array to string conversion in C:\Users\Constant\Local Sites\cli\app\public\wp-includes\functions.php on line 3915
[07-Oct-2025 21:22:42 UTC] PHP Warning:  Array to string conversion in C:\Users\Constant\Local Sites\cli\app\public\wp-includes\functions.php on line 3915
[07-Oct-2025 21:22:46 UTC] PHP Warning:  Array to string conversion in C:\Users\Constant\Local Sites\cli\app\public\wp-includes\functions.php on line 3915
[07-Oct-2025 21:22:46 UTC] PHP Warning:  Array to string conversion in C:\Users\Constant\Local Sites\cli\app\public\wp-includes\functions.php on line 3915
[07-Oct-2025 21:22:51 UTC] PHP Warning:  Array to string conversion in C:\Users\Constant\Local Sites\cli\app\public\wp-includes\functions.php on line 3915
[07-Oct-2025 21:22:51 UTC] PHP Warning:  Array to string conversion in C:\Users\Constant\Local Sites\cli\app\public\wp-includes\functions.php on line 3915
[07-Oct-2025 21:22:51 UTC] PHP Warning:  Array to string conversion in C:\Users\Constant\Local Sites\cli\app\public\wp-includes\functions.php on line 3915
[07-Oct-2025 21:24:27 UTC] PHP Warning:  Undefined array key "pro-free-trial-popup" in C:\Users\Constant\Local Sites\cli\app\public\wp-content\plugins\elementor\modules\pro-free-trial-popup\module.php on line 118
[07-Oct-2025 21:24:27 UTC] PHP Warning:  Trying to access array offset on value of type null in C:\Users\Constant\Local Sites\cli\app\public\wp-content\plugins\elementor\modules\pro-free-trial-popup\module.php on line 118
[07-Oct-2025 21:24:27 UTC] PHP Warning:  Trying to access array offset on value of type null in C:\Users\Constant\Local Sites\cli\app\public\wp-content\plugins\elementor\modules\pro-free-trial-popup\module.php on line 118
[07-Oct-2025 21:25:30 UTC] PHP Warning:  Undefined array key "pro-free-trial-popup" in C:\Users\Constant\Local Sites\cli\app\public\wp-content\plugins\elementor\modules\pro-free-trial-popup\module.php on line 118
[07-Oct-2025 21:25:30 UTC] PHP Warning:  Trying to access array offset on value of type null in C:\Users\Constant\Local Sites\cli\app\public\wp-content\plugins\elementor\modules\pro-free-trial-popup\module.php on line 118
[07-Oct-2025 21:25:30 UTC] PHP Warning:  Trying to access array offset on value of type null in C:\Users\Constant\Local Sites\cli\app\public\wp-content\plugins\elementor\modules\pro-free-trial-popup\module.php on line 118
